User_ID,Install_Date,Campaign_ID,Device,Country,Age_Group,App_Version
U00001,2024-06-12,C001,Android,UK,18-24,v2.2
U00002,2024-05-19,C001,iOS,UK,18-24,v2.3
U00003,2024-01-07,C003,Android,Australia,25-34,v2.3
U00004,2024-03-12,C005,iOS,Germany,35-44,v2.3
U00005,2024-02-09,C001,Android,UK,25-34,v2.3
U00006,2024-03-29,C004,Android,Australia,25-34,v2.4
U00007,2024-04-06,C001,iOS,Canada,45-54,v2.3
U00008,2024-02-19,C004,iOS,UK,25-34,v2.1
U00009,2024-02-29,C005,iOS,USA,45-54,v2.2
U00010,2024-03-31,C001,iOS,India,35-44,v2.3
U00011,2024-02-13,C003,iOS,USA,25-34,v2.4
U00012,2024-06-25,C003,Android,France,35-44,v2.2
U00013,2024-01-09,C005,iOS,UK,45-54,v2.3
U00014,2024-03-21,C001,iOS,India,35-44,v2.2
U00015,2024-02-05,C001,iOS,USA,35-44,v2.4
U00016,2024-04-12,C002,Android,UK,25-34,v2.4
U00017,2024-01-29,C001,iOS,Australia,35-44,v2.3
U00018,2024-06-01,C006,iOS,Singapore,45-54,v2.1
U00019,2024-01-30,C004,iOS,USA,35-44,v2.2
U00020,2024-04-21,C001,iOS,Australia,35-44,v2.4
U00021,2024-02-15,C003,iOS,Canada,45-54,v2.3
U00022,2024-02-20,C001,Android,USA,35-44,v2.3
U00023,2024-01-01,C004,iOS,UK,25-34,v2.4
U00024,2024-03-19,C001,iOS,Canada,18-24,v2.4
U00025,2024-01-18,C006,iOS,UK,35-44,v2.4
U00026,2024-02-12,C002,Android,USA,18-24,v2.3
U00027,2024-06-25,C001,iOS,Singapore,35-44,v2.3
U00028,2024-05-12,C002,iOS,UK,18-24,v2.3
U00029,2024-05-30,C001,iOS,Canada,18-24,v2.4
U00030,2024-03-25,C001,iOS,Australia,18-24,v2.2
U00031,2024-05-26,C003,iOS,USA,25-34,v2.1
U00032,2024-06-17,C002,iOS,USA,35-44,v2.4
U00033,2024-06-14,C001,iOS,USA,45-54,v2.2
U00034,2024-02-18,C003,iOS,UK,25-34,v2.4
U00035,2024-01-20,C002,Android,Canada,18-24,v2.4
U00036,2024-01-04,C006,Android,France,18-24,v2.3
U00037,2024-02-24,C005,Android,UK,18-24,v2.3
U00038,2024-04-26,C002,Android,Germany,35-44,v2.4
U00039,2024-05-04,C001,iOS,Singapore,35-44,v2.3
U00040,2024-03-21,C001,Android,USA,45-54,v2.2
U00041,2024-05-10,C001,iOS,Canada,35-44,v2.2
U00042,2024-01-31,C006,iOS,Canada,18-24,v2.1
U00043,2024-06-17,C003,iOS,India,18-24,v2.4
U00044,2024-03-02,C002,iOS,Canada,25-34,v2.4
U00045,2024-01-19,C001,Android,Canada,18-24,v2.3
U00046,2024-05-09,C002,Android,India,45-54,v2.3
U00047,2024-02-10,C002,iOS,USA,55+,v2.4
U00048,2024-05-15,C001,Android,USA,35-44,v2.4
U00049,2024-02-04,C002,Android,Germany,18-24,v2.2
U00050,2024-02-23,C004,iOS,Canada,25-34,v2.3
U00051,2024-01-14,C001,iOS,USA,18-24,v2.4
U00052,2024-06-12,C006,iOS,USA,35-44,v2.3
U00053,2024-01-29,C001,Android,India,25-34,v2.4
U00054,2024-05-29,C003,iOS,UK,25-34,v2.4
U00055,2024-01-11,C006,iOS,UK,18-24,v2.4
U00056,2024-04-14,C006,Android,India,18-24,v2.2
U00057,2024-02-15,C006,iOS,Germany,25-34,v2.4
U00058,2024-06-20,C005,Android,USA,35-44,v2.2
U00059,2024-01-10,C005,iOS,France,25-34,v2.3
U00060,2024-02-28,C001,Android,USA,25-34,v2.1
U00061,2024-03-12,C002,iOS,Australia,45-54,v2.3
U00062,2024-01-08,C001,Android,UK,55+,v2.2
U00063,2024-01-28,C004,iOS,Germany,25-34,v2.4
U00064,2024-01-30,C002,iOS,USA,35-44,v2.1
U00065,2024-05-17,C004,Android,Germany,18-24,v2.3
U00066,2024-06-19,C006,Android,Australia,18-24,v2.4
U00067,2024-05-09,C002,iOS,USA,25-34,v2.2
U00068,2024-04-17,C004,iOS,Germany,18-24,v2.3
U00069,2024-04-13,C003,iOS,USA,25-34,v2.3
U00070,2024-06-16,C002,iOS,Australia,25-34,v2.4
U00071,2024-02-13,C004,iOS,Australia,35-44,v2.1
U00072,2024-03-01,C004,iOS,UK,18-24,v2.2
U00073,2024-05-01,C004,Android,USA,45-54,v2.3
U00074,2024-06-27,C002,iOS,UK,35-44,v2.4
U00075,2024-01-28,C005,iOS,Germany,35-44,v2.3
U00076,2024-05-22,C001,Android,USA,45-54,v2.4
U00077,2024-05-23,C004,Android,India,35-44,v2.4
U00078,2024-05-09,C002,Android,USA,18-24,v2.4
U00079,2024-04-25,C002,iOS,Canada,35-44,v2.3
U00080,2024-06-09,C001,iOS,Australia,18-24,v2.3
U00081,2024-05-18,C001,iOS,USA,18-24,v2.2
U00082,2024-04-16,C002,iOS,USA,18-24,v2.3
U00083,2024-05-29,C006,iOS,India,35-44,v2.3
U00084,2024-03-31,C002,iOS,India,45-54,v2.3
U00085,2024-05-19,C005,Android,USA,25-34,v2.3
U00086,2024-04-09,C002,Android,USA,18-24,v2.3
U00087,2024-02-02,C006,iOS,India,35-44,v2.4
U00088,2024-01-22,C004,iOS,USA,18-24,v2.3
U00089,2024-02-24,C002,iOS,France,25-34,v2.4
U00090,2024-04-17,C002,iOS,UK,25-34,v2.4
U00091,2024-03-30,C001,iOS,Singapore,18-24,v2.1
U00092,2024-03-04,C001,iOS,UK,18-24,v2.4
U00093,2024-05-24,C006,iOS,USA,25-34,v2.3
U00094,2024-01-30,C005,iOS,USA,35-44,v2.4
U00095,2024-05-27,C004,Android,USA,35-44,v2.1
U00096,2024-06-25,C005,iOS,Australia,25-34,v2.4
U00097,2024-01-31,C005,iOS,UK,25-34,v2.4
U00098,2024-01-18,C003,iOS,France,45-54,v2.2
U00099,2024-04-02,C004,Android,Australia,25-34,v2.4
U00100,2024-06-15,C002,Android,USA,25-34,v2.3
U00101,2024-05-31,C002,Android,France,18-24,v2.4
U00102,2024-03-03,C004,iOS,Australia,25-34,v2.3
U00103,2024-03-24,C001,iOS,Germany,25-34,v2.4
U00104,2024-06-28,C006,iOS,USA,18-24,v2.2
U00105,2024-04-14,C003,Android,Australia,35-44,v2.3
U00106,2024-01-05,C001,iOS,Australia,25-34,v2.3
U00107,2024-05-01,C003,iOS,Singapore,25-34,v2.3
U00108,2024-04-26,C002,iOS,UK,18-24,v2.2
U00109,2024-05-17,C006,Android,UK,35-44,v2.2
U00110,2024-05-30,C006,iOS,USA,18-24,v2.2
U00111,2024-02-28,C002,iOS,Australia,18-24,v2.1
U00112,2024-01-14,C003,Android,UK,45-54,v2.3
U00113,2024-01-04,C003,iOS,USA,18-24,v2.1
U00114,2024-05-02,C001,iOS,USA,35-44,v2.4
U00115,2024-02-08,C001,iOS,USA,55+,v2.2
U00116,2024-04-16,C004,Android,UK,25-34,v2.3
U00117,2024-04-23,C002,Android,USA,25-34,v2.1
U00118,2024-01-26,C006,iOS,UK,35-44,v2.2
U00119,2024-02-14,C003,iOS,USA,35-44,v2.3
U00120,2024-01-09,C001,Android,Australia,25-34,v2.4
U00121,2024-03-08,C005,Android,Australia,55+,v2.3
U00122,2024-05-19,C001,iOS,USA,18-24,v2.1
U00123,2024-03-19,C004,Android,India,25-34,v2.3
U00124,2024-03-18,C004,Android,USA,25-34,v2.1
U00125,2024-01-11,C006,Android,Canada,18-24,v2.2
U00126,2024-06-21,C005,iOS,Singapore,55+,v2.4
U00127,2024-03-09,C003,Android,UK,25-34,v2.3
U00128,2024-03-12,C001,Android,Canada,25-34,v2.1
U00129,2024-03-30,C002,iOS,UK,18-24,v2.3
U00130,2024-05-06,C002,Android,France,25-34,v2.3
U00131,2024-03-21,C002,iOS,Germany,45-54,v2.4
U00132,2024-01-01,C004,iOS,USA,18-24,v2.3
U00133,2024-05-07,C004,Android,UK,25-34,v2.4
U00134,2024-04-22,C006,iOS,UK,35-44,v2.4
U00135,2024-06-30,C001,iOS,Canada,18-24,v2.4
U00136,2024-01-30,C002,iOS,France,25-34,v2.4
U00137,2024-05-10,C004,iOS,USA,25-34,v2.3
U00138,2024-02-07,C002,Android,USA,45-54,v2.4
U00139,2024-03-11,C005,Android,USA,35-44,v2.2
U00140,2024-01-01,C002,iOS,Canada,55+,v2.3
U00141,2024-02-08,C002,iOS,USA,35-44,v2.3
U00142,2024-03-23,C005,Android,UK,25-34,v2.4
U00143,2024-04-15,C001,Android,Australia,45-54,v2.3
U00144,2024-06-18,C005,Android,UK,55+,v2.2
U00145,2024-05-31,C002,iOS,France,18-24,v2.4
U00146,2024-01-04,C004,iOS,Australia,18-24,v2.3
U00147,2024-03-08,C002,Android,Canada,45-54,v2.4
U00148,2024-05-16,C002,iOS,Australia,35-44,v2.4
U00149,2024-01-10,C004,iOS,Australia,25-34,v2.2
U00150,2024-01-24,C002,iOS,Canada,45-54,v2.3
U00151,2024-06-26,C002,iOS,USA,18-24,v2.3
U00152,2024-04-20,C001,iOS,Canada,45-54,v2.2
U00153,2024-01-21,C004,iOS,Australia,25-34,v2.3
U00154,2024-02-29,C002,iOS,USA,18-24,v2.4
U00155,2024-03-14,C004,iOS,USA,25-34,v2.3
U00156,2024-06-12,C006,Android,USA,25-34,v2.4
U00157,2024-05-03,C001,iOS,USA,25-34,v2.4
U00158,2024-01-06,C006,Android,USA,25-34,v2.4
U00159,2024-01-13,C006,Android,France,45-54,v2.4
U00160,2024-02-28,C004,iOS,Canada,35-44,v2.4
U00161,2024-06-17,C004,iOS,UK,35-44,v2.1
U00162,2024-04-22,C001,iOS,UK,45-54,v2.3
U00163,2024-04-16,C001,iOS,USA,55+,v2.3
U00164,2024-03-10,C005,iOS,France,25-34,v2.4
U00165,2024-03-27,C005,iOS,UK,35-44,v2.2
U00166,2024-06-22,C004,Android,Singapore,45-54,v2.3
U00167,2024-04-11,C001,iOS,USA,35-44,v2.4
U00168,2024-05-29,C002,Android,USA,35-44,v2.3
U00169,2024-06-07,C006,iOS,India,18-24,v2.1
U00170,2024-04-28,C006,iOS,USA,18-24,v2.4
U00171,2024-03-18,C006,iOS,UK,25-34,v2.3
U00172,2024-04-04,C004,Android,India,25-34,v2.4
U00173,2024-02-09,C006,Android,France,35-44,v2.4
U00174,2024-03-12,C001,iOS,USA,55+,v2.4
U00175,2024-01-26,C006,iOS,India,35-44,v2.1
U00176,2024-03-11,C001,iOS,France,25-34,v2.4
U00177,2024-06-13,C004,Android,UK,25-34,v2.4
U00178,2024-05-24,C001,Android,Canada,35-44,v2.4
U00179,2024-02-29,C002,iOS,India,18-24,v2.4
U00180,2024-02-07,C006,iOS,Germany,18-24,v2.4
U00181,2024-02-03,C001,Android,UK,25-34,v2.2
U00182,2024-01-14,C001,iOS,UK,18-24,v2.3
U00183,2024-04-02,C003,iOS,USA,55+,v2.1
U00184,2024-06-17,C003,iOS,Singapore,18-24,v2.3
U00185,2024-04-12,C002,iOS,Australia,25-34,v2.4
U00186,2024-03-23,C004,iOS,USA,35-44,v2.3
U00187,2024-03-24,C002,Android,USA,25-34,v2.3
U00188,2024-06-28,C001,Android,France,25-34,v2.4
U00189,2024-04-20,C002,iOS,USA,25-34,v2.3
U00190,2024-01-25,C002,iOS,USA,55+,v2.4
U00191,2024-05-01,C001,Android,UK,18-24,v2.4
U00192,2024-02-03,C003,Android,Canada,25-34,v2.2
U00193,2024-03-31,C006,Android,USA,45-54,v2.1
U00194,2024-03-14,C004,iOS,Canada,18-24,v2.4
U00195,2024-02-27,C005,iOS,Canada,18-24,v2.2
U00196,2024-02-27,C005,Android,Singapore,45-54,v2.3
U00197,2024-06-13,C003,Android,Australia,35-44,v2.1
U00198,2024-03-10,C004,iOS,USA,18-24,v2.4
U00199,2024-05-24,C004,iOS,Germany,55+,v2.1
U00200,2024-05-15,C001,iOS,USA,25-34,v2.4
U00201,2024-05-25,C004,Android,UK,35-44,v2.1
U00202,2024-01-21,C002,Android,USA,25-34,v2.2
U00203,2024-05-11,C001,iOS,USA,35-44,v2.3
U00204,2024-06-19,C002,iOS,Singapore,18-24,v2.2
U00205,2024-02-24,C004,Android,USA,18-24,v2.3
U00206,2024-04-20,C001,iOS,Australia,25-34,v2.4
U00207,2024-03-31,C001,Android,UK,18-24,v2.4
U00208,2024-03-21,C003,iOS,Australia,25-34,v2.2
U00209,2024-01-06,C006,iOS,India,25-34,v2.4
U00210,2024-04-02,C001,Android,UK,35-44,v2.3
U00211,2024-04-11,C006,Android,UK,35-44,v2.1
U00212,2024-06-11,C001,iOS,India,25-34,v2.4
U00213,2024-06-14,C005,iOS,UK,18-24,v2.3
U00214,2024-06-16,C001,Android,Canada,25-34,v2.3
U00215,2024-05-28,C002,Android,Canada,35-44,v2.3
U00216,2024-06-09,C002,iOS,USA,35-44,v2.4
U00217,2024-05-31,C001,iOS,USA,25-34,v2.1
U00218,2024-03-14,C001,Android,France,35-44,v2.3
U00219,2024-04-28,C003,Android,Germany,18-24,v2.4
U00220,2024-05-26,C004,iOS,USA,18-24,v2.1
U00221,2024-01-27,C005,Android,Singapore,18-24,v2.3
U00222,2024-01-11,C001,iOS,USA,25-34,v2.2
U00223,2024-04-05,C006,iOS,Germany,35-44,v2.1
U00224,2024-06-10,C004,iOS,UK,35-44,v2.2
U00225,2024-06-17,C006,Android,UK,18-24,v2.4
U00226,2024-03-30,C002,Android,Australia,18-24,v2.4
U00227,2024-01-22,C002,iOS,Germany,45-54,v2.4
U00228,2024-06-24,C006,iOS,Australia,25-34,v2.1
U00229,2024-03-20,C001,iOS,India,25-34,v2.2
U00230,2024-02-05,C001,iOS,Germany,25-34,v2.3
U00231,2024-05-14,C001,iOS,Germany,18-24,v2.3
U00232,2024-02-11,C001,Android,Canada,45-54,v2.4
U00233,2024-01-12,C002,Android,UK,25-34,v2.2
U00234,2024-04-24,C001,iOS,Singapore,35-44,v2.4
U00235,2024-02-19,C002,Android,Singapore,25-34,v2.2
U00236,2024-04-07,C003,iOS,UK,18-24,v2.3
U00237,2024-03-05,C001,iOS,USA,55+,v2.4
U00238,2024-05-12,C005,iOS,Germany,25-34,v2.4
U00239,2024-02-07,C005,iOS,India,45-54,v2.4
U00240,2024-01-07,C002,iOS,USA,25-34,v2.1
U00241,2024-02-27,C001,Android,France,35-44,v2.4
U00242,2024-02-05,C001,Android,USA,45-54,v2.4
U00243,2024-04-30,C002,iOS,UK,25-34,v2.4
U00244,2024-05-20,C006,Android,USA,35-44,v2.2
U00245,2024-02-01,C001,iOS,Germany,25-34,v2.2
U00246,2024-05-07,C004,iOS,USA,18-24,v2.2
U00247,2024-04-19,C001,iOS,Canada,18-24,v2.4
U00248,2024-05-14,C006,iOS,USA,25-34,v2.4
U00249,2024-05-21,C001,Android,UK,25-34,v2.3
U00250,2024-01-05,C002,iOS,UK,35-44,v2.2
U00251,2024-05-28,C004,iOS,UK,25-34,v2.4
U00252,2024-02-14,C005,Android,Singapore,25-34,v2.2
U00253,2024-02-04,C001,Android,USA,25-34,v2.1
U00254,2024-02-21,C006,iOS,USA,25-34,v2.4
U00255,2024-05-01,C002,Android,UK,25-34,v2.4
U00256,2024-06-16,C002,iOS,USA,45-54,v2.4
U00257,2024-04-08,C002,iOS,Australia,25-34,v2.4
U00258,2024-03-09,C005,Android,UK,35-44,v2.4
U00259,2024-05-19,C002,iOS,USA,25-34,v2.3
U00260,2024-04-19,C001,iOS,USA,35-44,v2.4
U00261,2024-06-06,C006,iOS,Singapore,55+,v2.1
U00262,2024-06-12,C002,iOS,Germany,18-24,v2.1
U00263,2024-06-04,C004,iOS,UK,18-24,v2.3
U00264,2024-04-02,C002,iOS,Canada,35-44,v2.4
U00265,2024-04-05,C002,iOS,UK,25-34,v2.3
U00266,2024-03-12,C001,iOS,Germany,25-34,v2.3
U00267,2024-05-23,C001,Android,Australia,18-24,v2.3
U00268,2024-06-26,C006,iOS,UK,45-54,v2.3
U00269,2024-04-23,C006,Android,Singapore,55+,v2.4
U00270,2024-06-30,C001,iOS,India,45-54,v2.4
U00271,2024-06-28,C004,Android,USA,18-24,v2.2
U00272,2024-02-05,C001,iOS,USA,35-44,v2.3
U00273,2024-05-21,C001,Android,UK,25-34,v2.4
U00274,2024-05-02,C003,Android,France,18-24,v2.4
U00275,2024-06-13,C001,iOS,USA,18-24,v2.4
U00276,2024-05-21,C004,iOS,Singapore,25-34,v2.4
U00277,2024-01-15,C005,iOS,USA,18-24,v2.4
U00278,2024-02-27,C002,Android,India,45-54,v2.2
U00279,2024-06-11,C006,iOS,Canada,35-44,v2.1
U00280,2024-06-13,C001,Android,UK,35-44,v2.4
U00281,2024-06-03,C002,Android,UK,45-54,v2.1
U00282,2024-06-13,C005,iOS,UK,35-44,v2.3
U00283,2024-01-08,C003,Android,USA,55+,v2.3
U00284,2024-06-24,C002,iOS,Australia,18-24,v2.3
U00285,2024-04-28,C001,Android,USA,35-44,v2.4
U00286,2024-03-29,C006,iOS,USA,25-34,v2.3
U00287,2024-04-29,C001,iOS,UK,18-24,v2.4
U00288,2024-06-06,C002,Android,India,45-54,v2.4
U00289,2024-03-21,C001,iOS,Singapore,25-34,v2.4
U00290,2024-05-07,C001,Android,USA,55+,v2.2
U00291,2024-03-31,C001,iOS,Canada,45-54,v2.4
U00292,2024-03-14,C003,Android,USA,45-54,v2.4
U00293,2024-04-13,C002,iOS,Canada,18-24,v2.3
U00294,2024-01-19,C002,iOS,USA,45-54,v2.3
U00295,2024-06-05,C001,Android,USA,45-54,v2.3
U00296,2024-04-03,C004,iOS,USA,25-34,v2.1
U00297,2024-02-05,C004,Android,USA,18-24,v2.4
U00298,2024-02-05,C002,Android,UK,55+,v2.4
U00299,2024-03-17,C004,iOS,USA,25-34,v2.3
U00300,2024-05-01,C005,iOS,Australia,55+,v2.3
U00301,2024-06-25,C004,Android,USA,35-44,v2.4
U00302,2024-05-28,C003,Android,Canada,18-24,v2.3
U00303,2024-06-07,C005,iOS,France,18-24,v2.3
U00304,2024-06-28,C001,iOS,USA,18-24,v2.4
U00305,2024-04-15,C003,Android,USA,45-54,v2.4
U00306,2024-06-29,C001,iOS,USA,35-44,v2.3
U00307,2024-03-21,C006,iOS,USA,25-34,v2.4
U00308,2024-06-23,C004,Android,Canada,18-24,v2.2
U00309,2024-05-22,C002,Android,Singapore,35-44,v2.4
U00310,2024-06-25,C004,iOS,USA,55+,v2.4
U00311,2024-03-11,C002,iOS,USA,45-54,v2.3
U00312,2024-03-29,C006,Android,USA,25-34,v2.4
U00313,2024-03-29,C006,Android,Germany,18-24,v2.4
U00314,2024-03-10,C006,Android,UK,35-44,v2.3
U00315,2024-03-03,C001,Android,UK,18-24,v2.2
U00316,2024-03-25,C004,iOS,Germany,18-24,v2.3
U00317,2024-02-10,C002,Android,France,25-34,v2.2
U00318,2024-03-14,C002,Android,India,18-24,v2.3
U00319,2024-05-16,C004,Android,UK,55+,v2.3
U00320,2024-02-15,C006,iOS,France,35-44,v2.2
U00321,2024-03-15,C006,iOS,Canada,18-24,v2.4
U00322,2024-03-13,C002,Android,USA,45-54,v2.2
U00323,2024-05-09,C002,iOS,UK,18-24,v2.3
U00324,2024-03-06,C004,iOS,USA,25-34,v2.4
U00325,2024-02-19,C001,Android,India,45-54,v2.3
U00326,2024-01-23,C002,iOS,Singapore,25-34,v2.4
U00327,2024-01-02,C002,iOS,Germany,55+,v2.3
U00328,2024-05-26,C001,Android,Australia,18-24,v2.2
U00329,2024-03-19,C001,Android,India,45-54,v2.4
U00330,2024-06-25,C001,Android,USA,35-44,v2.2
U00331,2024-02-04,C003,iOS,Singapore,25-34,v2.4
U00332,2024-04-30,C004,Android,France,35-44,v2.4
U00333,2024-06-01,C006,iOS,USA,35-44,v2.1
U00334,2024-05-24,C001,Android,India,18-24,v2.3
U00335,2024-02-12,C002,iOS,UK,18-24,v2.3
U00336,2024-01-24,C006,iOS,UK,18-24,v2.3
U00337,2024-05-24,C001,iOS,Germany,35-44,v2.3
U00338,2024-01-01,C004,iOS,UK,25-34,v2.1
U00339,2024-01-16,C006,iOS,India,18-24,v2.3
U00340,2024-02-04,C004,Android,Canada,25-34,v2.4
U00341,2024-04-07,C002,Android,USA,18-24,v2.4
U00342,2024-05-18,C001,Android,UK,55+,v2.3
U00343,2024-02-02,C004,iOS,UK,18-24,v2.2
U00344,2024-06-21,C004,iOS,USA,18-24,v2.3
U00345,2024-02-09,C002,Android,Australia,18-24,v2.4
U00346,2024-04-17,C004,Android,India,18-24,v2.1
U00347,2024-06-01,C001,Android,Australia,18-24,v2.4
U00348,2024-04-12,C002,iOS,Germany,35-44,v2.2
U00349,2024-03-15,C001,Android,Canada,35-44,v2.4
U00350,2024-03-23,C001,Android,Singapore,25-34,v2.3
U00351,2024-03-11,C001,Android,France,45-54,v2.3
U00352,2024-04-19,C003,iOS,USA,35-44,v2.3
U00353,2024-05-14,C002,iOS,UK,25-34,v2.4
U00354,2024-05-01,C001,iOS,France,18-24,v2.3
U00355,2024-01-15,C003,Android,Canada,18-24,v2.2
U00356,2024-02-22,C002,iOS,USA,25-34,v2.3
U00357,2024-02-18,C001,iOS,Canada,18-24,v2.1
U00358,2024-05-30,C004,iOS,USA,45-54,v2.3
U00359,2024-01-04,C001,iOS,Germany,35-44,v2.4
U00360,2024-03-03,C004,Android,USA,18-24,v2.3
U00361,2024-03-13,C002,iOS,USA,25-34,v2.3
U00362,2024-05-07,C002,Android,Australia,35-44,v2.3
U00363,2024-02-22,C002,iOS,Canada,18-24,v2.2
U00364,2024-03-07,C003,Android,Australia,25-34,v2.2
U00365,2024-02-28,C002,Android,USA,35-44,v2.4
U00366,2024-03-06,C004,iOS,Australia,35-44,v2.3
U00367,2024-03-31,C001,Android,USA,45-54,v2.3
U00368,2024-06-13,C006,iOS,France,18-24,v2.4
U00369,2024-01-13,C004,iOS,France,18-24,v2.4
U00370,2024-01-03,C001,iOS,UK,35-44,v2.4
U00371,2024-05-03,C004,iOS,USA,25-34,v2.1
U00372,2024-03-11,C003,iOS,USA,35-44,v2.3
U00373,2024-02-15,C001,iOS,UK,18-24,v2.3
U00374,2024-03-31,C002,iOS,USA,25-34,v2.3
U00375,2024-06-27,C001,Android,France,35-44,v2.4
U00376,2024-01-09,C001,iOS,Canada,18-24,v2.1
U00377,2024-02-13,C001,Android,Canada,25-34,v2.4
U00378,2024-01-25,C006,Android,UK,45-54,v2.4
U00379,2024-05-25,C003,iOS,UK,55+,v2.4
U00380,2024-05-24,C004,iOS,France,18-24,v2.2
U00381,2024-02-06,C004,Android,USA,18-24,v2.2
U00382,2024-03-02,C003,Android,Australia,25-34,v2.3
U00383,2024-02-05,C005,Android,UK,35-44,v2.3
U00384,2024-01-26,C002,Android,USA,35-44,v2.4
U00385,2024-04-11,C006,iOS,Canada,35-44,v2.3
U00386,2024-02-28,C002,Android,USA,35-44,v2.4
U00387,2024-01-22,C005,iOS,UK,18-24,v2.2
U00388,2024-04-07,C004,Android,Germany,25-34,v2.2
U00389,2024-01-02,C006,iOS,Germany,18-24,v2.1
U00390,2024-04-20,C002,iOS,USA,18-24,v2.3
U00391,2024-01-24,C004,Android,France,18-24,v2.3
U00392,2024-01-22,C004,iOS,Singapore,18-24,v2.3
U00393,2024-06-24,C002,iOS,USA,25-34,v2.1
U00394,2024-04-21,C002,iOS,Germany,25-34,v2.4
U00395,2024-06-09,C003,Android,USA,18-24,v2.1
U00396,2024-04-11,C002,Android,Germany,25-34,v2.3
U00397,2024-06-15,C006,iOS,USA,55+,v2.2
U00398,2024-03-21,C001,iOS,USA,35-44,v2.3
U00399,2024-05-27,C005,iOS,USA,35-44,v2.3
U00400,2024-05-24,C001,Android,UK,35-44,v2.1
U00401,2024-04-28,C006,iOS,Germany,45-54,v2.1
U00402,2024-04-14,C004,iOS,USA,25-34,v2.2
U00403,2024-04-18,C005,iOS,Singapore,25-34,v2.3
U00404,2024-05-09,C006,Android,USA,18-24,v2.4
U00405,2024-06-28,C006,iOS,Canada,18-24,v2.4
U00406,2024-06-17,C004,iOS,Canada,25-34,v2.3
U00407,2024-06-14,C002,Android,Singapore,25-34,v2.1
U00408,2024-03-07,C001,Android,Canada,35-44,v2.2
U00409,2024-04-05,C002,Android,Canada,25-34,v2.3
U00410,2024-01-07,C003,iOS,India,18-24,v2.4
U00411,2024-02-06,C002,iOS,Germany,25-34,v2.3
U00412,2024-01-25,C002,Android,USA,25-34,v2.4
U00413,2024-01-30,C001,iOS,UK,45-54,v2.4
U00414,2024-03-03,C003,iOS,USA,25-34,v2.3
U00415,2024-04-13,C004,iOS,Australia,25-34,v2.4
U00416,2024-02-20,C002,iOS,UK,18-24,v2.2
U00417,2024-06-29,C005,iOS,UK,45-54,v2.2
U00418,2024-03-24,C001,iOS,Australia,25-34,v2.4
U00419,2024-03-21,C004,Android,Canada,25-34,v2.4
U00420,2024-06-07,C001,Android,Germany,45-54,v2.3
U00421,2024-06-21,C001,iOS,USA,18-24,v2.4
U00422,2024-05-10,C002,Android,Canada,25-34,v2.3
U00423,2024-05-17,C004,Android,Singapore,25-34,v2.3
U00424,2024-02-05,C001,Android,Canada,45-54,v2.4
U00425,2024-05-04,C001,Android,Singapore,25-34,v2.3
U00426,2024-06-24,C003,Android,USA,18-24,v2.3
U00427,2024-02-26,C002,iOS,USA,18-24,v2.3
U00428,2024-05-06,C003,iOS,UK,35-44,v2.4
U00429,2024-04-03,C003,Android,Germany,25-34,v2.2
U00430,2024-04-18,C001,Android,Germany,25-34,v2.4
U00431,2024-04-25,C002,Android,UK,45-54,v2.2
U00432,2024-03-01,C001,Android,Australia,45-54,v2.3
U00433,2024-04-19,C001,iOS,UK,18-24,v2.1
U00434,2024-03-30,C003,Android,UK,55+,v2.2
U00435,2024-05-26,C002,Android,Singapore,35-44,v2.1
U00436,2024-04-15,C006,Android,France,18-24,v2.4
U00437,2024-03-04,C001,iOS,UK,45-54,v2.3
U00438,2024-02-06,C003,iOS,USA,25-34,v2.3
U00439,2024-01-24,C002,Android,Australia,45-54,v2.3
U00440,2024-05-04,C002,iOS,Germany,35-44,v2.4
U00441,2024-04-27,C004,Android,France,45-54,v2.3
U00442,2024-04-19,C005,iOS,USA,25-34,v2.3
U00443,2024-02-03,C003,iOS,USA,35-44,v2.1
U00444,2024-01-26,C004,Android,UK,55+,v2.2
U00445,2024-04-26,C001,Android,UK,35-44,v2.2
U00446,2024-06-15,C002,Android,France,18-24,v2.3
U00447,2024-01-22,C002,Android,UK,25-34,v2.3
U00448,2024-06-28,C004,iOS,UK,18-24,v2.2
U00449,2024-01-20,C001,iOS,Australia,18-24,v2.4
U00450,2024-01-31,C006,iOS,UK,18-24,v2.3
U00451,2024-01-27,C001,iOS,USA,25-34,v2.4
U00452,2024-02-04,C004,Android,UK,25-34,v2.3
U00453,2024-02-12,C002,Android,Canada,18-24,v2.3
U00454,2024-06-24,C002,iOS,India,18-24,v2.2
U00455,2024-04-08,C002,iOS,Germany,18-24,v2.3
U00456,2024-03-04,C003,Android,Canada,35-44,v2.4
U00457,2024-06-17,C006,iOS,Canada,18-24,v2.3
U00458,2024-06-14,C001,Android,Singapore,25-34,v2.2
U00459,2024-05-07,C004,iOS,India,18-24,v2.3
U00460,2024-03-22,C001,Android,Canada,25-34,v2.4
U00461,2024-04-30,C006,Android,UK,18-24,v2.2
U00462,2024-01-11,C006,Android,USA,25-34,v2.4
U00463,2024-04-16,C002,iOS,Canada,25-34,v2.2
U00464,2024-01-22,C002,iOS,UK,45-54,v2.3
U00465,2024-04-10,C003,Android,Canada,35-44,v2.3
U00466,2024-04-21,C004,Android,UK,18-24,v2.3
U00467,2024-04-26,C004,iOS,Australia,35-44,v2.2
U00468,2024-01-04,C004,Android,UK,55+,v2.3
U00469,2024-03-07,C001,iOS,Germany,25-34,v2.4
U00470,2024-01-08,C002,iOS,USA,25-34,v2.4
U00471,2024-06-09,C001,iOS,USA,25-34,v2.3
U00472,2024-04-04,C001,Android,India,35-44,v2.2
U00473,2024-05-10,C001,Android,UK,18-24,v2.3
U00474,2024-02-08,C001,Android,UK,45-54,v2.4
U00475,2024-06-16,C002,iOS,USA,35-44,v2.2
U00476,2024-01-20,C003,iOS,Australia,18-24,v2.2
U00477,2024-05-12,C006,Android,UK,25-34,v2.2
U00478,2024-03-20,C002,iOS,UK,18-24,v2.3
U00479,2024-03-18,C004,iOS,USA,55+,v2.4
U00480,2024-02-20,C004,iOS,Germany,18-24,v2.4
U00481,2024-01-07,C001,iOS,France,45-54,v2.4
U00482,2024-01-01,C004,iOS,Germany,25-34,v2.2
U00483,2024-03-01,C002,Android,Singapore,18-24,v2.2
U00484,2024-01-12,C006,Android,USA,35-44,v2.3
U00485,2024-01-22,C003,iOS,Canada,25-34,v2.3
U00486,2024-01-16,C002,Android,UK,25-34,v2.3
U00487,2024-04-10,C004,Android,USA,25-34,v2.1
U00488,2024-02-21,C001,Android,UK,18-24,v2.3
U00489,2024-03-21,C002,iOS,Singapore,18-24,v2.3
U00490,2024-03-08,C005,iOS,Germany,25-34,v2.4
U00491,2024-06-03,C001,Android,USA,18-24,v2.2
U00492,2024-04-01,C002,iOS,USA,45-54,v2.2
U00493,2024-04-13,C005,iOS,Canada,18-24,v2.2
U00494,2024-02-05,C001,iOS,Germany,18-24,v2.2
U00495,2024-04-12,C002,Android,Canada,35-44,v2.2
U00496,2024-01-20,C001,iOS,India,25-34,v2.2
U00497,2024-03-25,C001,Android,UK,55+,v2.3
U00498,2024-04-11,C003,iOS,USA,25-34,v2.4
U00499,2024-03-11,C002,Android,UK,35-44,v2.2
U00500,2024-03-16,C003,Android,USA,18-24,v2.3
U00501,2024-04-17,C001,Android,USA,35-44,v2.4
U00502,2024-01-05,C006,Android,USA,25-34,v2.3
U00503,2024-05-24,C003,iOS,UK,25-34,v2.2
U00504,2024-03-12,C001,Android,USA,35-44,v2.4
U00505,2024-02-10,C001,Android,USA,45-54,v2.4
U00506,2024-01-15,C004,Android,Canada,55+,v2.3
U00507,2024-02-14,C001,Android,Germany,35-44,v2.4
U00508,2024-01-08,C004,iOS,Canada,18-24,v2.4
U00509,2024-05-06,C003,iOS,UK,18-24,v2.3
U00510,2024-01-06,C003,iOS,India,18-24,v2.2
U00511,2024-02-15,C006,Android,USA,18-24,v2.3
U00512,2024-02-06,C005,Android,France,55+,v2.3
U00513,2024-06-18,C002,iOS,USA,18-24,v2.2
U00514,2024-04-21,C005,Android,Canada,18-24,v2.4
U00515,2024-06-26,C006,Android,USA,35-44,v2.4
U00516,2024-04-06,C002,Android,UK,35-44,v2.4
U00517,2024-05-26,C002,Android,Singapore,18-24,v2.3
U00518,2024-06-05,C001,iOS,India,18-24,v2.4
U00519,2024-03-01,C002,iOS,Canada,55+,v2.4
U00520,2024-06-20,C004,Android,USA,25-34,v2.2
U00521,2024-01-18,C002,Android,Australia,18-24,v2.3
U00522,2024-04-17,C006,Android,USA,25-34,v2.3
U00523,2024-01-26,C005,Android,Canada,35-44,v2.2
U00524,2024-04-25,C001,Android,USA,25-34,v2.4
U00525,2024-01-19,C002,Android,UK,18-24,v2.4
U00526,2024-01-24,C002,Android,India,35-44,v2.3
U00527,2024-06-16,C001,Android,UK,18-24,v2.2
U00528,2024-02-18,C002,iOS,India,25-34,v2.4
U00529,2024-03-17,C001,iOS,Canada,45-54,v2.2
U00530,2024-04-02,C001,iOS,France,35-44,v2.3
U00531,2024-01-25,C001,iOS,USA,18-24,v2.4
U00532,2024-03-19,C005,iOS,India,25-34,v2.3
U00533,2024-04-09,C001,Android,USA,25-34,v2.2
U00534,2024-04-29,C002,Android,Canada,18-24,v2.4
U00535,2024-01-25,C001,iOS,USA,55+,v2.3
U00536,2024-05-21,C001,iOS,USA,55+,v2.4
U00537,2024-05-01,C003,iOS,USA,25-34,v2.4
U00538,2024-01-09,C003,Android,Germany,35-44,v2.3
U00539,2024-01-31,C006,iOS,India,18-24,v2.2
U00540,2024-02-19,C001,iOS,Singapore,25-34,v2.4
U00541,2024-06-09,C001,Android,USA,35-44,v2.4
U00542,2024-01-23,C002,iOS,USA,25-34,v2.3
U00543,2024-01-04,C005,Android,USA,25-34,v2.3
U00544,2024-02-07,C003,Android,Singapore,18-24,v2.2
U00545,2024-01-26,C005,Android,India,45-54,v2.2
U00546,2024-06-16,C003,Android,UK,25-34,v2.2
U00547,2024-06-04,C004,iOS,USA,45-54,v2.4
U00548,2024-01-13,C004,Android,India,18-24,v2.4
U00549,2024-03-18,C002,Android,France,35-44,v2.4
U00550,2024-02-28,C001,Android,USA,45-54,v2.2
U00551,2024-04-16,C004,iOS,USA,45-54,v2.3
U00552,2024-05-04,C004,Android,France,25-34,v2.2
U00553,2024-03-20,C004,iOS,Germany,25-34,v2.3
U00554,2024-02-14,C001,Android,France,18-24,v2.3
U00555,2024-04-02,C004,iOS,France,25-34,v2.3
U00556,2024-02-01,C004,iOS,USA,25-34,v2.4
U00557,2024-05-01,C003,iOS,UK,45-54,v2.4
U00558,2024-06-25,C001,iOS,UK,45-54,v2.4
U00559,2024-02-24,C005,Android,Australia,25-34,v2.3
U00560,2024-01-06,C005,Android,Australia,25-34,v2.2
U00561,2024-02-14,C004,iOS,USA,45-54,v2.3
U00562,2024-06-30,C004,iOS,USA,25-34,v2.2
U00563,2024-04-29,C002,iOS,Canada,35-44,v2.1
U00564,2024-06-18,C006,Android,Canada,35-44,v2.2
U00565,2024-06-24,C001,iOS,Singapore,35-44,v2.4
U00566,2024-03-07,C004,Android,Australia,18-24,v2.3
U00567,2024-03-02,C006,Android,Germany,35-44,v2.4
U00568,2024-06-23,C001,iOS,USA,25-34,v2.4
U00569,2024-04-13,C002,iOS,Australia,35-44,v2.2
U00570,2024-02-26,C004,Android,USA,55+,v2.3
U00571,2024-03-17,C005,Android,France,18-24,v2.1
U00572,2024-02-02,C004,Android,Canada,45-54,v2.4
U00573,2024-03-26,C004,iOS,UK,45-54,v2.3
U00574,2024-03-25,C002,Android,USA,18-24,v2.1
U00575,2024-06-11,C003,Android,UK,45-54,v2.3
U00576,2024-06-23,C002,iOS,UK,45-54,v2.2
U00577,2024-02-21,C002,Android,India,55+,v2.2
U00578,2024-02-16,C005,iOS,Canada,18-24,v2.3
U00579,2024-01-02,C002,iOS,Germany,35-44,v2.2
U00580,2024-01-23,C001,iOS,USA,25-34,v2.3
U00581,2024-01-02,C001,iOS,USA,18-24,v2.3
U00582,2024-05-15,C001,Android,Canada,18-24,v2.4
U00583,2024-03-29,C002,iOS,USA,25-34,v2.1
U00584,2024-01-12,C002,iOS,Australia,35-44,v2.3
U00585,2024-06-24,C006,iOS,India,25-34,v2.2
U00586,2024-04-13,C001,iOS,Singapore,18-24,v2.1
U00587,2024-05-09,C001,iOS,Australia,18-24,v2.4
U00588,2024-03-06,C005,Android,Canada,18-24,v2.2
U00589,2024-01-06,C001,iOS,USA,18-24,v2.2
U00590,2024-06-28,C001,Android,Canada,25-34,v2.4
U00591,2024-06-18,C003,Android,Australia,25-34,v2.4
U00592,2024-05-10,C004,iOS,UK,18-24,v2.2
U00593,2024-02-21,C005,Android,Singapore,25-34,v2.3
U00594,2024-02-11,C001,iOS,UK,55+,v2.3
U00595,2024-01-01,C001,iOS,UK,35-44,v2.3
U00596,2024-01-24,C005,iOS,Australia,45-54,v2.3
U00597,2024-04-26,C006,iOS,USA,18-24,v2.2
U00598,2024-01-11,C005,iOS,Australia,25-34,v2.2
U00599,2024-01-12,C001,iOS,Canada,25-34,v2.4
U00600,2024-06-08,C002,Android,USA,25-34,v2.2
U00601,2024-04-12,C006,iOS,USA,45-54,v2.4
U00602,2024-06-15,C006,iOS,UK,35-44,v2.4
U00603,2024-02-10,C001,Android,USA,25-34,v2.3
U00604,2024-06-05,C002,iOS,UK,35-44,v2.4
U00605,2024-02-03,C003,iOS,India,25-34,v2.1
U00606,2024-06-16,C002,Android,Australia,35-44,v2.3
U00607,2024-05-24,C001,Android,France,25-34,v2.4
U00608,2024-06-07,C001,Android,UK,25-34,v2.4
U00609,2024-04-08,C001,Android,India,35-44,v2.1
U00610,2024-02-10,C003,iOS,USA,18-24,v2.4
U00611,2024-03-23,C001,Android,UK,18-24,v2.3
U00612,2024-04-13,C005,iOS,USA,35-44,v2.1
U00613,2024-05-07,C002,iOS,USA,35-44,v2.2
U00614,2024-04-15,C001,iOS,France,45-54,v2.4
U00615,2024-06-12,C002,iOS,UK,35-44,v2.4
U00616,2024-04-03,C005,Android,France,25-34,v2.4
U00617,2024-06-02,C003,Android,Australia,18-24,v2.4
U00618,2024-02-26,C001,iOS,Canada,45-54,v2.3
U00619,2024-04-05,C004,iOS,UK,18-24,v2.4
U00620,2024-04-14,C001,Android,UK,55+,v2.3
U00621,2024-04-27,C005,iOS,USA,35-44,v2.1
U00622,2024-06-11,C005,Android,Germany,25-34,v2.4
U00623,2024-05-09,C001,iOS,USA,18-24,v2.4
U00624,2024-05-29,C003,iOS,India,18-24,v2.3
U00625,2024-02-02,C001,Android,Canada,25-34,v2.4
U00626,2024-04-17,C006,Android,Germany,25-34,v2.4
U00627,2024-03-16,C002,iOS,USA,35-44,v2.4
U00628,2024-03-17,C005,iOS,USA,35-44,v2.3
U00629,2024-02-25,C001,Android,USA,25-34,v2.4
U00630,2024-06-30,C004,Android,USA,35-44,v2.3
U00631,2024-01-30,C004,iOS,Canada,55+,v2.4
U00632,2024-06-21,C004,Android,USA,45-54,v2.4
U00633,2024-05-13,C001,iOS,UK,18-24,v2.2
U00634,2024-02-11,C006,Android,UK,18-24,v2.4
U00635,2024-02-22,C004,iOS,France,18-24,v2.4
U00636,2024-05-23,C005,Android,Canada,18-24,v2.4
U00637,2024-06-27,C002,Android,India,25-34,v2.4
U00638,2024-06-24,C002,iOS,UK,25-34,v2.3
U00639,2024-04-23,C005,Android,Australia,35-44,v2.4
U00640,2024-05-19,C004,iOS,Australia,18-24,v2.3
U00641,2024-06-23,C001,Android,Germany,18-24,v2.1
U00642,2024-03-12,C003,iOS,Canada,25-34,v2.3
U00643,2024-06-30,C006,iOS,India,35-44,v2.4
U00644,2024-06-09,C004,Android,USA,35-44,v2.3
U00645,2024-06-30,C002,iOS,UK,18-24,v2.3
U00646,2024-04-16,C003,iOS,USA,45-54,v2.4
U00647,2024-03-25,C002,iOS,Germany,25-34,v2.4
U00648,2024-06-15,C001,Android,USA,45-54,v2.3
U00649,2024-06-08,C001,iOS,India,25-34,v2.4
U00650,2024-01-30,C002,iOS,USA,45-54,v2.4
U00651,2024-04-05,C003,iOS,USA,25-34,v2.4
U00652,2024-03-23,C003,Android,UK,55+,v2.3
U00653,2024-01-02,C004,iOS,Canada,18-24,v2.4
U00654,2024-01-27,C001,Android,France,35-44,v2.3
U00655,2024-01-19,C004,iOS,USA,25-34,v2.1
U00656,2024-01-14,C001,iOS,UK,45-54,v2.4
U00657,2024-04-14,C002,Android,USA,18-24,v2.4
U00658,2024-05-16,C001,Android,UK,35-44,v2.1
U00659,2024-01-19,C002,iOS,USA,35-44,v2.3
U00660,2024-03-13,C004,iOS,USA,35-44,v2.3
U00661,2024-05-16,C001,Android,Germany,45-54,v2.2
U00662,2024-06-11,C001,Android,India,45-54,v2.4
U00663,2024-04-05,C006,iOS,France,18-24,v2.1
U00664,2024-05-26,C004,iOS,India,25-34,v2.4
U00665,2024-03-29,C001,Android,France,18-24,v2.2
U00666,2024-06-06,C005,iOS,UK,45-54,v2.4
U00667,2024-05-20,C002,iOS,USA,18-24,v2.1
U00668,2024-05-28,C003,iOS,UK,35-44,v2.2
U00669,2024-06-07,C001,iOS,USA,25-34,v2.4
U00670,2024-06-26,C003,iOS,USA,25-34,v2.3
U00671,2024-01-02,C002,Android,Australia,35-44,v2.2
U00672,2024-04-02,C001,Android,France,25-34,v2.3
U00673,2024-03-19,C003,iOS,Canada,18-24,v2.2
U00674,2024-02-05,C006,iOS,Germany,35-44,v2.4
U00675,2024-01-05,C005,Android,France,35-44,v2.4
U00676,2024-02-24,C006,iOS,USA,55+,v2.3
U00677,2024-02-08,C002,iOS,Germany,35-44,v2.2
U00678,2024-04-28,C003,iOS,USA,18-24,v2.2
U00679,2024-06-06,C004,Android,UK,18-24,v2.3
U00680,2024-05-24,C004,Android,Germany,25-34,v2.3
U00681,2024-02-26,C004,iOS,USA,18-24,v2.4
U00682,2024-05-12,C006,iOS,USA,25-34,v2.1
U00683,2024-06-15,C002,Android,USA,45-54,v2.4
U00684,2024-03-08,C003,iOS,USA,25-34,v2.3
U00685,2024-01-20,C003,iOS,India,25-34,v2.3
U00686,2024-03-29,C003,iOS,Canada,25-34,v2.2
U00687,2024-02-12,C001,iOS,USA,18-24,v2.2
U00688,2024-06-03,C004,iOS,UK,45-54,v2.4
U00689,2024-05-03,C004,iOS,Canada,35-44,v2.3
U00690,2024-03-03,C001,iOS,UK,35-44,v2.1
U00691,2024-05-26,C001,iOS,India,25-34,v2.3
U00692,2024-05-24,C004,Android,Australia,45-54,v2.4
U00693,2024-02-25,C002,Android,France,18-24,v2.4
U00694,2024-06-02,C001,Android,Germany,35-44,v2.3
U00695,2024-02-12,C004,iOS,USA,35-44,v2.2
U00696,2024-04-08,C001,iOS,USA,45-54,v2.4
U00697,2024-02-08,C004,iOS,India,35-44,v2.4
U00698,2024-05-16,C003,iOS,USA,18-24,v2.3
U00699,2024-01-01,C006,Android,Canada,25-34,v2.3
U00700,2024-01-12,C004,iOS,India,25-34,v2.4
U00701,2024-03-30,C003,Android,Germany,35-44,v2.1
U00702,2024-02-04,C002,Android,India,18-24,v2.3
U00703,2024-05-19,C002,iOS,Australia,35-44,v2.3
U00704,2024-01-31,C003,iOS,UK,45-54,v2.3
U00705,2024-01-28,C001,Android,USA,45-54,v2.3
U00706,2024-04-03,C004,Android,USA,18-24,v2.3
U00707,2024-05-22,C003,iOS,Canada,25-34,v2.3
U00708,2024-03-29,C005,iOS,UK,45-54,v2.2
U00709,2024-02-28,C002,Android,UK,18-24,v2.3
U00710,2024-03-27,C005,Android,Australia,18-24,v2.3
U00711,2024-06-11,C001,iOS,UK,55+,v2.3
U00712,2024-01-17,C002,iOS,Canada,35-44,v2.4
U00713,2024-04-12,C004,iOS,Australia,35-44,v2.4
U00714,2024-02-14,C004,iOS,UK,35-44,v2.4
U00715,2024-03-14,C001,Android,USA,35-44,v2.3
U00716,2024-06-21,C001,iOS,UK,18-24,v2.4
U00717,2024-04-12,C002,iOS,Canada,25-34,v2.4
U00718,2024-01-18,C006,iOS,Australia,25-34,v2.3
U00719,2024-03-29,C006,iOS,Canada,18-24,v2.4
U00720,2024-05-27,C001,iOS,USA,25-34,v2.3
U00721,2024-03-28,C006,Android,Singapore,45-54,v2.4
U00722,2024-05-27,C002,iOS,USA,25-34,v2.2
U00723,2024-03-27,C006,iOS,USA,35-44,v2.1
U00724,2024-01-30,C002,iOS,Germany,18-24,v2.4
U00725,2024-03-21,C002,iOS,USA,35-44,v2.2
U00726,2024-03-14,C001,Android,France,18-24,v2.4
U00727,2024-05-01,C002,iOS,Canada,18-24,v2.4
U00728,2024-02-18,C003,iOS,Germany,45-54,v2.2
U00729,2024-02-21,C005,Android,USA,35-44,v2.2
U00730,2024-01-21,C004,Android,Canada,35-44,v2.3
U00731,2024-01-11,C005,iOS,USA,45-54,v2.4
U00732,2024-05-27,C005,iOS,Singapore,45-54,v2.2
U00733,2024-02-26,C004,iOS,USA,25-34,v2.4
U00734,2024-01-09,C003,iOS,Australia,18-24,v2.4
U00735,2024-06-27,C003,iOS,UK,35-44,v2.3
U00736,2024-01-26,C002,Android,USA,25-34,v2.2
U00737,2024-04-30,C006,iOS,UK,25-34,v2.3
U00738,2024-04-05,C002,iOS,USA,35-44,v2.4
U00739,2024-06-24,C001,iOS,USA,18-24,v2.3
U00740,2024-04-07,C001,Android,Germany,25-34,v2.1
U00741,2024-04-17,C003,Android,France,25-34,v2.4
U00742,2024-05-04,C002,iOS,Canada,25-34,v2.4
U00743,2024-01-16,C001,iOS,France,18-24,v2.4
U00744,2024-03-07,C002,iOS,India,25-34,v2.1
U00745,2024-02-01,C002,Android,Canada,35-44,v2.3
U00746,2024-05-17,C001,Android,USA,35-44,v2.3
U00747,2024-04-24,C006,iOS,USA,35-44,v2.2
U00748,2024-02-12,C004,Android,USA,35-44,v2.3
U00749,2024-01-19,C001,iOS,USA,35-44,v2.4
U00750,2024-06-03,C004,iOS,USA,45-54,v2.3
U00751,2024-05-30,C003,iOS,UK,45-54,v2.2
U00752,2024-03-01,C004,Android,Australia,18-24,v2.2
U00753,2024-01-27,C001,Android,USA,18-24,v2.4
U00754,2024-05-14,C004,iOS,USA,18-24,v2.4
U00755,2024-04-09,C002,iOS,USA,35-44,v2.2
U00756,2024-02-13,C001,Android,France,25-34,v2.3
U00757,2024-05-18,C006,iOS,UK,55+,v2.3
U00758,2024-05-31,C004,Android,Canada,25-34,v2.3
U00759,2024-06-12,C003,Android,USA,18-24,v2.1
U00760,2024-03-19,C002,iOS,USA,18-24,v2.4
U00761,2024-02-04,C002,iOS,UK,55+,v2.4
U00762,2024-05-02,C002,Android,Germany,35-44,v2.4
U00763,2024-05-20,C002,iOS,Canada,25-34,v2.2
U00764,2024-06-14,C002,iOS,USA,25-34,v2.2
U00765,2024-06-05,C005,Android,USA,35-44,v2.4
U00766,2024-04-15,C001,iOS,UK,18-24,v2.3
U00767,2024-04-25,C002,Android,UK,18-24,v2.1
U00768,2024-05-16,C001,Android,USA,18-24,v2.3
U00769,2024-01-03,C001,iOS,USA,25-34,v2.3
U00770,2024-05-07,C006,iOS,Germany,25-34,v2.4
U00771,2024-02-07,C001,Android,UK,25-34,v2.2
U00772,2024-03-05,C005,Android,UK,35-44,v2.2
U00773,2024-04-23,C001,Android,UK,35-44,v2.1
U00774,2024-06-19,C006,iOS,Australia,25-34,v2.3
U00775,2024-06-10,C004,Android,USA,18-24,v2.3
U00776,2024-03-17,C001,Android,France,18-24,v2.2
U00777,2024-06-11,C002,iOS,Germany,35-44,v2.3
U00778,2024-03-03,C001,iOS,Germany,25-34,v2.3
U00779,2024-04-05,C005,iOS,USA,35-44,v2.3
U00780,2024-06-09,C001,iOS,UK,25-34,v2.2
U00781,2024-05-04,C001,Android,Germany,35-44,v2.4
U00782,2024-04-22,C004,iOS,USA,35-44,v2.2
U00783,2024-01-11,C003,iOS,USA,35-44,v2.2
U00784,2024-02-17,C003,iOS,USA,45-54,v2.3
U00785,2024-05-21,C001,iOS,USA,45-54,v2.3
U00786,2024-04-26,C001,Android,USA,18-24,v2.1
U00787,2024-04-03,C005,iOS,Australia,35-44,v2.3
U00788,2024-04-09,C001,Android,Germany,18-24,v2.2
U00789,2024-04-14,C004,iOS,USA,18-24,v2.4
U00790,2024-02-03,C001,iOS,UK,18-24,v2.1
U00791,2024-06-13,C005,Android,USA,35-44,v2.2
U00792,2024-04-03,C001,Android,UK,55+,v2.4
U00793,2024-01-21,C002,Android,USA,35-44,v2.4
U00794,2024-04-04,C005,iOS,Canada,25-34,v2.4
U00795,2024-03-18,C001,iOS,USA,18-24,v2.2
U00796,2024-04-08,C001,iOS,UK,35-44,v2.2
U00797,2024-05-22,C002,iOS,Canada,25-34,v2.3
U00798,2024-06-19,C002,iOS,Germany,25-34,v2.3
U00799,2024-06-17,C001,Android,USA,25-34,v2.3
U00800,2024-03-24,C005,iOS,Canada,45-54,v2.3
U00801,2024-03-02,C003,iOS,Germany,55+,v2.2
U00802,2024-04-25,C002,iOS,Australia,55+,v2.3
U00803,2024-05-12,C001,Android,UK,55+,v2.2
U00804,2024-03-21,C001,Android,Australia,25-34,v2.3
U00805,2024-05-22,C003,iOS,UK,25-34,v2.2
U00806,2024-03-08,C002,Android,UK,45-54,v2.1
U00807,2024-04-12,C003,iOS,UK,25-34,v2.3
U00808,2024-05-04,C005,Android,Canada,45-54,v2.3
U00809,2024-03-17,C001,Android,USA,35-44,v2.4
U00810,2024-03-26,C002,Android,USA,45-54,v2.4
U00811,2024-02-28,C004,Android,India,35-44,v2.3
U00812,2024-01-14,C002,iOS,USA,18-24,v2.3
U00813,2024-02-26,C001,Android,Singapore,55+,v2.4
U00814,2024-05-27,C003,iOS,USA,25-34,v2.2
U00815,2024-01-22,C003,Android,USA,25-34,v2.3
U00816,2024-04-21,C005,iOS,UK,25-34,v2.3
U00817,2024-06-15,C003,iOS,Singapore,25-34,v2.2
U00818,2024-03-09,C005,iOS,India,18-24,v2.4
U00819,2024-04-18,C002,iOS,USA,35-44,v2.4
U00820,2024-02-13,C006,Android,Singapore,25-34,v2.2
U00821,2024-01-12,C006,iOS,Australia,18-24,v2.4
U00822,2024-01-22,C001,iOS,India,55+,v2.4
U00823,2024-03-14,C001,Android,UK,25-34,v2.1
U00824,2024-02-23,C004,iOS,USA,35-44,v2.3
U00825,2024-06-08,C004,iOS,Australia,18-24,v2.3
U00826,2024-06-18,C003,iOS,UK,18-24,v2.4
U00827,2024-03-10,C001,Android,UK,25-34,v2.2
U00828,2024-06-17,C002,iOS,USA,45-54,v2.3
U00829,2024-04-07,C003,Android,India,25-34,v2.3
U00830,2024-01-23,C001,iOS,USA,55+,v2.1
U00831,2024-03-04,C006,iOS,USA,35-44,v2.1
U00832,2024-06-24,C002,Android,UK,55+,v2.3
U00833,2024-01-16,C004,Android,India,45-54,v2.1
U00834,2024-05-22,C006,iOS,USA,25-34,v2.2
U00835,2024-04-07,C003,Android,France,35-44,v2.3
U00836,2024-05-26,C001,Android,India,25-34,v2.3
U00837,2024-02-22,C004,Android,Australia,18-24,v2.2
U00838,2024-06-25,C004,iOS,UK,55+,v2.4
U00839,2024-02-07,C004,iOS,UK,18-24,v2.3
U00840,2024-01-31,C001,Android,UK,18-24,v2.3
U00841,2024-04-15,C006,iOS,Germany,45-54,v2.3
U00842,2024-03-11,C001,iOS,UK,18-24,v2.4
U00843,2024-06-06,C002,iOS,UK,18-24,v2.4
U00844,2024-04-01,C001,Android,UK,45-54,v2.3
U00845,2024-06-15,C002,Android,USA,18-24,v2.2
U00846,2024-01-09,C002,Android,India,55+,v2.2
U00847,2024-06-20,C006,Android,UK,55+,v2.4
U00848,2024-06-06,C003,iOS,USA,18-24,v2.3
U00849,2024-01-11,C004,Android,Australia,25-34,v2.4
U00850,2024-05-26,C004,iOS,France,35-44,v2.3
U00851,2024-04-25,C002,Android,France,18-24,v2.3
U00852,2024-01-11,C003,iOS,Canada,18-24,v2.2
U00853,2024-04-11,C006,Android,USA,18-24,v2.2
U00854,2024-01-14,C004,Android,USA,35-44,v2.1
U00855,2024-05-08,C001,Android,India,35-44,v2.2
U00856,2024-04-15,C002,iOS,USA,45-54,v2.4
U00857,2024-04-26,C001,iOS,Canada,35-44,v2.2
U00858,2024-02-01,C001,Android,Canada,18-24,v2.4
U00859,2024-05-10,C004,iOS,Canada,18-24,v2.2
U00860,2024-03-26,C003,Android,UK,45-54,v2.2
U00861,2024-01-14,C002,iOS,Germany,25-34,v2.3
U00862,2024-01-31,C006,Android,UK,35-44,v2.1
U00863,2024-05-07,C005,iOS,UK,45-54,v2.2
U00864,2024-05-30,C004,iOS,USA,35-44,v2.1
U00865,2024-05-20,C002,Android,France,18-24,v2.2
U00866,2024-01-15,C004,iOS,France,35-44,v2.4
U00867,2024-03-17,C002,iOS,UK,55+,v2.2
U00868,2024-03-13,C004,Android,Canada,35-44,v2.2
U00869,2024-04-26,C004,iOS,UK,35-44,v2.3
U00870,2024-04-07,C005,Android,France,18-24,v2.3
U00871,2024-02-01,C004,iOS,USA,25-34,v2.4
U00872,2024-06-05,C001,iOS,Singapore,25-34,v2.1
U00873,2024-06-25,C004,Android,Australia,25-34,v2.4
U00874,2024-03-07,C003,Android,USA,18-24,v2.3
U00875,2024-05-13,C004,iOS,Germany,45-54,v2.2
U00876,2024-03-15,C006,iOS,UK,35-44,v2.2
U00877,2024-02-23,C005,Android,USA,25-34,v2.3
U00878,2024-06-12,C001,Android,Australia,25-34,v2.1
U00879,2024-03-17,C003,iOS,UK,35-44,v2.3
U00880,2024-05-25,C004,iOS,UK,25-34,v2.3
U00881,2024-06-21,C003,iOS,UK,18-24,v2.2
U00882,2024-04-27,C006,iOS,USA,35-44,v2.3
U00883,2024-01-15,C005,iOS,Australia,25-34,v2.3
U00884,2024-02-23,C003,iOS,India,45-54,v2.1
U00885,2024-02-08,C002,iOS,Singapore,35-44,v2.4
U00886,2024-05-26,C004,iOS,UK,35-44,v2.3
U00887,2024-03-21,C004,iOS,UK,45-54,v2.3
U00888,2024-03-18,C001,iOS,UK,35-44,v2.4
U00889,2024-01-24,C002,iOS,USA,25-34,v2.2
U00890,2024-05-03,C004,iOS,Germany,18-24,v2.4
U00891,2024-05-12,C004,iOS,Australia,25-34,v2.4
U00892,2024-05-13,C001,iOS,UK,45-54,v2.4
U00893,2024-03-26,C002,iOS,USA,35-44,v2.3
U00894,2024-05-27,C004,Android,UK,18-24,v2.2
U00895,2024-05-16,C002,iOS,UK,18-24,v2.2
U00896,2024-01-04,C006,iOS,UK,25-34,v2.3
U00897,2024-03-10,C001,Android,USA,18-24,v2.1
U00898,2024-06-05,C006,iOS,UK,18-24,v2.4
U00899,2024-01-13,C001,iOS,USA,18-24,v2.3
U00900,2024-05-31,C004,Android,USA,25-34,v2.3
U00901,2024-02-20,C004,Android,USA,55+,v2.4
U00902,2024-04-29,C003,iOS,Germany,35-44,v2.1
U00903,2024-03-20,C004,Android,USA,18-24,v2.2
U00904,2024-06-06,C002,iOS,UK,45-54,v2.3
U00905,2024-03-24,C002,iOS,USA,25-34,v2.3
U00906,2024-02-13,C002,iOS,Canada,25-34,v2.3
U00907,2024-01-28,C002,Android,Germany,25-34,v2.3
U00908,2024-04-15,C001,iOS,UK,25-34,v2.1
U00909,2024-02-23,C005,Android,Germany,25-34,v2.4
U00910,2024-05-19,C004,iOS,Australia,35-44,v2.4
U00911,2024-05-04,C001,Android,USA,18-24,v2.3
U00912,2024-03-19,C006,iOS,UK,45-54,v2.4
U00913,2024-04-07,C002,Android,UK,18-24,v2.2
U00914,2024-05-28,C006,Android,UK,18-24,v2.2
U00915,2024-05-16,C002,Android,USA,18-24,v2.4
U00916,2024-03-17,C003,Android,USA,55+,v2.3
U00917,2024-03-29,C006,Android,Canada,25-34,v2.4
U00918,2024-03-16,C001,Android,Singapore,18-24,v2.3
U00919,2024-04-01,C001,iOS,UK,25-34,v2.3
U00920,2024-06-09,C002,iOS,USA,25-34,v2.4
U00921,2024-05-01,C001,iOS,France,25-34,v2.3
U00922,2024-03-14,C006,Android,UK,18-24,v2.1
U00923,2024-05-04,C004,Android,UK,18-24,v2.4
U00924,2024-04-26,C006,Android,India,35-44,v2.3
U00925,2024-04-18,C003,iOS,USA,18-24,v2.3
U00926,2024-05-27,C003,Android,Australia,25-34,v2.4
U00927,2024-05-27,C002,Android,Canada,35-44,v2.2
U00928,2024-05-03,C006,iOS,Germany,25-34,v2.4
U00929,2024-03-12,C002,iOS,India,18-24,v2.3
U00930,2024-06-18,C006,iOS,Canada,45-54,v2.3
U00931,2024-01-14,C006,iOS,UK,25-34,v2.4
U00932,2024-05-26,C004,iOS,Singapore,45-54,v2.2
U00933,2024-01-10,C004,Android,USA,35-44,v2.2
U00934,2024-06-10,C003,iOS,UK,55+,v2.4
U00935,2024-06-08,C001,iOS,UK,18-24,v2.4
U00936,2024-03-05,C001,iOS,France,18-24,v2.2
U00937,2024-02-14,C006,Android,Australia,25-34,v2.2
U00938,2024-06-28,C001,iOS,USA,18-24,v2.4
U00939,2024-02-07,C004,Android,France,35-44,v2.3
U00940,2024-04-08,C001,iOS,Canada,18-24,v2.4
U00941,2024-03-29,C001,iOS,France,18-24,v2.3
U00942,2024-05-01,C002,Android,Germany,25-34,v2.3
U00943,2024-06-29,C002,iOS,USA,25-34,v2.2
U00944,2024-04-24,C002,iOS,USA,55+,v2.1
U00945,2024-05-16,C004,Android,USA,45-54,v2.4
U00946,2024-03-26,C002,Android,USA,35-44,v2.3
U00947,2024-06-21,C004,Android,Canada,18-24,v2.3
U00948,2024-06-25,C006,iOS,UK,18-24,v2.1
U00949,2024-04-15,C001,iOS,USA,18-24,v2.2
U00950,2024-02-19,C001,Android,UK,35-44,v2.4
U00951,2024-02-25,C006,Android,Australia,18-24,v2.4
U00952,2024-02-03,C002,Android,Canada,45-54,v2.2
U00953,2024-01-29,C004,iOS,USA,55+,v2.3
U00954,2024-03-11,C004,Android,Australia,35-44,v2.2
U00955,2024-01-19,C002,iOS,USA,55+,v2.2
U00956,2024-03-08,C001,iOS,Singapore,18-24,v2.3
U00957,2024-06-14,C003,iOS,Germany,18-24,v2.3
U00958,2024-04-23,C004,iOS,UK,35-44,v2.2
U00959,2024-04-24,C001,iOS,Australia,18-24,v2.1
U00960,2024-04-09,C002,Android,India,35-44,v2.3
U00961,2024-05-05,C003,iOS,Australia,45-54,v2.1
U00962,2024-02-27,C001,Android,France,25-34,v2.3
U00963,2024-04-01,C002,iOS,UK,55+,v2.3
U00964,2024-04-03,C003,Android,UK,25-34,v2.4
U00965,2024-06-14,C001,iOS,Singapore,35-44,v2.2
U00966,2024-04-09,C006,Android,USA,18-24,v2.3
U00967,2024-02-18,C001,iOS,Australia,35-44,v2.3
U00968,2024-01-17,C005,Android,USA,55+,v2.4
U00969,2024-01-05,C001,iOS,Germany,18-24,v2.2
U00970,2024-06-16,C004,iOS,Australia,45-54,v2.2
U00971,2024-05-28,C001,iOS,Germany,25-34,v2.1
U00972,2024-06-07,C001,Android,UK,18-24,v2.1
U00973,2024-03-19,C005,iOS,Canada,45-54,v2.1
U00974,2024-01-28,C001,Android,Canada,18-24,v2.2
U00975,2024-03-27,C005,Android,Australia,25-34,v2.4
U00976,2024-05-27,C003,iOS,Singapore,18-24,v2.1
U00977,2024-02-14,C002,iOS,UK,25-34,v2.4
U00978,2024-05-21,C001,iOS,Canada,18-24,v2.4
U00979,2024-06-10,C004,Android,UK,25-34,v2.1
U00980,2024-02-15,C006,Android,Canada,25-34,v2.4
U00981,2024-05-01,C004,iOS,Canada,25-34,v2.3
U00982,2024-02-14,C004,iOS,UK,25-34,v2.4
U00983,2024-06-09,C005,iOS,USA,25-34,v2.2
U00984,2024-05-15,C006,Android,France,55+,v2.3
U00985,2024-04-28,C005,Android,USA,18-24,v2.4
U00986,2024-06-24,C005,Android,USA,18-24,v2.4
U00987,2024-01-14,C004,iOS,USA,25-34,v2.4
U00988,2024-04-26,C001,Android,India,18-24,v2.4
U00989,2024-05-04,C003,iOS,UK,25-34,v2.3
U00990,2024-04-17,C001,Android,USA,35-44,v2.3
U00991,2024-01-26,C001,iOS,UK,45-54,v2.1
U00992,2024-05-29,C003,Android,UK,55+,v2.3
U00993,2024-04-09,C002,iOS,UK,25-34,v2.2
U00994,2024-03-26,C001,Android,UK,18-24,v2.4
U00995,2024-04-27,C002,Android,UK,25-34,v2.2
U00996,2024-06-12,C006,Android,Canada,25-34,v2.2
U00997,2024-04-15,C005,iOS,Singapore,35-44,v2.4
U00998,2024-03-12,C001,iOS,France,18-24,v2.3
U00999,2024-02-26,C006,Android,UK,35-44,v2.1
U01000,2024-01-12,C001,iOS,Germany,18-24,v2.3
U01001,2024-05-02,C005,Android,UK,25-34,v2.1
U01002,2024-01-04,C004,iOS,UK,25-34,v2.2
U01003,2024-01-24,C001,Android,UK,25-34,v2.3
U01004,2024-05-29,C001,iOS,Germany,45-54,v2.3
U01005,2024-04-04,C004,Android,UK,35-44,v2.3
U01006,2024-06-25,C002,iOS,USA,25-34,v2.4
U01007,2024-05-18,C003,iOS,Australia,35-44,v2.3
U01008,2024-01-15,C003,Android,USA,18-24,v2.3
U01009,2024-04-29,C004,iOS,UK,25-34,v2.1
U01010,2024-06-30,C005,iOS,USA,25-34,v2.3
U01011,2024-05-28,C006,Android,Germany,35-44,v2.3
U01012,2024-03-09,C003,iOS,UK,25-34,v2.3
U01013,2024-05-08,C003,iOS,Australia,35-44,v2.3
U01014,2024-03-15,C002,iOS,Australia,35-44,v2.4
U01015,2024-01-17,C001,Android,UK,25-34,v2.2
U01016,2024-01-20,C001,iOS,Australia,25-34,v2.4
U01017,2024-05-13,C006,iOS,USA,35-44,v2.4
U01018,2024-05-01,C002,iOS,Canada,25-34,v2.1
U01019,2024-02-29,C005,iOS,USA,35-44,v2.4
U01020,2024-03-24,C003,Android,USA,25-34,v2.3
U01021,2024-05-25,C001,Android,UK,25-34,v2.3
U01022,2024-03-14,C004,iOS,USA,25-34,v2.2
U01023,2024-02-11,C004,iOS,Singapore,45-54,v2.4
U01024,2024-06-19,C005,iOS,UK,55+,v2.3
U01025,2024-04-22,C002,iOS,Canada,18-24,v2.3
U01026,2024-03-29,C001,iOS,Singapore,25-34,v2.2
U01027,2024-01-07,C002,iOS,UK,25-34,v2.3
U01028,2024-01-02,C006,iOS,USA,35-44,v2.2
U01029,2024-03-15,C006,Android,Singapore,35-44,v2.4
U01030,2024-04-23,C002,iOS,USA,18-24,v2.4
U01031,2024-01-30,C002,iOS,France,25-34,v2.1
U01032,2024-01-15,C004,iOS,USA,35-44,v2.4
U01033,2024-02-20,C001,iOS,USA,35-44,v2.1
U01034,2024-05-11,C002,iOS,Canada,25-34,v2.1
U01035,2024-06-19,C002,iOS,France,25-34,v2.3
U01036,2024-03-13,C002,iOS,USA,25-34,v2.2
U01037,2024-04-23,C004,iOS,USA,18-24,v2.4
U01038,2024-04-18,C004,iOS,France,35-44,v2.2
U01039,2024-03-18,C003,Android,Singapore,18-24,v2.4
U01040,2024-04-06,C001,iOS,India,25-34,v2.3
U01041,2024-06-30,C003,Android,UK,45-54,v2.2
U01042,2024-05-05,C001,Android,France,25-34,v2.3
U01043,2024-04-28,C001,Android,UK,25-34,v2.3
U01044,2024-06-11,C003,Android,India,25-34,v2.3
U01045,2024-06-25,C004,iOS,Germany,25-34,v2.4
U01046,2024-06-02,C004,Android,Canada,45-54,v2.3
U01047,2024-05-01,C006,Android,USA,35-44,v2.1
U01048,2024-03-07,C001,iOS,USA,45-54,v2.2
U01049,2024-02-11,C001,iOS,Canada,55+,v2.1
U01050,2024-03-15,C003,Android,USA,35-44,v2.2
U01051,2024-01-25,C004,iOS,USA,25-34,v2.4
U01052,2024-03-18,C002,Android,USA,25-34,v2.3
U01053,2024-02-06,C001,iOS,USA,25-34,v2.3
U01054,2024-02-11,C001,iOS,UK,18-24,v2.4
U01055,2024-06-06,C004,Android,France,35-44,v2.4
U01056,2024-01-30,C002,Android,UK,18-24,v2.1
U01057,2024-03-30,C002,iOS,France,45-54,v2.3
U01058,2024-03-28,C001,iOS,Germany,18-24,v2.2
U01059,2024-06-26,C001,iOS,UK,18-24,v2.1
U01060,2024-06-25,C004,iOS,UK,25-34,v2.3
U01061,2024-02-20,C001,Android,USA,18-24,v2.2
U01062,2024-03-05,C001,iOS,UK,18-24,v2.2
U01063,2024-06-03,C001,Android,UK,25-34,v2.1
U01064,2024-03-12,C006,iOS,UK,25-34,v2.4
U01065,2024-03-02,C003,iOS,France,35-44,v2.3
U01066,2024-02-19,C006,iOS,Germany,18-24,v2.4
U01067,2024-02-24,C006,Android,USA,35-44,v2.2
U01068,2024-06-21,C006,iOS,USA,25-34,v2.2
U01069,2024-02-28,C002,Android,USA,25-34,v2.3
U01070,2024-05-06,C004,Android,Canada,18-24,v2.3
U01071,2024-01-30,C002,iOS,Germany,35-44,v2.4
U01072,2024-02-27,C003,iOS,France,18-24,v2.1
U01073,2024-05-01,C006,iOS,UK,35-44,v2.4
U01074,2024-04-11,C002,Android,UK,18-24,v2.3
U01075,2024-05-31,C006,Android,India,18-24,v2.3
U01076,2024-02-20,C002,Android,Singapore,18-24,v2.4
U01077,2024-05-07,C002,Android,Canada,25-34,v2.4
U01078,2024-06-13,C006,iOS,Australia,55+,v2.4
U01079,2024-05-10,C002,Android,UK,25-34,v2.3
U01080,2024-06-09,C006,iOS,Germany,45-54,v2.3
U01081,2024-01-07,C006,iOS,Australia,18-24,v2.3
U01082,2024-01-25,C004,Android,USA,25-34,v2.3
U01083,2024-03-16,C004,iOS,USA,25-34,v2.4
U01084,2024-05-19,C001,Android,Singapore,45-54,v2.2
U01085,2024-04-25,C002,iOS,USA,18-24,v2.3
U01086,2024-03-18,C006,iOS,USA,25-34,v2.3
U01087,2024-01-29,C003,iOS,Canada,25-34,v2.3
U01088,2024-05-23,C005,iOS,USA,25-34,v2.4
U01089,2024-06-06,C004,Android,USA,18-24,v2.3
U01090,2024-02-02,C005,iOS,Germany,18-24,v2.4
U01091,2024-03-28,C002,iOS,Singapore,25-34,v2.1
U01092,2024-03-03,C001,Android,Canada,45-54,v2.1
U01093,2024-03-19,C001,iOS,USA,18-24,v2.4
U01094,2024-04-18,C003,Android,USA,35-44,v2.3
U01095,2024-03-22,C002,iOS,Canada,45-54,v2.2
U01096,2024-06-21,C001,iOS,France,35-44,v2.2
U01097,2024-03-17,C002,iOS,USA,45-54,v2.4
U01098,2024-05-17,C001,iOS,USA,35-44,v2.4
U01099,2024-06-08,C004,iOS,France,18-24,v2.3
U01100,2024-01-18,C003,iOS,USA,25-34,v2.1
U01101,2024-03-18,C003,iOS,Australia,25-34,v2.3
U01102,2024-03-05,C004,iOS,Germany,18-24,v2.1
U01103,2024-06-29,C003,iOS,USA,35-44,v2.4
U01104,2024-04-29,C002,Android,Germany,45-54,v2.4
U01105,2024-05-24,C004,iOS,UK,25-34,v2.2
U01106,2024-06-24,C004,Android,USA,45-54,v2.4
U01107,2024-06-11,C001,iOS,France,35-44,v2.2
U01108,2024-06-02,C001,iOS,UK,18-24,v2.4
U01109,2024-03-20,C002,iOS,USA,35-44,v2.1
U01110,2024-02-10,C002,iOS,Germany,25-34,v2.3
U01111,2024-06-13,C005,Android,USA,18-24,v2.4
U01112,2024-01-22,C002,iOS,UK,55+,v2.4
U01113,2024-06-20,C004,iOS,India,35-44,v2.2
U01114,2024-01-29,C003,iOS,UK,35-44,v2.3
U01115,2024-05-14,C002,Android,UK,18-24,v2.4
U01116,2024-03-25,C005,Android,Germany,35-44,v2.4
U01117,2024-02-25,C001,iOS,Singapore,25-34,v2.2
U01118,2024-05-30,C001,iOS,Australia,18-24,v2.3
U01119,2024-05-01,C004,Android,France,55+,v2.3
U01120,2024-04-04,C005,iOS,Singapore,35-44,v2.4
U01121,2024-06-18,C005,iOS,India,35-44,v2.2
U01122,2024-04-08,C002,Android,USA,45-54,v2.2
U01123,2024-03-01,C005,iOS,India,25-34,v2.4
U01124,2024-03-06,C002,Android,Germany,25-34,v2.4
U01125,2024-02-11,C006,Android,France,35-44,v2.3
U01126,2024-01-09,C002,iOS,Germany,25-34,v2.4
U01127,2024-03-26,C004,Android,France,45-54,v2.4
U01128,2024-05-09,C001,iOS,Australia,25-34,v2.3
U01129,2024-06-26,C001,iOS,Canada,35-44,v2.4
U01130,2024-02-04,C001,iOS,USA,35-44,v2.2
U01131,2024-03-04,C003,Android,France,35-44,v2.4
U01132,2024-06-24,C002,Android,USA,45-54,v2.2
U01133,2024-02-14,C004,Android,Germany,18-24,v2.3
U01134,2024-02-16,C002,iOS,France,35-44,v2.1
U01135,2024-01-06,C006,Android,Canada,45-54,v2.4
U01136,2024-02-20,C002,Android,UK,35-44,v2.3
U01137,2024-02-08,C001,iOS,India,18-24,v2.4
U01138,2024-04-21,C005,Android,France,25-34,v2.2
U01139,2024-02-22,C001,Android,Germany,25-34,v2.3
U01140,2024-02-03,C002,iOS,UK,45-54,v2.4
U01141,2024-02-18,C002,iOS,UK,25-34,v2.2
U01142,2024-06-07,C002,iOS,Canada,35-44,v2.1
U01143,2024-04-30,C001,iOS,Australia,35-44,v2.4
U01144,2024-06-30,C002,Android,UK,25-34,v2.1
U01145,2024-03-01,C003,iOS,Canada,35-44,v2.4
U01146,2024-06-30,C004,iOS,USA,35-44,v2.3
U01147,2024-04-11,C004,iOS,India,18-24,v2.2
U01148,2024-02-13,C003,Android,France,18-24,v2.3
U01149,2024-05-15,C002,iOS,USA,55+,v2.3
U01150,2024-03-12,C004,Android,USA,45-54,v2.3
U01151,2024-03-08,C003,iOS,UK,35-44,v2.3
U01152,2024-02-08,C003,Android,Canada,25-34,v2.2
U01153,2024-01-14,C001,iOS,USA,35-44,v2.3
U01154,2024-05-06,C001,iOS,Australia,25-34,v2.3
U01155,2024-02-07,C001,iOS,France,18-24,v2.2
U01156,2024-05-10,C005,iOS,Australia,18-24,v2.4
U01157,2024-01-02,C003,iOS,USA,18-24,v2.4
U01158,2024-06-22,C001,iOS,USA,55+,v2.2
U01159,2024-04-05,C004,Android,France,18-24,v2.1
U01160,2024-06-30,C004,iOS,Singapore,35-44,v2.1
U01161,2024-01-12,C004,Android,USA,35-44,v2.4
U01162,2024-05-25,C001,Android,Germany,25-34,v2.4
U01163,2024-01-19,C003,Android,UK,25-34,v2.2
U01164,2024-04-12,C001,Android,UK,35-44,v2.2
U01165,2024-06-16,C001,iOS,Germany,35-44,v2.4
U01166,2024-06-24,C004,iOS,UK,25-34,v2.2
U01167,2024-04-24,C006,iOS,Canada,25-34,v2.4
U01168,2024-04-04,C004,iOS,USA,18-24,v2.3
U01169,2024-04-28,C004,Android,Australia,55+,v2.3
U01170,2024-06-14,C003,iOS,USA,45-54,v2.3
U01171,2024-02-08,C006,Android,USA,18-24,v2.3
U01172,2024-05-25,C001,iOS,UK,18-24,v2.3
U01173,2024-01-25,C002,Android,France,25-34,v2.3
U01174,2024-05-08,C001,Android,USA,35-44,v2.4
U01175,2024-01-12,C001,Android,USA,35-44,v2.3
U01176,2024-06-20,C002,Android,USA,45-54,v2.4
U01177,2024-02-24,C001,Android,Canada,45-54,v2.2
U01178,2024-05-16,C001,iOS,UK,35-44,v2.3
U01179,2024-04-13,C005,Android,Canada,25-34,v2.3
U01180,2024-06-06,C002,Android,Australia,25-34,v2.3
U01181,2024-02-02,C001,iOS,France,35-44,v2.2
U01182,2024-01-07,C001,Android,Canada,25-34,v2.3
U01183,2024-05-17,C001,iOS,USA,25-34,v2.1
U01184,2024-02-12,C006,Android,USA,25-34,v2.1
U01185,2024-04-25,C003,iOS,Canada,45-54,v2.1
U01186,2024-01-03,C001,Android,USA,25-34,v2.3
U01187,2024-05-28,C004,iOS,USA,25-34,v2.3
U01188,2024-05-31,C004,Android,India,45-54,v2.2
U01189,2024-01-16,C003,iOS,USA,18-24,v2.4
U01190,2024-04-16,C006,iOS,Canada,35-44,v2.3
U01191,2024-04-21,C001,iOS,UK,25-34,v2.2
U01192,2024-02-26,C003,Android,India,45-54,v2.4
U01193,2024-04-29,C001,iOS,Australia,55+,v2.4
U01194,2024-06-21,C004,iOS,USA,55+,v2.2
U01195,2024-02-23,C002,Android,Australia,18-24,v2.2
U01196,2024-06-04,C003,Android,India,25-34,v2.2
U01197,2024-05-22,C001,iOS,India,25-34,v2.2
U01198,2024-05-08,C001,iOS,USA,35-44,v2.2
U01199,2024-02-27,C003,Android,Germany,35-44,v2.4
U01200,2024-05-22,C002,iOS,Australia,25-34,v2.4
U01201,2024-06-29,C001,Android,Germany,55+,v2.4
U01202,2024-01-28,C005,Android,France,18-24,v2.3
U01203,2024-05-09,C001,Android,France,45-54,v2.2
U01204,2024-03-15,C004,Android,USA,45-54,v2.2
U01205,2024-04-03,C002,iOS,France,25-34,v2.3
U01206,2024-01-02,C001,Android,USA,25-34,v2.1
U01207,2024-04-05,C004,iOS,Canada,18-24,v2.4
U01208,2024-05-15,C002,iOS,Germany,25-34,v2.3
U01209,2024-04-27,C006,iOS,Australia,55+,v2.3
U01210,2024-01-03,C004,iOS,UK,25-34,v2.3
U01211,2024-02-12,C002,iOS,UK,55+,v2.2
U01212,2024-05-27,C001,Android,Australia,35-44,v2.3
U01213,2024-03-16,C002,Android,Australia,45-54,v2.4
U01214,2024-03-21,C006,iOS,USA,25-34,v2.4
U01215,2024-06-28,C002,Android,India,35-44,v2.3
U01216,2024-04-23,C004,Android,Germany,25-34,v2.2
U01217,2024-03-18,C001,iOS,USA,35-44,v2.4
U01218,2024-05-13,C006,iOS,UK,25-34,v2.3
U01219,2024-06-11,C001,iOS,Germany,35-44,v2.2
U01220,2024-03-18,C004,Android,UK,18-24,v2.3
U01221,2024-06-09,C003,iOS,Germany,55+,v2.3
U01222,2024-05-26,C004,iOS,Singapore,45-54,v2.4
U01223,2024-05-24,C004,Android,Australia,45-54,v2.2
U01224,2024-03-17,C002,Android,Australia,35-44,v2.4
U01225,2024-05-13,C004,iOS,USA,18-24,v2.4
U01226,2024-04-26,C001,Android,France,18-24,v2.1
U01227,2024-02-03,C003,iOS,USA,25-34,v2.3
U01228,2024-05-12,C005,Android,Canada,35-44,v2.4
U01229,2024-06-25,C006,iOS,Singapore,45-54,v2.2
U01230,2024-02-02,C003,iOS,Singapore,25-34,v2.3
U01231,2024-06-26,C001,iOS,Germany,55+,v2.3
U01232,2024-01-31,C004,iOS,UK,35-44,v2.1
U01233,2024-02-09,C001,iOS,USA,25-34,v2.1
U01234,2024-02-06,C001,Android,UK,45-54,v2.4
U01235,2024-02-25,C001,Android,UK,25-34,v2.1
U01236,2024-01-12,C002,iOS,Canada,45-54,v2.4
U01237,2024-05-01,C005,Android,UK,18-24,v2.3
U01238,2024-04-25,C004,iOS,Australia,18-24,v2.3
U01239,2024-06-08,C002,iOS,USA,25-34,v2.4
U01240,2024-04-23,C004,Android,France,35-44,v2.3
U01241,2024-06-30,C002,Android,Canada,18-24,v2.4
U01242,2024-05-18,C003,iOS,Canada,18-24,v2.3
U01243,2024-01-05,C001,Android,UK,18-24,v2.4
U01244,2024-03-03,C005,Android,Canada,18-24,v2.3
U01245,2024-03-23,C002,iOS,France,18-24,v2.3
U01246,2024-04-16,C001,iOS,USA,18-24,v2.4
U01247,2024-05-18,C001,iOS,USA,18-24,v2.3
U01248,2024-04-14,C004,iOS,Singapore,18-24,v2.4
U01249,2024-03-17,C002,iOS,USA,25-34,v2.3
U01250,2024-01-31,C001,iOS,Canada,18-24,v2.3
U01251,2024-05-09,C002,iOS,UK,25-34,v2.3
U01252,2024-05-03,C001,Android,India,18-24,v2.3
U01253,2024-05-30,C004,iOS,Canada,35-44,v2.3
U01254,2024-04-14,C002,Android,USA,35-44,v2.2
U01255,2024-05-18,C006,Android,USA,25-34,v2.4
U01256,2024-04-25,C001,Android,Singapore,35-44,v2.4
U01257,2024-02-12,C001,Android,USA,35-44,v2.4
U01258,2024-04-07,C006,Android,UK,45-54,v2.2
U01259,2024-02-11,C004,iOS,USA,25-34,v2.2
U01260,2024-02-05,C004,Android,France,18-24,v2.3
U01261,2024-03-22,C006,Android,Canada,55+,v2.4
U01262,2024-03-10,C001,Android,USA,25-34,v2.3
U01263,2024-01-05,C006,iOS,India,35-44,v2.1
U01264,2024-01-03,C004,iOS,India,35-44,v2.4
U01265,2024-05-17,C001,Android,Australia,25-34,v2.4
U01266,2024-06-20,C002,iOS,Singapore,25-34,v2.3
U01267,2024-04-09,C001,Android,Australia,18-24,v2.3
U01268,2024-02-19,C002,iOS,UK,25-34,v2.4
U01269,2024-04-01,C001,Android,Canada,45-54,v2.2
U01270,2024-05-06,C006,iOS,USA,35-44,v2.3
U01271,2024-01-02,C001,Android,USA,45-54,v2.3
U01272,2024-05-06,C001,iOS,Germany,35-44,v2.3
U01273,2024-02-14,C001,iOS,UK,25-34,v2.3
U01274,2024-02-28,C006,Android,USA,45-54,v2.1
U01275,2024-06-26,C004,Android,Australia,45-54,v2.1
U01276,2024-04-19,C004,Android,UK,55+,v2.3
U01277,2024-04-14,C002,Android,USA,25-34,v2.4
U01278,2024-02-27,C001,Android,USA,25-34,v2.3
U01279,2024-03-26,C001,iOS,UK,35-44,v2.4
U01280,2024-04-18,C006,Android,UK,25-34,v2.1
U01281,2024-06-09,C001,iOS,Germany,35-44,v2.3
U01282,2024-03-26,C005,iOS,USA,55+,v2.4
U01283,2024-03-26,C003,iOS,UK,35-44,v2.3
U01284,2024-01-25,C004,iOS,UK,18-24,v2.1
U01285,2024-03-21,C006,Android,Germany,18-24,v2.4
U01286,2024-01-15,C002,Android,UK,35-44,v2.3
U01287,2024-03-16,C005,iOS,Canada,25-34,v2.4
U01288,2024-06-17,C004,iOS,USA,25-34,v2.3
U01289,2024-01-26,C002,Android,Germany,25-34,v2.3
U01290,2024-02-19,C001,iOS,Australia,35-44,v2.4
U01291,2024-05-26,C001,iOS,USA,25-34,v2.3
U01292,2024-02-17,C001,Android,UK,25-34,v2.3
U01293,2024-06-15,C004,iOS,India,35-44,v2.2
U01294,2024-03-20,C004,iOS,Singapore,25-34,v2.4
U01295,2024-02-07,C001,iOS,France,45-54,v2.3
U01296,2024-02-20,C006,Android,UK,18-24,v2.2
U01297,2024-05-01,C004,Android,Canada,25-34,v2.3
U01298,2024-03-26,C004,iOS,UK,25-34,v2.4
U01299,2024-01-11,C003,Android,Canada,35-44,v2.3
U01300,2024-02-24,C001,Android,Singapore,25-34,v2.4
U01301,2024-02-22,C002,Android,UK,18-24,v2.3
U01302,2024-05-22,C001,iOS,UK,35-44,v2.4
U01303,2024-01-12,C006,iOS,USA,18-24,v2.2
U01304,2024-02-14,C002,iOS,UK,18-24,v2.4
U01305,2024-01-26,C001,Android,USA,35-44,v2.2
U01306,2024-02-23,C002,iOS,Germany,35-44,v2.4
U01307,2024-06-08,C006,Android,UK,18-24,v2.4
U01308,2024-02-18,C001,iOS,USA,35-44,v2.4
U01309,2024-03-03,C006,Android,Canada,45-54,v2.2
U01310,2024-02-08,C002,iOS,Germany,45-54,v2.4
U01311,2024-05-29,C006,iOS,UK,25-34,v2.4
U01312,2024-01-17,C001,iOS,India,35-44,v2.3
U01313,2024-05-12,C002,iOS,USA,35-44,v2.4
U01314,2024-05-06,C003,Android,Canada,45-54,v2.3
U01315,2024-02-23,C001,iOS,France,25-34,v2.3
U01316,2024-04-06,C003,Android,USA,25-34,v2.2
U01317,2024-01-22,C002,iOS,UK,18-24,v2.3
U01318,2024-03-27,C002,iOS,USA,45-54,v2.3
U01319,2024-04-07,C001,iOS,USA,18-24,v2.4
U01320,2024-03-16,C005,iOS,Canada,35-44,v2.4
U01321,2024-01-26,C001,iOS,USA,25-34,v2.4
U01322,2024-03-05,C002,Android,Australia,25-34,v2.4
U01323,2024-02-05,C006,Android,Germany,45-54,v2.1
U01324,2024-03-17,C002,iOS,Singapore,55+,v2.4
U01325,2024-06-16,C001,Android,Singapore,55+,v2.4
U01326,2024-02-28,C001,Android,USA,25-34,v2.4
U01327,2024-04-29,C004,iOS,Germany,25-34,v2.2
U01328,2024-06-27,C002,iOS,France,18-24,v2.2
U01329,2024-02-02,C002,Android,USA,35-44,v2.3
U01330,2024-02-27,C002,Android,USA,35-44,v2.3
U01331,2024-03-24,C003,iOS,UK,18-24,v2.4
U01332,2024-03-25,C003,Android,India,35-44,v2.3
U01333,2024-04-07,C001,iOS,USA,18-24,v2.2
U01334,2024-05-25,C006,Android,USA,18-24,v2.4
U01335,2024-02-15,C001,Android,USA,18-24,v2.1
U01336,2024-04-08,C002,iOS,Australia,18-24,v2.1
U01337,2024-05-12,C001,iOS,India,25-34,v2.4
U01338,2024-02-03,C003,iOS,UK,55+,v2.4
U01339,2024-02-03,C006,iOS,France,35-44,v2.2
U01340,2024-05-27,C006,Android,USA,35-44,v2.2
U01341,2024-01-02,C006,iOS,France,35-44,v2.2
U01342,2024-03-25,C006,Android,USA,35-44,v2.4
U01343,2024-03-14,C004,Android,USA,45-54,v2.4
U01344,2024-04-10,C004,Android,UK,18-24,v2.4
U01345,2024-04-20,C002,Android,UK,25-34,v2.3
U01346,2024-01-12,C001,Android,USA,35-44,v2.2
U01347,2024-01-18,C004,Android,UK,25-34,v2.4
U01348,2024-05-21,C001,iOS,Germany,25-34,v2.4
U01349,2024-04-14,C002,iOS,USA,25-34,v2.1
U01350,2024-06-26,C004,iOS,USA,25-34,v2.2
U01351,2024-01-10,C001,iOS,India,25-34,v2.4
U01352,2024-05-04,C002,iOS,Australia,35-44,v2.3
U01353,2024-04-30,C005,Android,UK,18-24,v2.2
U01354,2024-03-16,C001,Android,UK,35-44,v2.1
U01355,2024-03-10,C001,iOS,UK,18-24,v2.4
U01356,2024-02-25,C002,iOS,Canada,25-34,v2.4
U01357,2024-06-17,C006,iOS,USA,18-24,v2.1
U01358,2024-04-06,C004,Android,USA,18-24,v2.1
U01359,2024-04-17,C001,iOS,France,35-44,v2.1
U01360,2024-01-25,C005,Android,UK,18-24,v2.3
U01361,2024-01-28,C005,iOS,Canada,35-44,v2.4
U01362,2024-04-11,C006,iOS,UK,25-34,v2.2
U01363,2024-04-12,C004,iOS,UK,18-24,v2.4
U01364,2024-03-12,C004,iOS,UK,18-24,v2.3
U01365,2024-06-02,C003,Android,Australia,45-54,v2.4
U01366,2024-05-25,C001,Android,Canada,55+,v2.4
U01367,2024-06-22,C006,Android,UK,18-24,v2.4
U01368,2024-06-25,C002,Android,USA,25-34,v2.3
U01369,2024-05-29,C002,iOS,Germany,25-34,v2.4
U01370,2024-01-04,C001,Android,India,25-34,v2.4
U01371,2024-03-03,C004,iOS,USA,25-34,v2.2
U01372,2024-02-22,C004,iOS,Australia,55+,v2.3
U01373,2024-03-25,C001,iOS,Germany,18-24,v2.4
U01374,2024-04-16,C004,iOS,UK,45-54,v2.3
U01375,2024-03-03,C001,iOS,India,55+,v2.4
U01376,2024-06-27,C004,Android,USA,25-34,v2.3
U01377,2024-01-02,C001,iOS,Singapore,18-24,v2.4
U01378,2024-02-22,C001,iOS,USA,45-54,v2.2
U01379,2024-05-09,C001,Android,USA,35-44,v2.2
U01380,2024-02-15,C004,iOS,Canada,55+,v2.2
U01381,2024-05-03,C001,Android,USA,18-24,v2.3
U01382,2024-05-09,C004,iOS,UK,55+,v2.3
U01383,2024-04-07,C002,iOS,India,25-34,v2.3
U01384,2024-05-21,C004,iOS,USA,25-34,v2.3
U01385,2024-06-04,C003,iOS,Australia,18-24,v2.4
U01386,2024-01-02,C001,iOS,Australia,25-34,v2.4
U01387,2024-04-11,C006,iOS,USA,35-44,v2.3
U01388,2024-04-14,C006,Android,UK,55+,v2.2
U01389,2024-04-21,C006,Android,Germany,25-34,v2.4
U01390,2024-06-11,C004,Android,Australia,55+,v2.4
U01391,2024-03-03,C003,Android,USA,35-44,v2.1
U01392,2024-06-19,C004,iOS,USA,35-44,v2.2
U01393,2024-06-03,C003,Android,UK,18-24,v2.1
U01394,2024-04-08,C002,Android,India,25-34,v2.2
U01395,2024-04-18,C001,iOS,Australia,25-34,v2.3
U01396,2024-04-07,C003,Android,Germany,55+,v2.4
U01397,2024-01-28,C004,Android,USA,18-24,v2.4
U01398,2024-04-11,C004,iOS,UK,25-34,v2.1
U01399,2024-06-27,C002,iOS,USA,25-34,v2.2
U01400,2024-02-17,C004,iOS,UK,55+,v2.3
U01401,2024-02-24,C001,iOS,UK,35-44,v2.2
U01402,2024-04-14,C002,Android,UK,35-44,v2.1
U01403,2024-01-22,C002,iOS,USA,35-44,v2.3
U01404,2024-06-21,C004,iOS,USA,55+,v2.4
U01405,2024-01-11,C001,iOS,UK,35-44,v2.4
U01406,2024-03-09,C006,iOS,USA,25-34,v2.3
U01407,2024-03-28,C006,Android,India,35-44,v2.3
U01408,2024-01-15,C006,Android,Germany,18-24,v2.4
U01409,2024-04-12,C004,Android,UK,35-44,v2.4
U01410,2024-03-12,C006,Android,UK,25-34,v2.4
U01411,2024-05-01,C003,Android,UK,35-44,v2.4
U01412,2024-03-23,C001,iOS,UK,45-54,v2.3
U01413,2024-04-23,C001,iOS,Germany,45-54,v2.3
U01414,2024-05-01,C006,Android,India,35-44,v2.2
U01415,2024-02-19,C004,Android,France,35-44,v2.4
U01416,2024-01-09,C001,Android,USA,35-44,v2.3
U01417,2024-04-29,C001,iOS,UK,35-44,v2.2
U01418,2024-02-24,C001,Android,Australia,18-24,v2.4
U01419,2024-01-08,C001,Android,India,35-44,v2.2
U01420,2024-03-06,C004,Android,Australia,35-44,v2.4
U01421,2024-06-11,C004,iOS,Australia,45-54,v2.4
U01422,2024-06-02,C001,iOS,India,35-44,v2.4
U01423,2024-06-16,C004,iOS,France,45-54,v2.2
U01424,2024-01-30,C002,iOS,USA,35-44,v2.2
U01425,2024-01-30,C003,iOS,USA,25-34,v2.4
U01426,2024-03-20,C001,iOS,France,55+,v2.3
U01427,2024-04-03,C005,Android,UK,35-44,v2.3
U01428,2024-01-28,C002,iOS,USA,18-24,v2.4
U01429,2024-02-26,C003,iOS,Canada,18-24,v2.4
U01430,2024-06-28,C001,iOS,USA,35-44,v2.2
U01431,2024-06-29,C003,Android,UK,25-34,v2.4
U01432,2024-01-16,C006,iOS,France,18-24,v2.4
U01433,2024-02-27,C004,iOS,France,18-24,v2.3
U01434,2024-04-10,C002,Android,India,18-24,v2.1
U01435,2024-04-10,C002,Android,Singapore,35-44,v2.3
U01436,2024-05-15,C004,iOS,India,35-44,v2.3
U01437,2024-01-25,C001,Android,Canada,45-54,v2.4
U01438,2024-06-30,C002,Android,Canada,25-34,v2.3
U01439,2024-02-07,C001,Android,UK,35-44,v2.3
U01440,2024-05-27,C001,Android,France,25-34,v2.4
U01441,2024-06-22,C005,Android,UK,55+,v2.2
U01442,2024-01-14,C001,iOS,USA,25-34,v2.2
U01443,2024-04-13,C001,iOS,USA,25-34,v2.3
U01444,2024-02-14,C004,iOS,Australia,45-54,v2.4
U01445,2024-04-28,C005,Android,USA,35-44,v2.3
U01446,2024-01-31,C001,iOS,Canada,45-54,v2.2
U01447,2024-05-30,C003,iOS,USA,35-44,v2.4
U01448,2024-02-16,C002,Android,Australia,25-34,v2.2
U01449,2024-03-24,C001,Android,Germany,18-24,v2.4
U01450,2024-01-06,C002,Android,Germany,25-34,v2.1
U01451,2024-05-29,C003,Android,Australia,35-44,v2.2
U01452,2024-06-17,C006,iOS,Canada,18-24,v2.3
U01453,2024-03-21,C001,iOS,UK,18-24,v2.3
U01454,2024-01-09,C001,iOS,USA,55+,v2.2
U01455,2024-06-17,C001,iOS,India,25-34,v2.4
U01456,2024-06-17,C003,iOS,USA,25-34,v2.4
U01457,2024-03-31,C004,iOS,Australia,35-44,v2.1
U01458,2024-01-10,C001,iOS,France,55+,v2.3
U01459,2024-02-25,C004,iOS,Australia,25-34,v2.3
U01460,2024-03-07,C002,Android,USA,18-24,v2.2
U01461,2024-04-18,C006,iOS,UK,35-44,v2.2
U01462,2024-06-11,C004,iOS,USA,35-44,v2.4
U01463,2024-06-03,C001,Android,USA,35-44,v2.3
U01464,2024-06-03,C001,iOS,USA,35-44,v2.3
U01465,2024-03-25,C004,iOS,USA,25-34,v2.4
U01466,2024-02-27,C002,iOS,Singapore,18-24,v2.4
U01467,2024-02-01,C001,Android,USA,45-54,v2.3
U01468,2024-05-15,C002,iOS,USA,25-34,v2.1
U01469,2024-01-13,C001,Android,USA,25-34,v2.4
U01470,2024-05-16,C003,Android,USA,35-44,v2.2
U01471,2024-06-24,C003,iOS,UK,25-34,v2.4
U01472,2024-01-14,C006,Android,USA,35-44,v2.4
U01473,2024-04-17,C004,iOS,Singapore,45-54,v2.3
U01474,2024-03-11,C006,iOS,Australia,55+,v2.2
U01475,2024-06-11,C005,Android,USA,25-34,v2.1
U01476,2024-01-21,C001,iOS,UK,35-44,v2.1
U01477,2024-03-14,C003,iOS,France,55+,v2.3
U01478,2024-05-10,C006,iOS,USA,35-44,v2.4
U01479,2024-05-16,C004,iOS,Canada,45-54,v2.4
U01480,2024-04-18,C004,Android,UK,35-44,v2.4
U01481,2024-05-15,C004,iOS,USA,18-24,v2.4
U01482,2024-05-14,C006,iOS,USA,18-24,v2.3
U01483,2024-01-14,C002,iOS,USA,18-24,v2.4
U01484,2024-03-04,C005,Android,France,25-34,v2.3
U01485,2024-03-08,C001,Android,Canada,18-24,v2.3
U01486,2024-06-13,C003,Android,India,45-54,v2.4
U01487,2024-01-15,C002,Android,USA,25-34,v2.1
U01488,2024-02-17,C002,iOS,USA,18-24,v2.3
U01489,2024-02-09,C002,Android,UK,35-44,v2.2
U01490,2024-04-30,C002,iOS,USA,18-24,v2.4
U01491,2024-01-28,C006,Android,USA,18-24,v2.4
U01492,2024-01-02,C002,Android,UK,18-24,v2.1
U01493,2024-04-11,C002,iOS,UK,35-44,v2.4
U01494,2024-06-19,C006,iOS,USA,25-34,v2.4
U01495,2024-02-02,C002,Android,India,25-34,v2.4
U01496,2024-04-09,C001,Android,Germany,18-24,v2.3
U01497,2024-01-04,C004,iOS,Australia,25-34,v2.4
U01498,2024-01-03,C002,iOS,USA,35-44,v2.2
U01499,2024-02-09,C004,iOS,USA,18-24,v2.2
U01500,2024-06-28,C001,Android,UK,35-44,v2.4
U01501,2024-06-28,C004,Android,UK,45-54,v2.3
U01502,2024-02-08,C001,iOS,UK,55+,v2.4
U01503,2024-04-19,C001,iOS,France,25-34,v2.3
U01504,2024-06-28,C004,iOS,USA,25-34,v2.3
U01505,2024-06-13,C001,iOS,USA,55+,v2.4
U01506,2024-03-04,C002,iOS,UK,18-24,v2.4
U01507,2024-02-24,C002,iOS,Canada,25-34,v2.2
U01508,2024-05-05,C002,iOS,UK,18-24,v2.3
U01509,2024-02-03,C002,Android,USA,35-44,v2.3
U01510,2024-04-05,C001,iOS,Canada,18-24,v2.2
U01511,2024-06-10,C004,iOS,Canada,45-54,v2.4
U01512,2024-02-18,C001,iOS,UK,55+,v2.3
U01513,2024-03-18,C004,Android,UK,35-44,v2.1
U01514,2024-02-19,C002,Android,India,35-44,v2.4
U01515,2024-05-23,C006,Android,USA,35-44,v2.4
U01516,2024-01-18,C003,iOS,Singapore,45-54,v2.2
U01517,2024-03-11,C004,iOS,UK,25-34,v2.4
U01518,2024-06-26,C001,Android,USA,25-34,v2.3
U01519,2024-01-20,C001,Android,USA,35-44,v2.3
U01520,2024-03-10,C001,iOS,Canada,35-44,v2.1
U01521,2024-05-11,C002,Android,USA,25-34,v2.2
U01522,2024-06-30,C002,iOS,UK,25-34,v2.2
U01523,2024-06-12,C001,Android,India,25-34,v2.4
U01524,2024-06-13,C006,Android,UK,18-24,v2.3
U01525,2024-06-10,C004,iOS,UK,35-44,v2.3
U01526,2024-02-04,C002,Android,USA,18-24,v2.4
U01527,2024-04-01,C001,Android,UK,55+,v2.3
U01528,2024-05-29,C001,Android,USA,35-44,v2.4
U01529,2024-06-11,C004,iOS,USA,25-34,v2.2
U01530,2024-06-10,C005,Android,UK,18-24,v2.4
U01531,2024-04-04,C001,iOS,USA,25-34,v2.4
U01532,2024-02-15,C001,iOS,Australia,35-44,v2.1
U01533,2024-02-11,C006,Android,Australia,18-24,v2.2
U01534,2024-04-19,C001,Android,Singapore,18-24,v2.3
U01535,2024-01-04,C004,iOS,UK,45-54,v2.4
U01536,2024-06-13,C006,iOS,Germany,25-34,v2.4
U01537,2024-06-02,C001,Android,Singapore,18-24,v2.4
U01538,2024-03-27,C005,iOS,UK,35-44,v2.4
U01539,2024-02-11,C002,iOS,UK,25-34,v2.2
U01540,2024-05-19,C001,Android,UK,25-34,v2.3
U01541,2024-04-16,C001,Android,UK,25-34,v2.2
U01542,2024-06-16,C002,Android,Australia,35-44,v2.4
U01543,2024-01-29,C003,Android,UK,55+,v2.2
U01544,2024-01-20,C004,iOS,India,45-54,v2.4
U01545,2024-06-03,C001,iOS,USA,18-24,v2.3
U01546,2024-06-19,C004,Android,USA,45-54,v2.2
U01547,2024-05-07,C004,Android,France,35-44,v2.1
U01548,2024-01-01,C005,Android,Germany,18-24,v2.2
U01549,2024-04-24,C004,Android,USA,18-24,v2.3
U01550,2024-03-12,C001,iOS,UK,35-44,v2.3
U01551,2024-05-06,C002,Android,USA,45-54,v2.3
U01552,2024-06-16,C006,iOS,USA,25-34,v2.3
U01553,2024-05-17,C005,iOS,Canada,25-34,v2.3
U01554,2024-06-26,C005,iOS,UK,25-34,v2.2
U01555,2024-01-05,C002,iOS,UK,18-24,v2.4
U01556,2024-04-02,C005,Android,France,25-34,v2.2
U01557,2024-05-21,C006,Android,UK,45-54,v2.1
U01558,2024-02-05,C001,Android,UK,35-44,v2.4
U01559,2024-04-18,C002,Android,Australia,18-24,v2.4
U01560,2024-02-10,C001,iOS,UK,18-24,v2.3
U01561,2024-04-16,C001,iOS,Germany,35-44,v2.4
U01562,2024-03-17,C003,Android,USA,35-44,v2.1
U01563,2024-01-29,C001,Android,UK,35-44,v2.3
U01564,2024-01-03,C002,iOS,India,25-34,v2.4
U01565,2024-03-07,C006,iOS,Australia,25-34,v2.2
U01566,2024-01-24,C003,Android,UK,18-24,v2.3
U01567,2024-02-26,C002,Android,Singapore,35-44,v2.1
U01568,2024-06-26,C002,iOS,Canada,45-54,v2.2
U01569,2024-04-05,C004,iOS,UK,18-24,v2.3
U01570,2024-03-26,C001,iOS,USA,18-24,v2.3
U01571,2024-03-20,C001,iOS,India,18-24,v2.1
U01572,2024-05-25,C003,iOS,Germany,18-24,v2.3
U01573,2024-03-20,C001,iOS,USA,25-34,v2.2
U01574,2024-04-10,C004,Android,Australia,18-24,v2.3
U01575,2024-05-08,C001,Android,UK,35-44,v2.3
U01576,2024-05-30,C005,iOS,UK,35-44,v2.1
U01577,2024-06-09,C001,Android,India,45-54,v2.4
U01578,2024-02-11,C006,iOS,Singapore,35-44,v2.3
U01579,2024-03-28,C002,iOS,USA,35-44,v2.4
U01580,2024-01-11,C006,Android,USA,18-24,v2.3
U01581,2024-01-20,C006,iOS,Singapore,18-24,v2.1
U01582,2024-03-20,C003,Android,Germany,18-24,v2.1
U01583,2024-03-21,C001,iOS,UK,35-44,v2.3
U01584,2024-01-19,C001,Android,USA,25-34,v2.2
U01585,2024-04-23,C004,iOS,UK,25-34,v2.1
U01586,2024-03-14,C002,Android,India,18-24,v2.3
U01587,2024-06-08,C006,iOS,Australia,25-34,v2.2
U01588,2024-06-23,C001,Android,UK,45-54,v2.4
U01589,2024-05-23,C001,Android,USA,18-24,v2.3
U01590,2024-01-19,C001,Android,Australia,25-34,v2.3
U01591,2024-05-16,C006,iOS,UK,35-44,v2.4
U01592,2024-04-11,C004,iOS,USA,25-34,v2.4
U01593,2024-05-04,C001,Android,UK,25-34,v2.3
U01594,2024-04-30,C001,iOS,Canada,55+,v2.4
U01595,2024-01-16,C006,iOS,USA,25-34,v2.1
U01596,2024-01-06,C006,Android,USA,35-44,v2.1
U01597,2024-01-18,C002,iOS,France,25-34,v2.3
U01598,2024-02-24,C004,iOS,France,18-24,v2.4
U01599,2024-03-28,C006,iOS,UK,55+,v2.3
U01600,2024-05-17,C004,iOS,Australia,25-34,v2.4
U01601,2024-04-09,C005,iOS,India,18-24,v2.4
U01602,2024-05-28,C004,iOS,Singapore,55+,v2.4
U01603,2024-03-22,C001,Android,India,25-34,v2.3
U01604,2024-06-21,C002,iOS,UK,25-34,v2.4
U01605,2024-02-02,C004,Android,Canada,18-24,v2.4
U01606,2024-02-18,C002,iOS,UK,25-34,v2.3
U01607,2024-02-18,C006,iOS,UK,45-54,v2.1
U01608,2024-03-19,C003,Android,Australia,35-44,v2.3
U01609,2024-04-15,C002,Android,USA,55+,v2.3
U01610,2024-02-15,C002,iOS,Canada,18-24,v2.3
U01611,2024-03-13,C005,Android,USA,25-34,v2.3
U01612,2024-01-26,C006,Android,UK,35-44,v2.3
U01613,2024-04-15,C001,Android,Canada,25-34,v2.3
U01614,2024-05-08,C003,iOS,USA,25-34,v2.2
U01615,2024-04-26,C003,iOS,France,55+,v2.3
U01616,2024-04-28,C002,Android,Australia,35-44,v2.1
U01617,2024-04-05,C005,iOS,USA,35-44,v2.3
U01618,2024-04-16,C004,iOS,India,18-24,v2.1
U01619,2024-04-05,C005,iOS,Germany,25-34,v2.2
U01620,2024-05-26,C006,iOS,Singapore,18-24,v2.3
U01621,2024-01-14,C005,iOS,UK,35-44,v2.4
U01622,2024-02-14,C002,iOS,UK,18-24,v2.4
U01623,2024-02-02,C003,Android,Germany,45-54,v2.3
U01624,2024-03-07,C005,iOS,USA,18-24,v2.1
U01625,2024-01-03,C004,Android,UK,35-44,v2.4
U01626,2024-01-21,C003,iOS,Germany,55+,v2.3
U01627,2024-04-01,C001,Android,UK,18-24,v2.4
U01628,2024-04-06,C005,Android,USA,55+,v2.3
U01629,2024-06-12,C006,Android,UK,55+,v2.2
U01630,2024-02-06,C002,Android,UK,25-34,v2.3
U01631,2024-02-23,C002,iOS,UK,18-24,v2.4
U01632,2024-01-20,C001,iOS,India,35-44,v2.3
U01633,2024-02-11,C001,iOS,UK,25-34,v2.3
U01634,2024-01-09,C001,iOS,USA,55+,v2.3
U01635,2024-01-02,C001,Android,India,18-24,v2.1
U01636,2024-01-06,C003,Android,UK,25-34,v2.4
U01637,2024-01-08,C002,iOS,Australia,55+,v2.2
U01638,2024-05-03,C001,iOS,Australia,35-44,v2.3
U01639,2024-05-06,C002,Android,India,25-34,v2.2
U01640,2024-03-12,C006,iOS,Germany,35-44,v2.2
U01641,2024-02-22,C006,iOS,India,25-34,v2.4
U01642,2024-03-22,C004,Android,USA,25-34,v2.3
U01643,2024-06-10,C005,iOS,India,55+,v2.2
U01644,2024-04-14,C002,Android,Canada,55+,v2.3
U01645,2024-01-08,C001,Android,USA,18-24,v2.2
U01646,2024-02-25,C004,iOS,Germany,18-24,v2.3
U01647,2024-01-03,C004,iOS,Canada,25-34,v2.2
U01648,2024-01-17,C002,Android,USA,18-24,v2.2
U01649,2024-06-04,C006,Android,Australia,35-44,v2.3
U01650,2024-06-23,C004,iOS,USA,18-24,v2.4
U01651,2024-05-07,C001,iOS,UK,25-34,v2.3
U01652,2024-05-31,C002,iOS,USA,35-44,v2.4
U01653,2024-01-02,C006,iOS,France,25-34,v2.4
U01654,2024-05-15,C001,Android,UK,18-24,v2.4
U01655,2024-03-18,C002,Android,USA,25-34,v2.3
U01656,2024-06-05,C001,iOS,Singapore,25-34,v2.3
U01657,2024-02-01,C005,Android,UK,18-24,v2.4
U01658,2024-02-05,C001,iOS,Australia,25-34,v2.2
U01659,2024-02-18,C004,Android,France,25-34,v2.1
U01660,2024-06-25,C005,iOS,Germany,18-24,v2.4
U01661,2024-01-20,C002,Android,Germany,25-34,v2.4
U01662,2024-02-05,C003,iOS,USA,18-24,v2.3
U01663,2024-04-15,C004,Android,USA,18-24,v2.3
U01664,2024-05-05,C006,iOS,Germany,18-24,v2.2
U01665,2024-03-16,C004,iOS,France,18-24,v2.3
U01666,2024-02-22,C004,iOS,USA,18-24,v2.4
U01667,2024-04-29,C005,iOS,UK,18-24,v2.3
U01668,2024-05-15,C003,iOS,India,35-44,v2.4
U01669,2024-05-09,C001,iOS,India,25-34,v2.3
U01670,2024-06-07,C003,Android,UK,25-34,v2.2
U01671,2024-03-19,C006,iOS,UK,25-34,v2.2
U01672,2024-01-29,C001,Android,UK,18-24,v2.4
U01673,2024-04-25,C002,iOS,Canada,25-34,v2.2
U01674,2024-04-11,C003,iOS,UK,25-34,v2.1
U01675,2024-06-15,C002,Android,UK,18-24,v2.2
U01676,2024-03-11,C003,iOS,USA,35-44,v2.3
U01677,2024-01-29,C001,iOS,UK,25-34,v2.1
U01678,2024-01-26,C002,Android,Australia,25-34,v2.3
U01679,2024-02-26,C004,Android,USA,18-24,v2.4
U01680,2024-03-29,C004,Android,USA,18-24,v2.2
U01681,2024-06-28,C004,Android,France,35-44,v2.2
U01682,2024-06-23,C001,iOS,India,18-24,v2.1
U01683,2024-05-01,C002,iOS,Singapore,45-54,v2.2
U01684,2024-01-03,C004,Android,Canada,25-34,v2.2
U01685,2024-01-29,C001,iOS,Australia,25-34,v2.2
U01686,2024-05-08,C001,iOS,UK,25-34,v2.4
U01687,2024-04-25,C003,iOS,USA,35-44,v2.2
U01688,2024-04-27,C001,iOS,Australia,45-54,v2.4
U01689,2024-06-01,C003,iOS,USA,35-44,v2.2
U01690,2024-04-15,C005,Android,UK,25-34,v2.2
U01691,2024-06-27,C006,iOS,Germany,18-24,v2.4
U01692,2024-06-12,C001,iOS,Canada,25-34,v2.4
U01693,2024-05-14,C001,Android,USA,25-34,v2.3
U01694,2024-03-11,C002,iOS,USA,25-34,v2.3
U01695,2024-04-20,C005,iOS,Germany,25-34,v2.2
U01696,2024-01-03,C003,Android,USA,18-24,v2.4
U01697,2024-06-08,C003,iOS,USA,18-24,v2.2
U01698,2024-04-26,C001,iOS,Canada,18-24,v2.3
U01699,2024-04-20,C002,Android,UK,18-24,v2.4
U01700,2024-05-08,C004,Android,UK,18-24,v2.2
U01701,2024-02-20,C002,Android,USA,18-24,v2.4
U01702,2024-03-04,C005,Android,USA,55+,v2.1
U01703,2024-03-07,C006,Android,UK,25-34,v2.4
U01704,2024-05-28,C001,Android,USA,25-34,v2.2
U01705,2024-03-19,C001,iOS,Canada,25-34,v2.3
U01706,2024-04-21,C001,iOS,Australia,25-34,v2.4
U01707,2024-04-01,C002,iOS,USA,25-34,v2.1
U01708,2024-05-23,C001,Android,UK,18-24,v2.4
U01709,2024-03-03,C003,iOS,Canada,45-54,v2.4
U01710,2024-01-14,C004,iOS,USA,18-24,v2.4
U01711,2024-05-12,C002,iOS,UK,45-54,v2.3
U01712,2024-03-26,C004,Android,Canada,35-44,v2.4
U01713,2024-02-01,C004,Android,Germany,18-24,v2.2
U01714,2024-02-06,C003,Android,UK,45-54,v2.3
U01715,2024-02-09,C002,iOS,Singapore,18-24,v2.3
U01716,2024-06-25,C001,iOS,UK,45-54,v2.3
U01717,2024-03-04,C001,iOS,France,25-34,v2.1
U01718,2024-02-01,C002,iOS,UK,18-24,v2.4
U01719,2024-03-07,C005,Android,France,35-44,v2.3
U01720,2024-06-11,C001,iOS,Germany,18-24,v2.3
U01721,2024-06-28,C003,iOS,USA,35-44,v2.4
U01722,2024-05-06,C002,iOS,USA,45-54,v2.3
U01723,2024-04-18,C001,iOS,UK,25-34,v2.3
U01724,2024-01-09,C004,Android,Canada,18-24,v2.4
U01725,2024-02-05,C002,Android,USA,55+,v2.3
U01726,2024-05-08,C001,Android,USA,25-34,v2.2
U01727,2024-02-08,C002,Android,USA,35-44,v2.4
U01728,2024-03-12,C005,Android,India,18-24,v2.4
U01729,2024-05-03,C002,iOS,Australia,35-44,v2.4
U01730,2024-06-17,C003,iOS,USA,55+,v2.3
U01731,2024-06-07,C005,iOS,UK,35-44,v2.2
U01732,2024-06-19,C001,Android,USA,35-44,v2.4
U01733,2024-03-01,C001,Android,Australia,25-34,v2.4
U01734,2024-01-17,C001,iOS,UK,35-44,v2.3
U01735,2024-04-05,C004,Android,India,25-34,v2.4
U01736,2024-04-06,C001,Android,Canada,18-24,v2.3
U01737,2024-06-22,C002,iOS,UK,45-54,v2.4
U01738,2024-02-19,C001,iOS,Singapore,18-24,v2.1
U01739,2024-02-05,C006,iOS,USA,25-34,v2.1
U01740,2024-02-17,C004,Android,Australia,25-34,v2.2
U01741,2024-02-23,C003,iOS,USA,35-44,v2.3
U01742,2024-02-05,C005,iOS,Canada,45-54,v2.3
U01743,2024-02-02,C005,iOS,UK,18-24,v2.3
U01744,2024-03-25,C001,Android,USA,45-54,v2.3
U01745,2024-04-01,C001,Android,Singapore,18-24,v2.3
U01746,2024-05-12,C006,iOS,USA,18-24,v2.4
U01747,2024-01-29,C003,Android,Singapore,35-44,v2.1
U01748,2024-04-17,C002,iOS,Germany,18-24,v2.3
U01749,2024-03-25,C006,Android,France,18-24,v2.1
U01750,2024-05-24,C006,Android,Germany,18-24,v2.4
U01751,2024-04-16,C004,Android,UK,25-34,v2.4
U01752,2024-03-10,C004,iOS,USA,18-24,v2.3
U01753,2024-05-02,C002,Android,Singapore,18-24,v2.1
U01754,2024-02-20,C003,Android,Australia,35-44,v2.3
U01755,2024-01-14,C002,iOS,UK,35-44,v2.3
U01756,2024-01-30,C002,Android,Singapore,25-34,v2.2
U01757,2024-04-21,C006,iOS,UK,18-24,v2.3
U01758,2024-05-17,C003,Android,UK,35-44,v2.4
U01759,2024-01-20,C001,iOS,USA,25-34,v2.3
U01760,2024-03-03,C006,iOS,USA,35-44,v2.4
U01761,2024-01-20,C002,iOS,USA,35-44,v2.3
U01762,2024-02-26,C002,iOS,USA,25-34,v2.4
U01763,2024-03-03,C003,iOS,Australia,25-34,v2.1
U01764,2024-04-15,C004,Android,USA,18-24,v2.2
U01765,2024-05-13,C001,Android,UK,25-34,v2.4
U01766,2024-02-06,C001,iOS,USA,35-44,v2.4
U01767,2024-01-06,C003,iOS,USA,25-34,v2.4
U01768,2024-01-22,C001,Android,USA,18-24,v2.3
U01769,2024-04-23,C001,iOS,UK,25-34,v2.1
U01770,2024-03-19,C001,Android,India,45-54,v2.4
U01771,2024-03-27,C006,Android,France,35-44,v2.4
U01772,2024-03-28,C004,Android,France,35-44,v2.4
U01773,2024-01-15,C005,iOS,Singapore,55+,v2.2
U01774,2024-05-16,C002,iOS,Canada,25-34,v2.2
U01775,2024-04-07,C002,Android,UK,45-54,v2.2
U01776,2024-06-23,C006,iOS,UK,25-34,v2.3
U01777,2024-04-11,C001,iOS,USA,25-34,v2.4
U01778,2024-06-04,C001,iOS,Australia,45-54,v2.4
U01779,2024-04-23,C002,iOS,USA,55+,v2.3
U01780,2024-05-22,C001,iOS,India,25-34,v2.3
U01781,2024-03-21,C006,iOS,USA,35-44,v2.2
U01782,2024-05-06,C001,Android,UK,35-44,v2.1
U01783,2024-01-30,C004,iOS,USA,25-34,v2.3
U01784,2024-05-21,C004,iOS,Australia,25-34,v2.2
U01785,2024-06-22,C005,Android,USA,18-24,v2.2
U01786,2024-01-28,C001,iOS,USA,18-24,v2.3
U01787,2024-04-05,C005,Android,UK,25-34,v2.2
U01788,2024-01-07,C002,Android,USA,25-34,v2.4
U01789,2024-04-30,C006,iOS,UK,25-34,v2.2
U01790,2024-02-08,C006,iOS,Canada,45-54,v2.3
U01791,2024-05-10,C005,Android,India,25-34,v2.3
U01792,2024-06-17,C004,iOS,Singapore,18-24,v2.1
U01793,2024-02-27,C003,Android,Canada,35-44,v2.3
U01794,2024-02-01,C005,iOS,UK,25-34,v2.3
U01795,2024-04-22,C002,iOS,Canada,45-54,v2.3
U01796,2024-04-02,C001,iOS,Singapore,35-44,v2.3
U01797,2024-04-14,C002,iOS,USA,45-54,v2.4
U01798,2024-06-03,C001,Android,UK,45-54,v2.4
U01799,2024-05-17,C001,Android,Australia,35-44,v2.3
U01800,2024-03-14,C002,iOS,USA,25-34,v2.2
U01801,2024-05-06,C004,Android,India,45-54,v2.1
U01802,2024-01-31,C002,Android,Australia,25-34,v2.2
U01803,2024-01-09,C005,iOS,UK,18-24,v2.3
U01804,2024-05-15,C006,Android,USA,25-34,v2.3
U01805,2024-03-16,C001,Android,India,35-44,v2.3
U01806,2024-01-12,C001,Android,India,45-54,v2.3
U01807,2024-04-21,C002,iOS,UK,18-24,v2.4
U01808,2024-05-10,C001,Android,Canada,25-34,v2.3
U01809,2024-04-07,C002,iOS,Australia,25-34,v2.4
U01810,2024-02-29,C002,iOS,Canada,45-54,v2.3
U01811,2024-04-19,C002,iOS,Germany,55+,v2.1
U01812,2024-02-23,C002,iOS,France,25-34,v2.3
U01813,2024-02-12,C001,iOS,USA,45-54,v2.2
U01814,2024-03-07,C006,Android,India,35-44,v2.2
U01815,2024-02-22,C003,iOS,UK,35-44,v2.1
U01816,2024-05-18,C003,iOS,USA,45-54,v2.3
U01817,2024-03-13,C006,iOS,Germany,25-34,v2.4
U01818,2024-03-16,C006,Android,India,18-24,v2.4
U01819,2024-05-06,C002,Android,Singapore,35-44,v2.2
U01820,2024-03-31,C005,Android,UK,18-24,v2.2
U01821,2024-03-26,C002,Android,USA,35-44,v2.4
U01822,2024-03-21,C006,iOS,UK,35-44,v2.3
U01823,2024-02-18,C005,Android,France,18-24,v2.3
U01824,2024-01-03,C001,Android,France,18-24,v2.2
U01825,2024-04-30,C001,Android,Germany,25-34,v2.2
U01826,2024-01-23,C006,Android,Germany,18-24,v2.1
U01827,2024-05-22,C004,Android,UK,35-44,v2.3
U01828,2024-06-10,C003,Android,USA,35-44,v2.2
U01829,2024-03-17,C005,Android,Australia,25-34,v2.3
U01830,2024-06-02,C002,iOS,UK,18-24,v2.4
U01831,2024-03-14,C002,iOS,UK,25-34,v2.2
U01832,2024-03-22,C004,iOS,USA,18-24,v2.4
U01833,2024-05-05,C004,Android,UK,25-34,v2.2
U01834,2024-04-14,C001,Android,USA,25-34,v2.3
U01835,2024-04-23,C002,iOS,UK,25-34,v2.2
U01836,2024-06-11,C005,iOS,USA,35-44,v2.2
U01837,2024-02-22,C005,iOS,Singapore,35-44,v2.2
U01838,2024-05-18,C001,Android,Germany,18-24,v2.4
U01839,2024-03-31,C004,iOS,Australia,25-34,v2.3
U01840,2024-02-20,C006,Android,USA,35-44,v2.2
U01841,2024-02-11,C006,iOS,UK,35-44,v2.4
U01842,2024-01-10,C005,Android,USA,25-34,v2.4
U01843,2024-01-11,C001,iOS,UK,35-44,v2.2
U01844,2024-03-10,C004,Android,USA,25-34,v2.4
U01845,2024-03-10,C005,iOS,USA,35-44,v2.4
U01846,2024-01-06,C001,Android,Canada,18-24,v2.4
U01847,2024-04-10,C001,Android,USA,25-34,v2.3
U01848,2024-01-06,C002,iOS,UK,55+,v2.3
U01849,2024-04-06,C002,iOS,Singapore,25-34,v2.3
U01850,2024-06-28,C003,iOS,UK,25-34,v2.3
U01851,2024-04-05,C004,Android,USA,35-44,v2.1
U01852,2024-02-29,C002,iOS,UK,25-34,v2.2
U01853,2024-06-10,C006,iOS,UK,45-54,v2.3
U01854,2024-03-04,C001,iOS,France,25-34,v2.4
U01855,2024-02-29,C001,iOS,USA,35-44,v2.4
U01856,2024-01-10,C002,iOS,USA,18-24,v2.4
U01857,2024-05-23,C005,iOS,USA,35-44,v2.3
U01858,2024-06-30,C003,iOS,Germany,35-44,v2.4
U01859,2024-04-18,C004,iOS,Germany,18-24,v2.4
U01860,2024-02-12,C001,Android,UK,45-54,v2.3
U01861,2024-06-09,C005,iOS,Germany,25-34,v2.3
U01862,2024-03-16,C001,Android,Australia,45-54,v2.2
U01863,2024-03-23,C004,iOS,Australia,18-24,v2.3
U01864,2024-02-22,C005,Android,USA,35-44,v2.3
U01865,2024-02-23,C006,Android,Australia,45-54,v2.2
U01866,2024-05-14,C004,iOS,USA,18-24,v2.3
U01867,2024-01-02,C002,iOS,Australia,25-34,v2.3
U01868,2024-01-16,C004,Android,UK,35-44,v2.4
U01869,2024-03-29,C004,Android,USA,45-54,v2.4
U01870,2024-05-29,C004,iOS,Germany,55+,v2.3
U01871,2024-06-13,C004,iOS,UK,35-44,v2.2
U01872,2024-03-08,C003,iOS,USA,35-44,v2.3
U01873,2024-05-27,C005,Android,USA,45-54,v2.4
U01874,2024-06-20,C006,iOS,UK,18-24,v2.2
U01875,2024-06-06,C001,iOS,France,25-34,v2.4
U01876,2024-01-14,C001,Android,USA,25-34,v2.3
U01877,2024-01-31,C001,iOS,Germany,35-44,v2.3
U01878,2024-05-13,C002,iOS,Canada,18-24,v2.2
U01879,2024-06-11,C005,Android,France,25-34,v2.3
U01880,2024-03-05,C004,iOS,USA,25-34,v2.1
U01881,2024-04-03,C005,Android,USA,25-34,v2.3
U01882,2024-02-18,C002,iOS,Germany,18-24,v2.3
U01883,2024-05-14,C001,Android,USA,45-54,v2.4
U01884,2024-05-08,C006,Android,UK,25-34,v2.3
U01885,2024-01-12,C006,Android,USA,18-24,v2.3
U01886,2024-01-08,C005,Android,Singapore,35-44,v2.3
U01887,2024-05-01,C004,Android,USA,18-24,v2.3
U01888,2024-06-05,C006,iOS,Germany,45-54,v2.2
U01889,2024-04-17,C005,iOS,USA,35-44,v2.3
U01890,2024-05-19,C002,Android,Australia,35-44,v2.3
U01891,2024-06-21,C005,iOS,Australia,45-54,v2.3
U01892,2024-04-03,C003,Android,USA,45-54,v2.4
U01893,2024-01-17,C001,Android,UK,25-34,v2.2
U01894,2024-01-12,C002,iOS,USA,18-24,v2.4
U01895,2024-01-01,C002,iOS,UK,25-34,v2.4
U01896,2024-01-23,C003,iOS,UK,18-24,v2.4
U01897,2024-02-17,C002,Android,UK,18-24,v2.1
U01898,2024-06-12,C002,iOS,Australia,18-24,v2.4
U01899,2024-06-13,C006,Android,Germany,35-44,v2.3
U01900,2024-04-07,C004,iOS,UK,25-34,v2.2
U01901,2024-02-18,C002,iOS,Singapore,25-34,v2.3
U01902,2024-01-24,C003,iOS,USA,35-44,v2.3
U01903,2024-06-10,C004,iOS,India,35-44,v2.2
U01904,2024-05-25,C001,Android,USA,45-54,v2.4
U01905,2024-02-23,C002,Android,Canada,35-44,v2.2
U01906,2024-05-11,C005,iOS,USA,18-24,v2.2
U01907,2024-06-17,C004,iOS,USA,25-34,v2.3
U01908,2024-06-17,C003,iOS,Australia,35-44,v2.4
U01909,2024-01-03,C001,iOS,USA,45-54,v2.2
U01910,2024-04-01,C002,iOS,UK,18-24,v2.4
U01911,2024-04-26,C004,Android,Germany,25-34,v2.2
U01912,2024-04-05,C004,iOS,USA,18-24,v2.4
U01913,2024-02-29,C004,Android,USA,25-34,v2.4
U01914,2024-05-27,C002,iOS,USA,55+,v2.4
U01915,2024-06-27,C006,iOS,Singapore,35-44,v2.2
U01916,2024-03-26,C005,iOS,UK,45-54,v2.2
U01917,2024-03-29,C002,iOS,UK,18-24,v2.4
U01918,2024-03-18,C002,iOS,France,25-34,v2.4
U01919,2024-02-09,C004,Android,USA,25-34,v2.3
U01920,2024-04-30,C003,iOS,UK,25-34,v2.3
U01921,2024-04-28,C004,Android,UK,18-24,v2.4
U01922,2024-02-04,C002,iOS,USA,35-44,v2.4
U01923,2024-06-01,C002,iOS,USA,35-44,v2.3
U01924,2024-02-26,C006,iOS,UK,25-34,v2.3
U01925,2024-01-01,C004,Android,India,35-44,v2.2
U01926,2024-02-18,C001,iOS,UK,25-34,v2.2
U01927,2024-02-08,C002,iOS,France,18-24,v2.4
U01928,2024-04-17,C001,iOS,USA,18-24,v2.4
U01929,2024-03-29,C004,iOS,France,45-54,v2.1
U01930,2024-03-22,C001,iOS,Australia,18-24,v2.4
U01931,2024-06-20,C002,Android,USA,25-34,v2.3
U01932,2024-06-03,C005,Android,USA,35-44,v2.4
U01933,2024-05-16,C006,iOS,UK,25-34,v2.4
U01934,2024-06-21,C001,iOS,India,35-44,v2.2
U01935,2024-05-11,C005,Android,USA,18-24,v2.2
U01936,2024-02-01,C005,iOS,UK,35-44,v2.3
U01937,2024-04-18,C002,iOS,France,25-34,v2.2
U01938,2024-04-01,C002,iOS,USA,18-24,v2.2
U01939,2024-01-10,C003,iOS,UK,25-34,v2.2
U01940,2024-02-07,C004,iOS,USA,55+,v2.4
U01941,2024-03-03,C006,Android,India,45-54,v2.3
U01942,2024-01-11,C001,iOS,UK,55+,v2.3
U01943,2024-01-26,C002,Android,UK,55+,v2.4
U01944,2024-04-18,C002,iOS,Germany,35-44,v2.4
U01945,2024-01-21,C005,iOS,UK,18-24,v2.2
U01946,2024-03-18,C004,iOS,Germany,35-44,v2.1
U01947,2024-05-26,C003,Android,USA,35-44,v2.4
U01948,2024-03-11,C003,iOS,USA,18-24,v2.2
U01949,2024-01-02,C002,iOS,USA,18-24,v2.2
U01950,2024-06-02,C005,Android,UK,18-24,v2.4
U01951,2024-02-26,C001,iOS,Australia,45-54,v2.3
U01952,2024-06-11,C004,iOS,USA,25-34,v2.3
U01953,2024-03-22,C002,iOS,USA,35-44,v2.2
U01954,2024-06-27,C001,iOS,USA,35-44,v2.3
U01955,2024-01-21,C004,iOS,USA,18-24,v2.4
U01956,2024-04-04,C002,Android,USA,25-34,v2.2
U01957,2024-05-29,C001,iOS,USA,55+,v2.1
U01958,2024-03-13,C003,iOS,UK,55+,v2.2
U01959,2024-06-04,C006,iOS,USA,18-24,v2.2
U01960,2024-03-15,C001,iOS,Germany,35-44,v2.3
U01961,2024-04-14,C002,iOS,India,25-34,v2.4
U01962,2024-06-10,C001,Android,Singapore,35-44,v2.3
U01963,2024-05-17,C003,iOS,USA,35-44,v2.2
U01964,2024-04-25,C001,Android,USA,18-24,v2.4
U01965,2024-04-28,C004,Android,UK,35-44,v2.3
U01966,2024-04-17,C002,Android,Canada,18-24,v2.3
U01967,2024-01-21,C004,Android,India,25-34,v2.2
U01968,2024-05-25,C004,Android,Singapore,18-24,v2.3
U01969,2024-06-16,C002,iOS,UK,45-54,v2.3
U01970,2024-03-02,C001,Android,India,25-34,v2.2
U01971,2024-01-08,C001,iOS,UK,35-44,v2.4
U01972,2024-02-15,C006,iOS,UK,35-44,v2.3
U01973,2024-02-10,C001,Android,UK,35-44,v2.4
U01974,2024-04-14,C005,Android,France,18-24,v2.3
U01975,2024-03-07,C006,iOS,Australia,35-44,v2.4
U01976,2024-01-07,C002,Android,UK,45-54,v2.4
U01977,2024-01-11,C002,Android,USA,35-44,v2.3
U01978,2024-02-01,C001,Android,Germany,35-44,v2.4
U01979,2024-02-13,C002,Android,UK,18-24,v2.3
U01980,2024-03-08,C001,Android,UK,45-54,v2.3
U01981,2024-03-03,C004,iOS,Australia,25-34,v2.3
U01982,2024-03-07,C003,Android,Germany,18-24,v2.2
U01983,2024-02-26,C006,iOS,Australia,25-34,v2.4
U01984,2024-05-25,C004,iOS,USA,25-34,v2.4
U01985,2024-06-26,C001,Android,France,25-34,v2.2
U01986,2024-02-24,C003,iOS,UK,25-34,v2.3
U01987,2024-05-12,C002,Android,UK,25-34,v2.2
U01988,2024-05-08,C002,iOS,France,25-34,v2.2
U01989,2024-05-14,C003,iOS,USA,35-44,v2.1
U01990,2024-02-27,C002,iOS,USA,35-44,v2.4
U01991,2024-06-15,C001,iOS,Canada,35-44,v2.1
U01992,2024-05-14,C006,Android,USA,18-24,v2.3
U01993,2024-03-25,C003,iOS,Singapore,45-54,v2.3
U01994,2024-01-21,C006,iOS,Canada,18-24,v2.2
U01995,2024-02-16,C004,Android,UK,35-44,v2.3
U01996,2024-01-11,C006,iOS,USA,35-44,v2.4
U01997,2024-01-17,C006,iOS,USA,18-24,v2.2
U01998,2024-05-28,C003,iOS,India,18-24,v2.4
U01999,2024-01-19,C001,iOS,UK,18-24,v2.3
U02000,2024-02-25,C004,iOS,UK,25-34,v2.4
U02001,2024-04-23,C005,iOS,Germany,35-44,v2.3
U02002,2024-01-01,C002,iOS,USA,35-44,v2.3
U02003,2024-05-03,C003,Android,USA,45-54,v2.2
U02004,2024-03-11,C004,iOS,Canada,18-24,v2.4
U02005,2024-02-16,C003,iOS,Singapore,25-34,v2.2
U02006,2024-01-17,C004,Android,UK,45-54,v2.3
U02007,2024-06-24,C003,iOS,Germany,35-44,v2.2
U02008,2024-05-08,C002,Android,USA,35-44,v2.4
U02009,2024-02-23,C003,iOS,UK,35-44,v2.4
U02010,2024-02-10,C004,iOS,Singapore,55+,v2.4
U02011,2024-04-16,C005,iOS,India,25-34,v2.4
U02012,2024-03-18,C002,iOS,Australia,45-54,v2.3
U02013,2024-03-19,C002,iOS,USA,35-44,v2.3
U02014,2024-04-14,C002,Android,Singapore,35-44,v2.1
U02015,2024-06-29,C001,Android,USA,45-54,v2.1
U02016,2024-04-19,C005,iOS,Canada,18-24,v2.2
U02017,2024-05-08,C002,iOS,UK,18-24,v2.4
U02018,2024-05-31,C002,Android,UK,35-44,v2.4
U02019,2024-06-29,C003,iOS,Canada,25-34,v2.2
U02020,2024-06-12,C002,iOS,USA,25-34,v2.3
U02021,2024-01-19,C002,Android,USA,18-24,v2.2
U02022,2024-03-17,C003,iOS,USA,25-34,v2.3
U02023,2024-06-18,C002,iOS,USA,18-24,v2.4
U02024,2024-01-18,C006,Android,Germany,55+,v2.3
U02025,2024-04-24,C004,iOS,USA,18-24,v2.3
U02026,2024-02-20,C004,Android,USA,35-44,v2.1
U02027,2024-01-31,C004,iOS,Germany,45-54,v2.4
U02028,2024-01-16,C006,iOS,UK,25-34,v2.1
U02029,2024-05-09,C006,iOS,USA,25-34,v2.3
U02030,2024-01-18,C004,iOS,Singapore,35-44,v2.3
U02031,2024-05-11,C005,iOS,India,35-44,v2.4
U02032,2024-01-19,C004,iOS,USA,25-34,v2.4
U02033,2024-02-08,C004,iOS,Canada,25-34,v2.3
U02034,2024-06-26,C004,Android,India,25-34,v2.2
U02035,2024-06-08,C005,iOS,UK,25-34,v2.2
U02036,2024-02-27,C003,Android,USA,35-44,v2.2
U02037,2024-05-27,C006,Android,Australia,35-44,v2.2
U02038,2024-02-07,C001,iOS,UK,35-44,v2.4
U02039,2024-02-02,C003,Android,USA,25-34,v2.2
U02040,2024-02-23,C001,iOS,Singapore,18-24,v2.4
U02041,2024-03-31,C001,Android,India,18-24,v2.4
U02042,2024-01-07,C002,Android,Germany,25-34,v2.3
U02043,2024-04-12,C001,Android,Canada,18-24,v2.4
U02044,2024-05-09,C006,Android,UK,35-44,v2.2
U02045,2024-05-05,C004,iOS,Singapore,25-34,v2.2
U02046,2024-01-24,C005,iOS,USA,18-24,v2.3
U02047,2024-01-02,C002,iOS,Singapore,18-24,v2.3
U02048,2024-03-20,C005,iOS,France,25-34,v2.4
U02049,2024-01-22,C004,Android,France,18-24,v2.4
U02050,2024-06-14,C006,iOS,France,18-24,v2.1
U02051,2024-05-12,C001,Android,Germany,18-24,v2.4
U02052,2024-06-18,C002,Android,France,25-34,v2.2
U02053,2024-05-12,C006,Android,France,18-24,v2.4
U02054,2024-01-29,C005,iOS,UK,25-34,v2.3
U02055,2024-03-08,C004,iOS,UK,18-24,v2.3
U02056,2024-02-06,C006,iOS,USA,35-44,v2.3
U02057,2024-02-10,C001,iOS,UK,25-34,v2.1
U02058,2024-05-01,C002,iOS,India,25-34,v2.4
U02059,2024-06-12,C001,iOS,India,25-34,v2.3
U02060,2024-05-18,C002,Android,Australia,25-34,v2.4
U02061,2024-05-26,C001,iOS,UK,55+,v2.2
U02062,2024-01-22,C004,Android,USA,35-44,v2.2
U02063,2024-03-05,C001,Android,USA,55+,v2.4
U02064,2024-05-13,C003,Android,USA,45-54,v2.3
U02065,2024-04-05,C004,iOS,India,18-24,v2.4
U02066,2024-04-08,C004,Android,Singapore,18-24,v2.3
U02067,2024-03-01,C001,iOS,Canada,25-34,v2.3
U02068,2024-06-09,C005,Android,USA,55+,v2.3
U02069,2024-03-08,C003,iOS,USA,35-44,v2.4
U02070,2024-03-27,C006,iOS,USA,45-54,v2.4
U02071,2024-04-26,C004,Android,USA,25-34,v2.1
U02072,2024-04-03,C002,iOS,USA,18-24,v2.4
U02073,2024-01-29,C001,Android,UK,25-34,v2.3
U02074,2024-05-21,C006,iOS,France,25-34,v2.3
U02075,2024-05-10,C001,Android,UK,18-24,v2.4
U02076,2024-03-31,C003,Android,Canada,25-34,v2.1
U02077,2024-05-16,C002,iOS,India,25-34,v2.3
U02078,2024-01-26,C004,Android,France,18-24,v2.4
U02079,2024-02-08,C003,Android,USA,18-24,v2.1
U02080,2024-04-12,C002,Android,Singapore,45-54,v2.3
U02081,2024-02-04,C004,iOS,UK,35-44,v2.4
U02082,2024-02-23,C006,Android,Singapore,18-24,v2.3
U02083,2024-02-06,C003,iOS,Singapore,55+,v2.4
U02084,2024-04-10,C005,Android,USA,18-24,v2.4
U02085,2024-01-19,C001,Android,UK,25-34,v2.4
U02086,2024-05-29,C006,iOS,USA,35-44,v2.4
U02087,2024-01-03,C004,iOS,USA,35-44,v2.3
U02088,2024-02-29,C004,iOS,UK,35-44,v2.3
U02089,2024-01-19,C006,Android,Australia,45-54,v2.4
U02090,2024-01-11,C002,Android,UK,25-34,v2.3
U02091,2024-06-30,C004,Android,Germany,18-24,v2.2
U02092,2024-06-03,C006,Android,UK,45-54,v2.3
U02093,2024-06-28,C006,iOS,Canada,45-54,v2.2
U02094,2024-03-11,C006,Android,USA,35-44,v2.2
U02095,2024-04-01,C001,iOS,Germany,18-24,v2.3
U02096,2024-05-31,C002,iOS,Singapore,45-54,v2.3
U02097,2024-06-04,C005,iOS,USA,55+,v2.3
U02098,2024-06-03,C001,Android,Canada,18-24,v2.1
U02099,2024-03-02,C002,Android,India,25-34,v2.3
U02100,2024-01-11,C002,Android,France,35-44,v2.3
U02101,2024-04-12,C005,Android,Germany,35-44,v2.1
U02102,2024-05-25,C001,Android,USA,25-34,v2.3
U02103,2024-01-08,C004,Android,USA,45-54,v2.3
U02104,2024-03-04,C002,Android,USA,35-44,v2.3
U02105,2024-02-11,C001,Android,USA,25-34,v2.3
U02106,2024-03-30,C005,iOS,USA,18-24,v2.3
U02107,2024-05-17,C004,Android,UK,45-54,v2.2
U02108,2024-01-24,C004,iOS,USA,18-24,v2.3
U02109,2024-03-08,C005,iOS,USA,25-34,v2.3
U02110,2024-02-10,C006,iOS,UK,35-44,v2.4
U02111,2024-06-28,C004,iOS,Canada,18-24,v2.3
U02112,2024-01-20,C001,iOS,Canada,45-54,v2.3
U02113,2024-03-08,C001,iOS,USA,18-24,v2.3
U02114,2024-03-16,C004,Android,USA,18-24,v2.4
U02115,2024-03-03,C003,Android,USA,25-34,v2.4
U02116,2024-02-26,C001,iOS,Canada,18-24,v2.1
U02117,2024-03-03,C006,Android,USA,25-34,v2.3
U02118,2024-05-25,C001,iOS,USA,25-34,v2.3
U02119,2024-04-09,C004,Android,Singapore,45-54,v2.2
U02120,2024-04-04,C002,Android,UK,25-34,v2.1
U02121,2024-06-26,C001,Android,Singapore,18-24,v2.3
U02122,2024-02-02,C001,Android,Singapore,35-44,v2.3
U02123,2024-01-27,C005,Android,Australia,35-44,v2.3
U02124,2024-05-21,C005,iOS,USA,45-54,v2.3
U02125,2024-04-22,C003,iOS,Singapore,18-24,v2.3
U02126,2024-05-23,C004,Android,USA,35-44,v2.1
U02127,2024-03-31,C001,Android,Canada,55+,v2.4
U02128,2024-06-02,C003,Android,India,55+,v2.2
U02129,2024-04-25,C002,Android,USA,18-24,v2.4
U02130,2024-05-10,C006,iOS,USA,35-44,v2.3
U02131,2024-01-02,C006,iOS,Germany,35-44,v2.4
U02132,2024-01-19,C004,iOS,Germany,35-44,v2.2
U02133,2024-06-02,C005,Android,France,18-24,v2.4
U02134,2024-01-31,C002,iOS,USA,35-44,v2.4
U02135,2024-04-14,C002,iOS,France,18-24,v2.3
U02136,2024-02-15,C004,Android,USA,18-24,v2.3
U02137,2024-02-28,C002,Android,UK,25-34,v2.1
U02138,2024-03-06,C001,Android,Singapore,18-24,v2.3
U02139,2024-02-13,C001,Android,UK,25-34,v2.3
U02140,2024-05-25,C003,Android,Singapore,18-24,v2.3
U02141,2024-02-16,C003,Android,UK,35-44,v2.2
U02142,2024-04-05,C003,Android,Australia,45-54,v2.2
U02143,2024-02-08,C005,iOS,Canada,55+,v2.4
U02144,2024-01-31,C005,iOS,USA,25-34,v2.2
U02145,2024-05-12,C001,iOS,UK,18-24,v2.3
U02146,2024-03-27,C006,Android,USA,25-34,v2.3
U02147,2024-01-30,C004,iOS,UK,18-24,v2.4
U02148,2024-05-05,C001,iOS,USA,45-54,v2.4
U02149,2024-06-17,C004,Android,UK,25-34,v2.4
U02150,2024-03-23,C006,iOS,Australia,25-34,v2.4
U02151,2024-06-13,C001,iOS,USA,18-24,v2.4
U02152,2024-04-19,C002,iOS,USA,25-34,v2.3
U02153,2024-05-03,C004,iOS,Singapore,35-44,v2.4
U02154,2024-06-27,C001,Android,UK,18-24,v2.4
U02155,2024-05-26,C003,Android,Germany,25-34,v2.1
U02156,2024-03-18,C002,iOS,USA,45-54,v2.4
U02157,2024-04-21,C004,iOS,UK,25-34,v2.4
U02158,2024-02-24,C001,Android,India,35-44,v2.1
U02159,2024-02-22,C003,iOS,Canada,18-24,v2.3
U02160,2024-06-25,C001,iOS,India,35-44,v2.4
U02161,2024-03-25,C006,Android,France,25-34,v2.4
U02162,2024-01-12,C001,Android,Canada,25-34,v2.4
U02163,2024-06-23,C003,Android,Canada,18-24,v2.4
U02164,2024-03-10,C002,iOS,France,25-34,v2.4
U02165,2024-02-18,C005,iOS,Canada,35-44,v2.3
U02166,2024-06-27,C004,iOS,Australia,18-24,v2.2
U02167,2024-02-10,C006,iOS,UK,25-34,v2.4
U02168,2024-03-06,C006,Android,Australia,25-34,v2.2
U02169,2024-05-25,C002,Android,USA,45-54,v2.2
U02170,2024-01-23,C003,iOS,UK,55+,v2.3
U02171,2024-01-28,C001,iOS,USA,18-24,v2.4
U02172,2024-01-18,C001,Android,USA,18-24,v2.3
U02173,2024-01-11,C004,iOS,Singapore,35-44,v2.4
U02174,2024-01-12,C003,Android,USA,55+,v2.4
U02175,2024-03-30,C002,Android,UK,25-34,v2.4
U02176,2024-05-09,C001,iOS,UK,35-44,v2.3
U02177,2024-04-22,C001,iOS,USA,25-34,v2.2
U02178,2024-03-22,C001,Android,USA,25-34,v2.3
U02179,2024-02-13,C004,iOS,UK,45-54,v2.4
U02180,2024-01-02,C002,iOS,France,35-44,v2.2
U02181,2024-02-27,C004,iOS,USA,18-24,v2.4
U02182,2024-05-01,C006,Android,USA,35-44,v2.3
U02183,2024-03-01,C004,Android,USA,55+,v2.3
U02184,2024-02-09,C002,Android,UK,25-34,v2.4
U02185,2024-04-09,C006,Android,USA,18-24,v2.4
U02186,2024-02-06,C001,iOS,France,45-54,v2.4
U02187,2024-02-02,C005,iOS,India,25-34,v2.3
U02188,2024-04-25,C002,iOS,USA,25-34,v2.3
U02189,2024-05-15,C001,iOS,UK,18-24,v2.4
U02190,2024-06-17,C005,iOS,USA,45-54,v2.4
U02191,2024-04-05,C004,iOS,UK,18-24,v2.4
U02192,2024-03-17,C006,Android,France,25-34,v2.2
U02193,2024-03-27,C003,iOS,USA,25-34,v2.2
U02194,2024-04-23,C001,iOS,Canada,18-24,v2.4
U02195,2024-06-23,C003,iOS,USA,35-44,v2.2
U02196,2024-04-15,C002,iOS,Germany,35-44,v2.3
U02197,2024-06-05,C006,Android,Germany,45-54,v2.4
U02198,2024-01-17,C001,iOS,France,18-24,v2.4
U02199,2024-03-21,C006,iOS,Germany,55+,v2.3
U02200,2024-01-17,C002,Android,Canada,45-54,v2.3
U02201,2024-06-29,C001,iOS,Germany,18-24,v2.4
U02202,2024-02-11,C002,iOS,Canada,18-24,v2.3
U02203,2024-04-30,C004,iOS,France,18-24,v2.2
U02204,2024-02-07,C006,iOS,UK,45-54,v2.3
U02205,2024-05-02,C001,iOS,Australia,45-54,v2.4
U02206,2024-05-29,C003,iOS,UK,25-34,v2.4
U02207,2024-03-29,C006,Android,India,18-24,v2.2
U02208,2024-03-17,C004,Android,UK,55+,v2.4
U02209,2024-02-20,C006,iOS,Australia,55+,v2.1
U02210,2024-06-03,C006,iOS,Canada,35-44,v2.4
U02211,2024-04-03,C005,iOS,USA,25-34,v2.4
U02212,2024-05-05,C002,iOS,Canada,35-44,v2.2
U02213,2024-04-20,C002,iOS,Singapore,35-44,v2.4
U02214,2024-03-26,C003,iOS,Singapore,35-44,v2.4
U02215,2024-01-05,C002,iOS,USA,25-34,v2.4
U02216,2024-03-10,C004,iOS,Germany,45-54,v2.4
U02217,2024-04-14,C004,iOS,USA,25-34,v2.2
U02218,2024-03-13,C002,Android,India,18-24,v2.4
U02219,2024-03-22,C005,Android,UK,18-24,v2.4
U02220,2024-03-03,C001,iOS,UK,45-54,v2.4
U02221,2024-01-20,C001,iOS,Germany,45-54,v2.3
U02222,2024-02-09,C003,Android,Singapore,35-44,v2.3
U02223,2024-06-19,C001,iOS,Australia,18-24,v2.4
U02224,2024-01-21,C001,Android,UK,25-34,v2.4
U02225,2024-02-23,C001,iOS,USA,25-34,v2.3
U02226,2024-02-20,C004,iOS,Australia,25-34,v2.4
U02227,2024-05-31,C005,iOS,UK,18-24,v2.2
U02228,2024-02-20,C002,Android,Canada,18-24,v2.2
U02229,2024-01-20,C001,Android,Germany,18-24,v2.3
U02230,2024-05-31,C002,iOS,Canada,18-24,v2.2
U02231,2024-03-29,C004,iOS,Australia,55+,v2.2
U02232,2024-02-11,C001,iOS,USA,35-44,v2.3
U02233,2024-04-20,C001,Android,Australia,18-24,v2.4
U02234,2024-01-23,C002,Android,India,35-44,v2.3
U02235,2024-01-17,C003,Android,USA,25-34,v2.4
U02236,2024-04-04,C003,Android,USA,55+,v2.2
U02237,2024-05-30,C001,Android,USA,45-54,v2.3
U02238,2024-04-13,C002,Android,USA,18-24,v2.4
U02239,2024-04-17,C006,Android,Germany,25-34,v2.4
U02240,2024-02-08,C002,iOS,Germany,35-44,v2.2
U02241,2024-05-31,C006,iOS,UK,25-34,v2.2
U02242,2024-02-20,C001,iOS,USA,55+,v2.3
U02243,2024-02-28,C001,Android,USA,25-34,v2.4
U02244,2024-05-04,C006,iOS,Singapore,18-24,v2.3
U02245,2024-05-02,C004,iOS,USA,25-34,v2.2
U02246,2024-05-05,C001,iOS,UK,35-44,v2.4
U02247,2024-04-19,C004,Android,USA,25-34,v2.3
U02248,2024-06-25,C005,iOS,Singapore,18-24,v2.3
U02249,2024-04-16,C001,Android,Australia,45-54,v2.4
U02250,2024-06-11,C006,Android,Germany,25-34,v2.3
U02251,2024-03-25,C004,Android,Singapore,35-44,v2.3
U02252,2024-02-28,C004,Android,France,18-24,v2.3
U02253,2024-01-05,C002,Android,USA,18-24,v2.3
U02254,2024-05-15,C003,Android,India,55+,v2.2
U02255,2024-04-25,C002,iOS,Germany,35-44,v2.3
U02256,2024-01-16,C003,iOS,UK,25-34,v2.3
U02257,2024-05-23,C001,iOS,USA,55+,v2.3
U02258,2024-05-17,C001,Android,UK,55+,v2.3
U02259,2024-03-16,C004,Android,UK,45-54,v2.2
U02260,2024-04-06,C002,Android,UK,25-34,v2.2
U02261,2024-01-07,C001,Android,USA,25-34,v2.4
U02262,2024-02-07,C002,iOS,UK,25-34,v2.3
U02263,2024-03-11,C002,iOS,Canada,25-34,v2.3
U02264,2024-03-23,C006,iOS,France,25-34,v2.3
U02265,2024-03-21,C005,iOS,UK,25-34,v2.3
U02266,2024-02-15,C002,Android,UK,25-34,v2.3
U02267,2024-05-25,C001,iOS,Australia,35-44,v2.3
U02268,2024-01-18,C001,iOS,UK,35-44,v2.1
U02269,2024-04-02,C006,iOS,USA,35-44,v2.3
U02270,2024-05-19,C001,iOS,Germany,35-44,v2.3
U02271,2024-01-23,C005,iOS,UK,45-54,v2.2
U02272,2024-03-02,C001,Android,UK,35-44,v2.4
U02273,2024-05-02,C001,iOS,UK,18-24,v2.4
U02274,2024-05-08,C002,iOS,Canada,25-34,v2.3
U02275,2024-03-15,C003,Android,Australia,25-34,v2.1
U02276,2024-05-30,C001,iOS,USA,25-34,v2.1
U02277,2024-04-04,C003,Android,USA,18-24,v2.1
U02278,2024-06-09,C004,iOS,Canada,25-34,v2.2
U02279,2024-02-21,C004,iOS,UK,45-54,v2.3
U02280,2024-06-15,C002,iOS,Canada,35-44,v2.3
U02281,2024-04-13,C001,iOS,USA,18-24,v2.4
U02282,2024-02-22,C001,iOS,Germany,45-54,v2.4
U02283,2024-05-31,C005,iOS,UK,35-44,v2.3
U02284,2024-03-05,C001,iOS,UK,45-54,v2.4
U02285,2024-02-22,C003,Android,Australia,25-34,v2.3
U02286,2024-02-12,C006,iOS,Canada,45-54,v2.4
U02287,2024-03-04,C001,iOS,UK,18-24,v2.1
U02288,2024-01-03,C006,Android,USA,25-34,v2.3
U02289,2024-02-10,C001,iOS,Canada,55+,v2.4
U02290,2024-04-05,C001,iOS,UK,35-44,v2.4
U02291,2024-03-18,C001,iOS,India,55+,v2.4
U02292,2024-01-31,C006,Android,Australia,18-24,v2.4
U02293,2024-05-01,C001,iOS,Australia,25-34,v2.4
U02294,2024-06-26,C003,iOS,Australia,25-34,v2.4
U02295,2024-02-09,C001,iOS,USA,18-24,v2.3
U02296,2024-04-29,C002,Android,Canada,18-24,v2.1
U02297,2024-03-12,C004,Android,UK,25-34,v2.4
U02298,2024-02-18,C001,iOS,UK,35-44,v2.4
U02299,2024-04-21,C003,Android,Germany,35-44,v2.4
U02300,2024-03-14,C002,Android,USA,25-34,v2.2
U02301,2024-06-17,C006,Android,USA,25-34,v2.3
U02302,2024-04-14,C001,iOS,USA,25-34,v2.2
U02303,2024-06-21,C004,iOS,USA,25-34,v2.3
U02304,2024-06-03,C002,iOS,India,35-44,v2.3
U02305,2024-05-18,C005,iOS,UK,25-34,v2.4
U02306,2024-06-09,C001,iOS,Canada,35-44,v2.4
U02307,2024-05-26,C001,Android,UK,35-44,v2.1
U02308,2024-04-17,C006,Android,USA,25-34,v2.3
U02309,2024-03-06,C006,Android,UK,18-24,v2.4
U02310,2024-03-26,C003,iOS,France,25-34,v2.4
U02311,2024-05-13,C004,iOS,Canada,35-44,v2.4
U02312,2024-01-28,C001,Android,UK,35-44,v2.4
U02313,2024-01-01,C006,Android,Germany,25-34,v2.4
U02314,2024-06-26,C006,iOS,USA,45-54,v2.3
U02315,2024-01-25,C006,iOS,UK,25-34,v2.2
U02316,2024-06-23,C001,iOS,Singapore,25-34,v2.3
U02317,2024-04-13,C001,Android,USA,25-34,v2.3
U02318,2024-06-07,C003,iOS,Canada,18-24,v2.3
U02319,2024-01-09,C003,iOS,USA,25-34,v2.4
U02320,2024-05-17,C004,iOS,Canada,45-54,v2.4
U02321,2024-06-24,C003,iOS,UK,25-34,v2.4
U02322,2024-05-01,C002,iOS,UK,45-54,v2.3
U02323,2024-01-25,C002,Android,UK,55+,v2.1
U02324,2024-03-20,C003,Android,USA,35-44,v2.1
U02325,2024-06-24,C001,Android,Germany,55+,v2.3
U02326,2024-05-08,C001,iOS,Canada,45-54,v2.3
U02327,2024-01-13,C002,iOS,USA,18-24,v2.3
U02328,2024-02-11,C001,Android,USA,35-44,v2.4
U02329,2024-01-20,C001,iOS,UK,35-44,v2.4
U02330,2024-02-15,C005,iOS,UK,25-34,v2.4
U02331,2024-05-06,C001,iOS,Australia,45-54,v2.2
U02332,2024-02-05,C001,Android,Canada,18-24,v2.3
U02333,2024-06-27,C002,Android,India,25-34,v2.3
U02334,2024-04-17,C003,iOS,Canada,25-34,v2.1
U02335,2024-03-08,C006,Android,USA,25-34,v2.2
U02336,2024-02-05,C001,iOS,Canada,35-44,v2.3
U02337,2024-05-19,C002,iOS,UK,35-44,v2.2
U02338,2024-04-15,C001,iOS,UK,25-34,v2.4
U02339,2024-04-10,C001,iOS,Germany,18-24,v2.4
U02340,2024-05-29,C003,iOS,France,25-34,v2.2
U02341,2024-05-02,C005,iOS,USA,25-34,v2.1
U02342,2024-04-09,C003,Android,France,18-24,v2.4
U02343,2024-05-10,C001,Android,USA,55+,v2.1
U02344,2024-02-12,C001,Android,France,25-34,v2.2
U02345,2024-03-08,C002,Android,UK,25-34,v2.3
U02346,2024-02-19,C004,Android,USA,35-44,v2.4
U02347,2024-02-02,C003,Android,USA,25-34,v2.4
U02348,2024-06-11,C001,Android,USA,35-44,v2.3
U02349,2024-01-08,C002,iOS,Australia,35-44,v2.4
U02350,2024-01-11,C002,iOS,USA,45-54,v2.4
U02351,2024-03-18,C005,Android,India,45-54,v2.3
U02352,2024-05-04,C002,Android,Australia,35-44,v2.4
U02353,2024-06-03,C004,Android,UK,25-34,v2.4
U02354,2024-03-28,C003,Android,UK,35-44,v2.4
U02355,2024-03-14,C004,iOS,India,25-34,v2.2
U02356,2024-02-18,C002,iOS,France,25-34,v2.3
U02357,2024-03-08,C004,Android,UK,35-44,v2.4
U02358,2024-06-25,C002,Android,USA,25-34,v2.3
U02359,2024-04-28,C003,iOS,Australia,45-54,v2.3
U02360,2024-02-22,C004,Android,USA,45-54,v2.4
U02361,2024-04-05,C001,iOS,USA,25-34,v2.3
U02362,2024-02-07,C002,iOS,UK,25-34,v2.3
U02363,2024-04-10,C001,iOS,India,55+,v2.3
U02364,2024-05-20,C003,iOS,Canada,18-24,v2.1
U02365,2024-04-19,C004,iOS,UK,25-34,v2.3
U02366,2024-02-05,C001,iOS,Germany,18-24,v2.4
U02367,2024-03-12,C001,iOS,UK,18-24,v2.4
U02368,2024-04-18,C001,Android,Canada,18-24,v2.3
U02369,2024-06-08,C004,iOS,UK,18-24,v2.3
U02370,2024-03-09,C006,iOS,UK,18-24,v2.3
U02371,2024-02-26,C001,Android,USA,25-34,v2.1
U02372,2024-02-11,C001,Android,Singapore,25-34,v2.3
U02373,2024-01-25,C001,iOS,UK,35-44,v2.4
U02374,2024-02-26,C002,iOS,Australia,25-34,v2.4
U02375,2024-04-08,C002,iOS,France,25-34,v2.3
U02376,2024-02-08,C004,iOS,Canada,25-34,v2.3
U02377,2024-03-10,C001,Android,USA,45-54,v2.3
U02378,2024-01-06,C003,Android,France,35-44,v2.3
U02379,2024-06-29,C001,Android,Australia,18-24,v2.3
U02380,2024-02-25,C002,iOS,UK,25-34,v2.2
U02381,2024-06-02,C006,Android,Australia,25-34,v2.3
U02382,2024-01-17,C002,Android,USA,25-34,v2.3
U02383,2024-05-05,C002,iOS,USA,25-34,v2.3
U02384,2024-03-09,C002,Android,USA,18-24,v2.4
U02385,2024-06-14,C003,iOS,UK,18-24,v2.3
U02386,2024-01-13,C004,iOS,India,18-24,v2.4
U02387,2024-01-13,C002,iOS,USA,18-24,v2.2
U02388,2024-04-21,C002,Android,UK,25-34,v2.3
U02389,2024-02-29,C006,Android,Canada,35-44,v2.4
U02390,2024-02-15,C002,iOS,USA,18-24,v2.1
U02391,2024-02-20,C004,iOS,Germany,25-34,v2.4
U02392,2024-05-16,C001,iOS,Germany,35-44,v2.2
U02393,2024-02-17,C001,iOS,France,35-44,v2.3
U02394,2024-01-06,C003,Android,USA,18-24,v2.3
U02395,2024-02-03,C001,Android,USA,35-44,v2.3
U02396,2024-04-26,C001,iOS,UK,35-44,v2.4
U02397,2024-01-18,C006,iOS,USA,25-34,v2.3
U02398,2024-04-11,C003,Android,India,25-34,v2.3
U02399,2024-05-13,C002,Android,Australia,35-44,v2.4
U02400,2024-05-14,C006,iOS,France,18-24,v2.1
U02401,2024-01-19,C004,iOS,USA,35-44,v2.3
U02402,2024-04-06,C002,iOS,USA,35-44,v2.2
U02403,2024-06-12,C004,iOS,Canada,35-44,v2.2
U02404,2024-03-18,C002,iOS,India,45-54,v2.2
U02405,2024-04-12,C002,iOS,India,25-34,v2.3
U02406,2024-01-14,C001,iOS,Canada,18-24,v2.3
U02407,2024-03-30,C002,iOS,Australia,25-34,v2.3
U02408,2024-03-31,C005,iOS,UK,55+,v2.4
U02409,2024-01-18,C002,iOS,India,18-24,v2.4
U02410,2024-02-07,C004,iOS,UK,25-34,v2.3
U02411,2024-04-05,C001,iOS,Germany,25-34,v2.3
U02412,2024-03-13,C002,Android,Canada,45-54,v2.4
U02413,2024-04-20,C004,iOS,Germany,35-44,v2.3
U02414,2024-01-18,C006,iOS,France,25-34,v2.4
U02415,2024-06-11,C002,iOS,India,18-24,v2.3
U02416,2024-04-10,C001,iOS,UK,18-24,v2.3
U02417,2024-02-19,C002,Android,UK,25-34,v2.2
U02418,2024-02-23,C001,iOS,France,25-34,v2.3
U02419,2024-01-17,C001,Android,UK,35-44,v2.2
U02420,2024-06-20,C002,Android,Canada,55+,v2.4
U02421,2024-03-07,C003,iOS,India,35-44,v2.3
U02422,2024-03-24,C003,Android,France,35-44,v2.4
U02423,2024-06-01,C005,iOS,France,25-34,v2.2
U02424,2024-05-10,C002,Android,Singapore,18-24,v2.3
U02425,2024-03-06,C001,iOS,UK,35-44,v2.4
U02426,2024-03-04,C002,iOS,UK,25-34,v2.3
U02427,2024-04-12,C002,iOS,UK,18-24,v2.3
U02428,2024-06-18,C001,iOS,India,25-34,v2.4
U02429,2024-02-09,C002,Android,USA,25-34,v2.3
U02430,2024-05-04,C006,iOS,Singapore,35-44,v2.3
U02431,2024-03-01,C002,Android,UK,18-24,v2.3
U02432,2024-04-06,C005,iOS,UK,35-44,v2.2
U02433,2024-04-19,C003,iOS,Singapore,45-54,v2.3
U02434,2024-01-14,C001,iOS,UK,55+,v2.3
U02435,2024-06-24,C006,Android,Australia,18-24,v2.2
U02436,2024-03-20,C002,iOS,Canada,55+,v2.3
U02437,2024-02-19,C005,Android,France,25-34,v2.2
U02438,2024-03-15,C004,iOS,France,25-34,v2.1
U02439,2024-06-04,C005,iOS,Germany,25-34,v2.3
U02440,2024-02-27,C004,iOS,France,35-44,v2.4
U02441,2024-04-25,C002,iOS,USA,35-44,v2.3
U02442,2024-03-01,C005,Android,Australia,18-24,v2.3
U02443,2024-06-29,C001,iOS,Canada,18-24,v2.2
U02444,2024-04-24,C001,Android,USA,25-34,v2.3
U02445,2024-03-02,C004,iOS,UK,35-44,v2.4
U02446,2024-05-21,C004,iOS,Australia,45-54,v2.4
U02447,2024-04-03,C001,iOS,UK,18-24,v2.4
U02448,2024-03-05,C002,Android,USA,55+,v2.4
U02449,2024-03-23,C002,Android,Germany,35-44,v2.4
U02450,2024-05-25,C005,iOS,France,18-24,v2.2
U02451,2024-01-24,C003,Android,UK,45-54,v2.2
U02452,2024-06-03,C003,iOS,UK,18-24,v2.1
U02453,2024-01-03,C004,Android,Germany,25-34,v2.1
U02454,2024-05-03,C005,Android,UK,18-24,v2.4
U02455,2024-05-09,C002,iOS,USA,35-44,v2.4
U02456,2024-02-20,C002,Android,Germany,25-34,v2.4
U02457,2024-05-20,C002,Android,USA,25-34,v2.1
U02458,2024-05-30,C004,Android,USA,45-54,v2.4
U02459,2024-06-04,C003,Android,France,18-24,v2.2
U02460,2024-06-15,C005,Android,Australia,35-44,v2.3
U02461,2024-01-02,C003,iOS,Singapore,25-34,v2.3
U02462,2024-04-20,C001,iOS,Germany,25-34,v2.4
U02463,2024-04-16,C001,Android,Germany,35-44,v2.4
U02464,2024-06-02,C004,iOS,Canada,25-34,v2.3
U02465,2024-01-30,C005,Android,USA,35-44,v2.2
U02466,2024-06-16,C001,Android,UK,35-44,v2.4
U02467,2024-01-06,C001,Android,Germany,18-24,v2.2
U02468,2024-03-06,C002,Android,UK,18-24,v2.1
U02469,2024-03-14,C002,iOS,USA,18-24,v2.4
U02470,2024-02-01,C005,iOS,UK,35-44,v2.4
U02471,2024-03-10,C006,iOS,USA,18-24,v2.4
U02472,2024-05-16,C002,iOS,Australia,25-34,v2.1
U02473,2024-01-24,C002,iOS,UK,55+,v2.4
U02474,2024-06-07,C005,Android,UK,18-24,v2.2
U02475,2024-02-11,C003,Android,UK,55+,v2.4
U02476,2024-03-30,C001,Android,Germany,25-34,v2.4
U02477,2024-04-13,C001,iOS,Canada,35-44,v2.4
U02478,2024-01-18,C006,Android,France,55+,v2.4
U02479,2024-05-22,C005,iOS,Canada,18-24,v2.1
U02480,2024-04-25,C001,iOS,UK,35-44,v2.3
U02481,2024-03-27,C002,Android,Singapore,45-54,v2.1
U02482,2024-01-25,C004,iOS,UK,18-24,v2.3
U02483,2024-05-21,C004,iOS,Canada,18-24,v2.4
U02484,2024-03-22,C001,iOS,USA,18-24,v2.2
U02485,2024-03-17,C004,Android,Australia,45-54,v2.4
U02486,2024-03-12,C002,iOS,UK,25-34,v2.1
U02487,2024-03-19,C004,iOS,UK,25-34,v2.2
U02488,2024-01-24,C005,Android,Canada,45-54,v2.3
U02489,2024-01-25,C006,Android,USA,18-24,v2.3
U02490,2024-05-29,C005,iOS,USA,45-54,v2.3
U02491,2024-05-18,C006,iOS,Australia,55+,v2.4
U02492,2024-05-19,C002,iOS,USA,45-54,v2.4
U02493,2024-01-11,C002,Android,UK,25-34,v2.4
U02494,2024-02-05,C001,Android,Canada,18-24,v2.3
U02495,2024-04-30,C005,iOS,UK,18-24,v2.4
U02496,2024-03-04,C001,iOS,Canada,25-34,v2.4
U02497,2024-06-10,C005,iOS,Australia,18-24,v2.4
U02498,2024-06-23,C003,Android,UK,25-34,v2.2
U02499,2024-02-18,C003,iOS,USA,35-44,v2.3
U02500,2024-05-15,C002,iOS,Singapore,25-34,v2.3
U02501,2024-03-09,C001,Android,UK,25-34,v2.3
U02502,2024-05-07,C001,iOS,Canada,35-44,v2.4
U02503,2024-05-27,C001,Android,UK,35-44,v2.2
U02504,2024-01-11,C001,iOS,UK,18-24,v2.3
U02505,2024-02-25,C002,iOS,UK,18-24,v2.2
U02506,2024-06-27,C001,iOS,UK,18-24,v2.4
U02507,2024-02-01,C005,iOS,USA,35-44,v2.4
U02508,2024-04-23,C004,Android,UK,25-34,v2.2
U02509,2024-06-19,C005,Android,USA,55+,v2.3
U02510,2024-03-05,C001,iOS,UK,45-54,v2.1
U02511,2024-04-27,C003,iOS,UK,25-34,v2.2
U02512,2024-02-15,C002,iOS,Germany,25-34,v2.3
U02513,2024-03-30,C002,iOS,UK,45-54,v2.4
U02514,2024-04-09,C002,iOS,USA,18-24,v2.4
U02515,2024-06-14,C003,iOS,India,25-34,v2.4
U02516,2024-01-29,C002,iOS,USA,18-24,v2.4
U02517,2024-05-12,C005,Android,UK,25-34,v2.4
U02518,2024-03-02,C006,iOS,UK,55+,v2.4
U02519,2024-06-06,C003,Android,India,35-44,v2.4
U02520,2024-01-01,C001,iOS,Germany,35-44,v2.3
U02521,2024-03-28,C001,iOS,UK,25-34,v2.4
U02522,2024-03-05,C004,iOS,UK,25-34,v2.4
U02523,2024-06-03,C003,iOS,USA,35-44,v2.4
U02524,2024-03-24,C001,iOS,USA,18-24,v2.3
U02525,2024-02-28,C002,iOS,Australia,18-24,v2.4
U02526,2024-02-29,C002,iOS,USA,25-34,v2.4
U02527,2024-01-27,C004,Android,USA,18-24,v2.4
U02528,2024-02-25,C002,iOS,UK,35-44,v2.2
U02529,2024-03-12,C004,Android,India,18-24,v2.4
U02530,2024-06-05,C001,Android,Germany,25-34,v2.3
U02531,2024-03-02,C001,Android,USA,35-44,v2.4
U02532,2024-01-02,C006,iOS,Singapore,45-54,v2.4
U02533,2024-01-26,C001,Android,India,25-34,v2.3
U02534,2024-03-30,C006,Android,Canada,18-24,v2.4
U02535,2024-06-09,C003,Android,UK,45-54,v2.2
U02536,2024-01-12,C004,iOS,UK,18-24,v2.3
U02537,2024-06-18,C002,Android,UK,35-44,v2.4
U02538,2024-04-03,C004,Android,USA,35-44,v2.2
U02539,2024-01-17,C005,iOS,USA,18-24,v2.1
U02540,2024-02-14,C004,Android,UK,35-44,v2.2
U02541,2024-02-09,C002,iOS,Australia,18-24,v2.4
U02542,2024-05-22,C006,iOS,India,35-44,v2.4
U02543,2024-05-29,C006,Android,UK,55+,v2.3
U02544,2024-05-25,C001,iOS,UK,45-54,v2.3
U02545,2024-03-21,C002,iOS,Germany,35-44,v2.1
U02546,2024-04-13,C002,Android,USA,18-24,v2.3
U02547,2024-06-26,C001,iOS,Germany,25-34,v2.4
U02548,2024-05-23,C003,Android,Canada,35-44,v2.2
U02549,2024-05-12,C001,Android,Germany,18-24,v2.1
U02550,2024-06-04,C003,iOS,USA,18-24,v2.3
U02551,2024-01-24,C002,iOS,UK,18-24,v2.3
U02552,2024-02-22,C001,Android,Australia,18-24,v2.2
U02553,2024-04-23,C001,Android,USA,35-44,v2.3
U02554,2024-02-12,C004,Android,USA,18-24,v2.1
U02555,2024-01-07,C005,Android,France,35-44,v2.1
U02556,2024-02-12,C004,Android,Canada,18-24,v2.2
U02557,2024-01-26,C002,Android,Canada,18-24,v2.3
U02558,2024-06-03,C001,iOS,USA,25-34,v2.2
U02559,2024-05-09,C004,Android,USA,18-24,v2.4
U02560,2024-06-02,C004,iOS,USA,25-34,v2.4
U02561,2024-02-08,C001,Android,USA,35-44,v2.3
U02562,2024-04-30,C001,iOS,UK,35-44,v2.1
U02563,2024-03-07,C006,iOS,Canada,18-24,v2.4
U02564,2024-03-11,C003,iOS,Canada,18-24,v2.2
U02565,2024-03-09,C003,Android,USA,18-24,v2.3
U02566,2024-02-13,C005,iOS,UK,35-44,v2.3
U02567,2024-01-14,C002,iOS,Canada,35-44,v2.3
U02568,2024-03-31,C005,iOS,Canada,35-44,v2.4
U02569,2024-05-14,C001,iOS,USA,18-24,v2.2
U02570,2024-04-10,C002,iOS,India,45-54,v2.4
U02571,2024-03-07,C004,iOS,France,18-24,v2.4
U02572,2024-05-07,C006,iOS,UK,35-44,v2.2
U02573,2024-06-14,C001,iOS,UK,18-24,v2.4
U02574,2024-06-07,C004,Android,USA,35-44,v2.4
U02575,2024-03-19,C002,iOS,UK,25-34,v2.4
U02576,2024-04-04,C004,Android,USA,18-24,v2.4
U02577,2024-03-05,C001,Android,France,25-34,v2.4
U02578,2024-04-09,C001,Android,USA,25-34,v2.4
U02579,2024-02-17,C002,iOS,Australia,25-34,v2.4
U02580,2024-03-16,C001,Android,Australia,35-44,v2.3
U02581,2024-03-19,C002,iOS,USA,35-44,v2.4
U02582,2024-05-09,C006,iOS,UK,18-24,v2.2
U02583,2024-06-27,C003,iOS,Singapore,25-34,v2.4
U02584,2024-04-29,C004,Android,Australia,25-34,v2.2
U02585,2024-06-12,C001,Android,UK,45-54,v2.2
U02586,2024-03-31,C001,iOS,Canada,45-54,v2.2
U02587,2024-02-26,C005,Android,UK,35-44,v2.3
U02588,2024-04-29,C004,Android,USA,35-44,v2.2
U02589,2024-05-31,C001,Android,USA,18-24,v2.3
U02590,2024-02-27,C001,iOS,UK,18-24,v2.1
U02591,2024-06-05,C004,iOS,Singapore,55+,v2.1
U02592,2024-05-08,C005,Android,Australia,25-34,v2.1
U02593,2024-02-17,C001,iOS,France,35-44,v2.3
U02594,2024-04-16,C001,iOS,Canada,55+,v2.2
U02595,2024-04-06,C002,Android,USA,35-44,v2.4
U02596,2024-06-01,C001,Android,USA,18-24,v2.3
U02597,2024-02-24,C002,Android,USA,45-54,v2.1
U02598,2024-06-03,C001,iOS,USA,35-44,v2.2
U02599,2024-05-18,C002,iOS,USA,25-34,v2.1
U02600,2024-02-05,C004,iOS,UK,35-44,v2.4
U02601,2024-06-04,C004,iOS,UK,25-34,v2.3
U02602,2024-01-20,C001,Android,Australia,45-54,v2.2
U02603,2024-05-13,C003,Android,UK,25-34,v2.1
U02604,2024-03-27,C001,Android,USA,55+,v2.4
U02605,2024-05-12,C004,iOS,UK,35-44,v2.1
U02606,2024-01-11,C006,Android,UK,45-54,v2.3
U02607,2024-04-11,C006,iOS,France,18-24,v2.2
U02608,2024-04-26,C001,Android,UK,55+,v2.4
U02609,2024-03-06,C006,iOS,France,25-34,v2.2
U02610,2024-05-26,C001,Android,USA,35-44,v2.3
U02611,2024-02-06,C004,Android,France,25-34,v2.4
U02612,2024-01-30,C001,Android,UK,25-34,v2.3
U02613,2024-02-19,C002,iOS,France,45-54,v2.4
U02614,2024-05-15,C001,iOS,UK,25-34,v2.4
U02615,2024-01-14,C001,iOS,Australia,18-24,v2.4
U02616,2024-05-09,C002,iOS,Australia,45-54,v2.2
U02617,2024-02-16,C006,Android,USA,25-34,v2.4
U02618,2024-04-13,C004,Android,Canada,35-44,v2.4
U02619,2024-05-26,C005,Android,Australia,45-54,v2.3
U02620,2024-06-02,C004,Android,Germany,45-54,v2.1
U02621,2024-05-13,C002,iOS,USA,25-34,v2.4
U02622,2024-03-04,C001,iOS,USA,35-44,v2.4
U02623,2024-05-25,C004,Android,UK,18-24,v2.2
U02624,2024-02-17,C005,Android,UK,35-44,v2.4
U02625,2024-04-20,C002,iOS,India,25-34,v2.4
U02626,2024-05-22,C003,iOS,UK,35-44,v2.4
U02627,2024-01-08,C004,iOS,UK,25-34,v2.4
U02628,2024-02-28,C003,iOS,Australia,35-44,v2.3
U02629,2024-03-03,C006,iOS,Australia,25-34,v2.1
U02630,2024-03-13,C005,Android,Singapore,45-54,v2.2
U02631,2024-02-06,C006,iOS,USA,18-24,v2.4
U02632,2024-02-07,C002,Android,USA,18-24,v2.4
U02633,2024-01-24,C005,iOS,USA,25-34,v2.1
U02634,2024-02-25,C001,iOS,USA,35-44,v2.4
U02635,2024-02-07,C004,Android,USA,25-34,v2.4
U02636,2024-01-31,C002,iOS,USA,25-34,v2.2
U02637,2024-03-20,C005,iOS,India,45-54,v2.4
U02638,2024-02-12,C003,iOS,UK,45-54,v2.3
U02639,2024-04-10,C006,iOS,Singapore,18-24,v2.4
U02640,2024-04-09,C003,iOS,Australia,45-54,v2.3
U02641,2024-01-07,C001,iOS,USA,35-44,v2.2
U02642,2024-03-16,C004,iOS,Germany,18-24,v2.3
U02643,2024-02-15,C005,iOS,France,55+,v2.3
U02644,2024-06-09,C001,Android,UK,25-34,v2.1
U02645,2024-05-06,C002,Android,USA,18-24,v2.4
U02646,2024-02-05,C004,Android,USA,18-24,v2.2
U02647,2024-01-05,C003,iOS,France,35-44,v2.4
U02648,2024-04-08,C006,Android,Canada,55+,v2.1
U02649,2024-03-08,C001,Android,Australia,25-34,v2.4
U02650,2024-02-20,C001,iOS,India,55+,v2.3
U02651,2024-02-13,C001,Android,USA,25-34,v2.4
U02652,2024-04-28,C001,Android,India,18-24,v2.2
U02653,2024-06-03,C001,iOS,UK,25-34,v2.4
U02654,2024-06-20,C002,iOS,USA,55+,v2.3
U02655,2024-02-18,C001,iOS,Australia,25-34,v2.2
U02656,2024-01-13,C004,iOS,Canada,18-24,v2.4
U02657,2024-03-16,C003,Android,UK,25-34,v2.4
U02658,2024-03-01,C002,Android,France,25-34,v2.3
U02659,2024-02-06,C006,Android,USA,25-34,v2.4
U02660,2024-01-20,C001,iOS,UK,25-34,v2.4
U02661,2024-05-17,C005,iOS,UK,25-34,v2.4
U02662,2024-02-13,C003,iOS,France,35-44,v2.4
U02663,2024-04-22,C001,iOS,France,45-54,v2.3
U02664,2024-01-30,C005,iOS,Australia,25-34,v2.1
U02665,2024-02-28,C003,iOS,Germany,25-34,v2.4
U02666,2024-05-19,C004,iOS,Australia,55+,v2.3
U02667,2024-06-28,C001,Android,USA,45-54,v2.3
U02668,2024-02-07,C005,iOS,Germany,25-34,v2.2
U02669,2024-06-17,C005,iOS,Canada,25-34,v2.2
U02670,2024-04-10,C004,Android,UK,25-34,v2.4
U02671,2024-01-27,C004,iOS,UK,18-24,v2.4
U02672,2024-02-14,C001,iOS,USA,25-34,v2.3
U02673,2024-06-01,C006,iOS,USA,35-44,v2.2
U02674,2024-06-08,C004,iOS,USA,18-24,v2.2
U02675,2024-01-10,C005,Android,Singapore,35-44,v2.2
U02676,2024-05-18,C002,Android,Australia,25-34,v2.4
U02677,2024-06-14,C001,Android,USA,35-44,v2.3
U02678,2024-06-10,C001,iOS,USA,35-44,v2.3
U02679,2024-01-10,C004,iOS,USA,18-24,v2.4
U02680,2024-04-12,C002,iOS,USA,55+,v2.2
U02681,2024-06-06,C002,iOS,UK,35-44,v2.4
U02682,2024-06-18,C006,iOS,USA,25-34,v2.2
U02683,2024-06-08,C003,iOS,USA,45-54,v2.4
U02684,2024-02-03,C002,iOS,USA,35-44,v2.4
U02685,2024-05-16,C002,iOS,USA,18-24,v2.3
U02686,2024-03-01,C002,Android,India,35-44,v2.4
U02687,2024-04-09,C002,Android,Australia,25-34,v2.1
U02688,2024-02-01,C001,Android,UK,35-44,v2.4
U02689,2024-03-09,C002,Android,USA,35-44,v2.2
U02690,2024-03-31,C005,Android,UK,18-24,v2.4
U02691,2024-06-23,C003,iOS,USA,25-34,v2.4
U02692,2024-02-19,C003,Android,Canada,18-24,v2.3
U02693,2024-03-07,C001,Android,USA,25-34,v2.3
U02694,2024-05-03,C001,Android,USA,55+,v2.2
U02695,2024-05-30,C001,Android,USA,35-44,v2.4
U02696,2024-01-27,C001,Android,USA,25-34,v2.3
U02697,2024-04-03,C001,Android,USA,55+,v2.4
U02698,2024-05-23,C002,Android,Germany,35-44,v2.2
U02699,2024-03-07,C001,iOS,Canada,18-24,v2.4
U02700,2024-05-11,C005,iOS,France,45-54,v2.3
U02701,2024-02-12,C001,iOS,Australia,35-44,v2.2
U02702,2024-01-10,C001,iOS,USA,18-24,v2.2
U02703,2024-01-28,C002,iOS,UK,35-44,v2.3
U02704,2024-02-24,C005,iOS,France,25-34,v2.2
U02705,2024-04-19,C002,iOS,UK,35-44,v2.4
U02706,2024-02-08,C004,Android,UK,55+,v2.4
U02707,2024-01-10,C005,iOS,USA,25-34,v2.4
U02708,2024-06-27,C004,iOS,UK,35-44,v2.2
U02709,2024-05-02,C001,iOS,UK,25-34,v2.3
U02710,2024-03-30,C002,Android,India,25-34,v2.4
U02711,2024-04-19,C002,Android,France,35-44,v2.3
U02712,2024-04-25,C003,iOS,France,18-24,v2.4
U02713,2024-05-10,C002,Android,Australia,25-34,v2.3
U02714,2024-05-30,C002,iOS,France,35-44,v2.4
U02715,2024-03-14,C001,iOS,Singapore,45-54,v2.4
U02716,2024-06-26,C002,iOS,UK,45-54,v2.4
U02717,2024-01-11,C001,iOS,Canada,35-44,v2.4
U02718,2024-01-19,C006,iOS,France,45-54,v2.4
U02719,2024-03-24,C005,iOS,UK,25-34,v2.1
U02720,2024-02-22,C004,iOS,Germany,35-44,v2.2
U02721,2024-03-13,C005,iOS,USA,35-44,v2.4
U02722,2024-05-05,C001,Android,Australia,55+,v2.3
U02723,2024-06-12,C005,Android,USA,25-34,v2.4
U02724,2024-02-03,C002,iOS,Germany,18-24,v2.3
U02725,2024-02-23,C006,iOS,UK,45-54,v2.4
U02726,2024-01-28,C004,iOS,UK,18-24,v2.2
U02727,2024-06-14,C001,iOS,UK,25-34,v2.1
U02728,2024-01-24,C003,iOS,USA,18-24,v2.3
U02729,2024-03-29,C001,iOS,USA,25-34,v2.1
U02730,2024-04-26,C001,iOS,USA,25-34,v2.2
U02731,2024-04-02,C003,iOS,UK,18-24,v2.3
U02732,2024-01-09,C002,Android,USA,35-44,v2.4
U02733,2024-04-26,C002,Android,UK,18-24,v2.1
U02734,2024-02-16,C004,Android,Canada,18-24,v2.3
U02735,2024-02-25,C001,Android,Australia,55+,v2.4
U02736,2024-02-17,C006,Android,USA,18-24,v2.3
U02737,2024-05-25,C006,iOS,USA,18-24,v2.2
U02738,2024-04-19,C005,Android,Canada,35-44,v2.2
U02739,2024-05-20,C001,Android,USA,25-34,v2.4
U02740,2024-05-27,C005,iOS,USA,55+,v2.2
U02741,2024-02-01,C003,Android,Germany,45-54,v2.2
U02742,2024-04-10,C002,Android,Canada,25-34,v2.2
U02743,2024-05-07,C004,Android,UK,25-34,v2.4
U02744,2024-05-29,C002,iOS,UK,18-24,v2.1
U02745,2024-03-04,C004,Android,Germany,45-54,v2.4
U02746,2024-02-24,C003,Android,USA,35-44,v2.3
U02747,2024-05-12,C001,iOS,France,35-44,v2.1
U02748,2024-04-03,C002,Android,France,25-34,v2.2
U02749,2024-01-12,C002,iOS,Canada,55+,v2.4
U02750,2024-05-12,C003,Android,USA,35-44,v2.4
U02751,2024-06-29,C006,Android,USA,18-24,v2.3
U02752,2024-01-16,C005,Android,Germany,45-54,v2.1
U02753,2024-01-05,C002,iOS,India,35-44,v2.4
U02754,2024-05-26,C002,iOS,USA,45-54,v2.4
U02755,2024-05-26,C006,Android,UK,18-24,v2.3
U02756,2024-05-30,C004,Android,UK,18-24,v2.2
U02757,2024-05-10,C001,Android,UK,18-24,v2.3
U02758,2024-04-30,C001,Android,USA,35-44,v2.2
U02759,2024-04-11,C001,iOS,UK,18-24,v2.2
U02760,2024-06-24,C006,Android,USA,35-44,v2.2
U02761,2024-01-30,C004,Android,UK,18-24,v2.3
U02762,2024-02-03,C006,iOS,Canada,18-24,v2.2
U02763,2024-03-28,C004,Android,Germany,55+,v2.2
U02764,2024-06-08,C004,iOS,USA,18-24,v2.3
U02765,2024-02-23,C003,Android,USA,45-54,v2.4
U02766,2024-05-13,C001,Android,USA,18-24,v2.2
U02767,2024-05-22,C004,Android,UK,25-34,v2.1
U02768,2024-06-19,C002,iOS,Canada,25-34,v2.1
U02769,2024-05-31,C001,Android,Singapore,25-34,v2.3
U02770,2024-01-17,C005,Android,UK,55+,v2.4
U02771,2024-05-25,C004,iOS,Australia,25-34,v2.1
U02772,2024-01-25,C001,iOS,UK,18-24,v2.4
U02773,2024-05-20,C002,iOS,USA,55+,v2.2
U02774,2024-01-07,C002,iOS,Germany,18-24,v2.2
U02775,2024-05-03,C006,iOS,USA,18-24,v2.2
U02776,2024-05-06,C002,iOS,Canada,25-34,v2.4
U02777,2024-01-22,C002,Android,UK,18-24,v2.2
U02778,2024-03-13,C003,Android,UK,25-34,v2.4
U02779,2024-02-10,C005,Android,Canada,18-24,v2.4
U02780,2024-03-14,C001,iOS,UK,25-34,v2.4
U02781,2024-05-07,C003,Android,USA,25-34,v2.4
U02782,2024-06-08,C001,iOS,Australia,55+,v2.3
U02783,2024-04-18,C005,Android,USA,45-54,v2.2
U02784,2024-03-05,C002,iOS,UK,18-24,v2.2
U02785,2024-05-11,C001,iOS,Germany,35-44,v2.3
U02786,2024-02-28,C001,iOS,Germany,18-24,v2.2
U02787,2024-05-12,C001,iOS,UK,35-44,v2.3
U02788,2024-01-28,C001,iOS,Australia,55+,v2.4
U02789,2024-04-28,C001,iOS,USA,18-24,v2.1
U02790,2024-02-28,C002,Android,France,25-34,v2.4
U02791,2024-03-11,C003,iOS,USA,18-24,v2.2
U02792,2024-01-05,C003,iOS,USA,25-34,v2.3
U02793,2024-04-19,C004,Android,USA,18-24,v2.3
U02794,2024-03-26,C001,Android,France,18-24,v2.3
U02795,2024-04-22,C006,Android,India,25-34,v2.2
U02796,2024-03-31,C003,iOS,France,35-44,v2.3
U02797,2024-01-09,C001,iOS,USA,18-24,v2.4
U02798,2024-06-09,C003,Android,Germany,18-24,v2.3
U02799,2024-06-19,C002,Android,UK,35-44,v2.2
U02800,2024-03-01,C003,Android,UK,35-44,v2.4
U02801,2024-06-30,C004,iOS,UK,18-24,v2.4
U02802,2024-01-17,C002,iOS,USA,35-44,v2.1
U02803,2024-05-30,C002,Android,France,55+,v2.3
U02804,2024-06-04,C003,iOS,UK,18-24,v2.3
U02805,2024-04-22,C004,Android,USA,25-34,v2.2
U02806,2024-04-15,C006,Android,UK,25-34,v2.4
U02807,2024-05-04,C003,iOS,UK,18-24,v2.3
U02808,2024-02-16,C001,Android,USA,35-44,v2.2
U02809,2024-05-25,C006,Android,USA,18-24,v2.4
U02810,2024-03-08,C001,iOS,Singapore,35-44,v2.1
U02811,2024-04-29,C001,iOS,India,45-54,v2.2
U02812,2024-04-15,C001,iOS,Australia,18-24,v2.4
U02813,2024-06-09,C002,Android,India,25-34,v2.4
U02814,2024-01-22,C001,Android,Germany,35-44,v2.3
U02815,2024-05-29,C002,iOS,UK,55+,v2.4
U02816,2024-05-17,C003,Android,USA,35-44,v2.1
U02817,2024-01-19,C006,Android,India,25-34,v2.2
U02818,2024-01-31,C002,Android,USA,25-34,v2.4
U02819,2024-05-26,C006,Android,USA,55+,v2.3
U02820,2024-01-16,C005,iOS,UK,25-34,v2.3
U02821,2024-01-24,C005,iOS,UK,25-34,v2.2
U02822,2024-04-13,C001,Android,UK,18-24,v2.4
U02823,2024-06-21,C005,iOS,UK,35-44,v2.3
U02824,2024-05-09,C001,Android,USA,55+,v2.4
U02825,2024-05-02,C004,iOS,UK,25-34,v2.4
U02826,2024-03-07,C006,iOS,Canada,18-24,v2.3
U02827,2024-05-06,C006,Android,UK,25-34,v2.4
U02828,2024-06-25,C003,iOS,Australia,25-34,v2.4
U02829,2024-04-27,C003,Android,Australia,35-44,v2.2
U02830,2024-06-12,C001,Android,USA,35-44,v2.4
U02831,2024-04-06,C002,iOS,USA,35-44,v2.1
U02832,2024-04-25,C003,iOS,USA,18-24,v2.3
U02833,2024-04-08,C001,Android,USA,35-44,v2.4
U02834,2024-04-14,C002,iOS,UK,55+,v2.4
U02835,2024-02-26,C002,iOS,Australia,18-24,v2.1
U02836,2024-04-21,C001,iOS,USA,55+,v2.4
U02837,2024-04-23,C004,iOS,UK,45-54,v2.1
U02838,2024-01-19,C001,Android,Canada,35-44,v2.4
U02839,2024-04-01,C004,Android,Canada,18-24,v2.4
U02840,2024-02-22,C004,iOS,UK,35-44,v2.4
U02841,2024-03-28,C001,iOS,India,25-34,v2.3
U02842,2024-04-12,C002,Android,UK,18-24,v2.4
U02843,2024-03-12,C004,iOS,USA,35-44,v2.3
U02844,2024-06-15,C001,iOS,USA,18-24,v2.3
U02845,2024-04-12,C005,iOS,Germany,45-54,v2.4
U02846,2024-01-17,C005,iOS,USA,25-34,v2.4
U02847,2024-06-10,C001,iOS,India,18-24,v2.3
U02848,2024-05-21,C001,iOS,USA,25-34,v2.4
U02849,2024-01-27,C005,Android,Canada,45-54,v2.3
U02850,2024-03-08,C003,Android,USA,45-54,v2.2
U02851,2024-05-28,C002,Android,USA,55+,v2.3
U02852,2024-03-20,C004,Android,USA,35-44,v2.4
U02853,2024-06-17,C001,iOS,UK,35-44,v2.2
U02854,2024-06-24,C005,Android,UK,55+,v2.4
U02855,2024-01-12,C002,iOS,UK,35-44,v2.1
U02856,2024-06-01,C003,Android,Germany,18-24,v2.3
U02857,2024-04-15,C006,Android,UK,35-44,v2.3
U02858,2024-06-02,C001,iOS,UK,35-44,v2.4
U02859,2024-03-18,C005,iOS,Singapore,25-34,v2.1
U02860,2024-04-06,C006,Android,USA,45-54,v2.4
U02861,2024-06-06,C002,iOS,UK,35-44,v2.2
U02862,2024-01-04,C005,Android,USA,45-54,v2.3
U02863,2024-04-23,C002,Android,Canada,35-44,v2.3
U02864,2024-03-22,C006,iOS,USA,35-44,v2.3
U02865,2024-03-03,C005,iOS,Germany,45-54,v2.4
U02866,2024-06-11,C001,iOS,Australia,18-24,v2.3
U02867,2024-03-26,C004,iOS,India,18-24,v2.4
U02868,2024-04-18,C001,iOS,UK,25-34,v2.4
U02869,2024-04-25,C002,Android,Australia,25-34,v2.3
U02870,2024-03-21,C004,iOS,UK,18-24,v2.4
U02871,2024-01-26,C001,Android,France,45-54,v2.2
U02872,2024-05-12,C004,Android,UK,45-54,v2.3
U02873,2024-01-28,C003,iOS,USA,35-44,v2.4
U02874,2024-02-02,C001,iOS,Canada,45-54,v2.3
U02875,2024-01-04,C006,iOS,UK,35-44,v2.4
U02876,2024-02-12,C004,iOS,UK,18-24,v2.2
U02877,2024-02-22,C003,iOS,Germany,25-34,v2.2
U02878,2024-03-29,C004,Android,France,25-34,v2.3
U02879,2024-03-30,C006,Android,USA,25-34,v2.3
U02880,2024-03-20,C001,Android,Australia,18-24,v2.3
U02881,2024-03-05,C002,Android,Singapore,18-24,v2.4
U02882,2024-04-19,C002,Android,USA,25-34,v2.4
U02883,2024-02-20,C005,iOS,UK,18-24,v2.4
U02884,2024-04-24,C002,iOS,Germany,35-44,v2.3
U02885,2024-06-07,C004,Android,USA,45-54,v2.3
U02886,2024-02-22,C001,iOS,Canada,35-44,v2.3
U02887,2024-01-08,C001,Android,USA,35-44,v2.4
U02888,2024-05-01,C002,iOS,USA,45-54,v2.1
U02889,2024-04-09,C006,Android,USA,35-44,v2.2
U02890,2024-04-08,C004,Android,UK,35-44,v2.3
U02891,2024-02-07,C002,Android,USA,18-24,v2.3
U02892,2024-01-10,C005,Android,Germany,35-44,v2.3
U02893,2024-04-11,C002,iOS,USA,18-24,v2.3
U02894,2024-02-14,C002,iOS,Australia,25-34,v2.2
U02895,2024-01-14,C005,iOS,USA,25-34,v2.1
U02896,2024-06-03,C004,iOS,Germany,18-24,v2.3
U02897,2024-06-15,C004,Android,Australia,18-24,v2.3
U02898,2024-02-07,C003,Android,USA,25-34,v2.3
U02899,2024-04-08,C005,iOS,USA,35-44,v2.3
U02900,2024-02-09,C006,Android,Canada,25-34,v2.4
U02901,2024-05-03,C003,iOS,USA,25-34,v2.3
U02902,2024-02-05,C002,iOS,France,45-54,v2.4
U02903,2024-05-18,C004,iOS,USA,25-34,v2.4
U02904,2024-05-22,C004,Android,UK,18-24,v2.3
U02905,2024-01-27,C001,iOS,Canada,25-34,v2.1
U02906,2024-02-10,C006,iOS,Singapore,25-34,v2.3
U02907,2024-01-13,C004,iOS,UK,18-24,v2.1
U02908,2024-01-30,C001,iOS,India,18-24,v2.4
U02909,2024-04-08,C002,iOS,UK,18-24,v2.4
U02910,2024-06-01,C004,iOS,Germany,25-34,v2.3
U02911,2024-01-03,C003,Android,UK,25-34,v2.1
U02912,2024-01-16,C006,iOS,Canada,55+,v2.3
U02913,2024-06-13,C006,Android,Germany,35-44,v2.2
U02914,2024-05-20,C004,iOS,USA,45-54,v2.3
U02915,2024-06-22,C005,iOS,UK,35-44,v2.1
U02916,2024-04-13,C006,iOS,France,25-34,v2.3
U02917,2024-05-30,C002,Android,USA,45-54,v2.1
U02918,2024-04-20,C006,Android,USA,18-24,v2.1
U02919,2024-06-14,C002,iOS,France,35-44,v2.4
U02920,2024-02-27,C006,iOS,USA,25-34,v2.3
U02921,2024-05-31,C002,Android,UK,35-44,v2.3
U02922,2024-05-23,C004,iOS,USA,25-34,v2.2
U02923,2024-05-16,C004,iOS,USA,25-34,v2.3
U02924,2024-01-04,C003,iOS,Canada,25-34,v2.3
U02925,2024-01-31,C003,Android,Australia,25-34,v2.3
U02926,2024-04-03,C001,Android,USA,25-34,v2.4
U02927,2024-05-25,C002,iOS,Australia,18-24,v2.1
U02928,2024-01-23,C001,Android,Germany,25-34,v2.4
U02929,2024-06-10,C003,iOS,France,25-34,v2.3
U02930,2024-01-21,C003,iOS,India,45-54,v2.3
U02931,2024-02-05,C006,Android,USA,25-34,v2.4
U02932,2024-01-31,C002,iOS,Australia,35-44,v2.2
U02933,2024-03-16,C002,iOS,UK,25-34,v2.4
U02934,2024-06-14,C003,iOS,Canada,35-44,v2.4
U02935,2024-04-21,C002,iOS,Canada,25-34,v2.3
U02936,2024-01-20,C002,Android,India,45-54,v2.2
U02937,2024-04-03,C002,iOS,France,25-34,v2.2
U02938,2024-05-04,C005,iOS,USA,25-34,v2.1
U02939,2024-05-27,C001,Android,USA,45-54,v2.4
U02940,2024-01-05,C006,iOS,Canada,18-24,v2.4
U02941,2024-03-28,C002,Android,USA,18-24,v2.2
U02942,2024-04-30,C006,iOS,India,35-44,v2.4
U02943,2024-03-12,C001,iOS,USA,55+,v2.4
U02944,2024-02-16,C001,iOS,USA,18-24,v2.4
U02945,2024-01-19,C002,Android,India,45-54,v2.3
U02946,2024-05-03,C001,Android,India,35-44,v2.4
U02947,2024-01-16,C001,iOS,Singapore,35-44,v2.4
U02948,2024-01-28,C006,Android,USA,25-34,v2.4
U02949,2024-01-12,C004,iOS,France,45-54,v2.1
U02950,2024-05-25,C001,iOS,USA,45-54,v2.3
U02951,2024-06-23,C001,Android,USA,35-44,v2.4
U02952,2024-01-23,C006,iOS,USA,35-44,v2.4
U02953,2024-02-28,C005,iOS,Canada,25-34,v2.3
U02954,2024-05-26,C001,Android,USA,35-44,v2.2
U02955,2024-04-30,C004,iOS,Germany,55+,v2.4
U02956,2024-05-11,C006,Android,UK,25-34,v2.3
U02957,2024-02-24,C006,Android,UK,25-34,v2.1
U02958,2024-03-31,C005,Android,USA,35-44,v2.1
U02959,2024-03-16,C001,Android,Germany,25-34,v2.2
U02960,2024-03-02,C002,Android,USA,18-24,v2.4
U02961,2024-05-19,C002,Android,USA,35-44,v2.2
U02962,2024-03-05,C006,Android,USA,25-34,v2.4
U02963,2024-03-22,C005,iOS,Singapore,45-54,v2.4
U02964,2024-03-17,C002,iOS,UK,25-34,v2.3
U02965,2024-04-23,C006,Android,USA,25-34,v2.3
U02966,2024-01-21,C002,iOS,UK,18-24,v2.4
U02967,2024-06-01,C001,Android,India,25-34,v2.1
U02968,2024-06-10,C004,Android,Australia,35-44,v2.4
U02969,2024-01-26,C006,Android,USA,25-34,v2.3
U02970,2024-06-02,C006,iOS,USA,25-34,v2.4
U02971,2024-06-23,C002,Android,UK,35-44,v2.3
U02972,2024-06-07,C002,iOS,France,55+,v2.4
U02973,2024-01-22,C004,Android,India,35-44,v2.2
U02974,2024-03-21,C005,Android,USA,55+,v2.1
U02975,2024-04-16,C004,Android,UK,25-34,v2.3
U02976,2024-02-16,C006,iOS,Germany,35-44,v2.3
U02977,2024-04-22,C004,Android,UK,25-34,v2.4
U02978,2024-05-06,C001,iOS,UK,18-24,v2.3
U02979,2024-01-13,C006,Android,Canada,25-34,v2.1
U02980,2024-02-29,C004,Android,UK,55+,v2.2
U02981,2024-06-22,C004,Android,Germany,18-24,v2.4
U02982,2024-05-28,C001,iOS,UK,18-24,v2.2
U02983,2024-01-12,C003,Android,Germany,18-24,v2.3
U02984,2024-06-09,C004,iOS,UK,35-44,v2.4
U02985,2024-06-06,C006,Android,USA,35-44,v2.2
U02986,2024-04-05,C004,iOS,UK,25-34,v2.1
U02987,2024-04-14,C006,iOS,Canada,35-44,v2.3
U02988,2024-04-19,C006,Android,USA,18-24,v2.3
U02989,2024-04-22,C003,iOS,Australia,18-24,v2.3
U02990,2024-03-09,C004,iOS,India,18-24,v2.2
U02991,2024-03-14,C002,Android,Singapore,45-54,v2.1
U02992,2024-04-10,C003,iOS,France,18-24,v2.3
U02993,2024-02-25,C001,iOS,UK,25-34,v2.4
U02994,2024-03-21,C002,Android,UK,18-24,v2.3
U02995,2024-02-17,C003,Android,Australia,35-44,v2.4
U02996,2024-02-26,C005,iOS,France,18-24,v2.4
U02997,2024-01-09,C003,Android,India,45-54,v2.1
U02998,2024-03-03,C001,Android,USA,45-54,v2.3
U02999,2024-03-03,C001,Android,UK,25-34,v2.3
U03000,2024-02-04,C004,iOS,India,25-34,v2.4
U03001,2024-04-26,C002,Android,Canada,35-44,v2.3
U03002,2024-03-23,C005,Android,UK,35-44,v2.3
U03003,2024-04-18,C002,iOS,UK,45-54,v2.3
U03004,2024-02-15,C005,Android,UK,25-34,v2.3
U03005,2024-01-20,C002,Android,India,35-44,v2.2
U03006,2024-04-23,C001,Android,France,18-24,v2.4
U03007,2024-01-02,C001,iOS,Singapore,18-24,v2.4
U03008,2024-06-18,C001,iOS,India,35-44,v2.3
U03009,2024-05-05,C004,Android,Canada,25-34,v2.4
U03010,2024-05-08,C002,iOS,USA,25-34,v2.4
U03011,2024-03-21,C003,iOS,Singapore,18-24,v2.4
U03012,2024-04-07,C003,iOS,UK,55+,v2.3
U03013,2024-03-01,C003,Android,Australia,45-54,v2.1
U03014,2024-04-06,C004,iOS,India,25-34,v2.2
U03015,2024-05-10,C002,Android,USA,18-24,v2.1
U03016,2024-05-11,C001,Android,USA,18-24,v2.2
U03017,2024-02-24,C004,iOS,Canada,45-54,v2.2
U03018,2024-06-18,C006,iOS,UK,25-34,v2.4
U03019,2024-06-16,C001,iOS,Germany,25-34,v2.2
U03020,2024-04-17,C006,Android,Canada,35-44,v2.4
U03021,2024-06-21,C001,Android,UK,18-24,v2.2
U03022,2024-01-13,C002,Android,UK,45-54,v2.2
U03023,2024-04-22,C003,Android,UK,45-54,v2.2
U03024,2024-02-19,C001,Android,UK,18-24,v2.3
U03025,2024-01-13,C002,iOS,UK,55+,v2.1
U03026,2024-06-01,C001,Android,USA,25-34,v2.4
U03027,2024-01-25,C004,iOS,Germany,35-44,v2.4
U03028,2024-06-02,C001,Android,France,55+,v2.1
U03029,2024-03-17,C002,Android,France,18-24,v2.4
U03030,2024-05-15,C001,Android,UK,18-24,v2.4
U03031,2024-05-18,C005,iOS,USA,18-24,v2.3
U03032,2024-02-21,C006,iOS,UK,18-24,v2.3
U03033,2024-04-04,C006,iOS,Singapore,25-34,v2.4
U03034,2024-01-11,C002,Android,India,18-24,v2.3
U03035,2024-04-10,C002,iOS,Canada,35-44,v2.4
U03036,2024-03-17,C004,iOS,USA,55+,v2.4
U03037,2024-06-03,C005,Android,Canada,25-34,v2.3
U03038,2024-06-03,C002,iOS,UK,18-24,v2.2
U03039,2024-01-31,C001,Android,USA,35-44,v2.4
U03040,2024-03-28,C006,iOS,USA,35-44,v2.2
U03041,2024-05-11,C005,Android,Singapore,25-34,v2.3
U03042,2024-06-01,C006,Android,Germany,55+,v2.2
U03043,2024-03-02,C004,Android,Australia,35-44,v2.3
U03044,2024-04-07,C002,iOS,USA,18-24,v2.2
U03045,2024-03-13,C006,Android,UK,25-34,v2.1
U03046,2024-05-16,C001,iOS,India,55+,v2.1
U03047,2024-06-25,C001,iOS,France,45-54,v2.3
U03048,2024-04-13,C001,Android,USA,45-54,v2.4
U03049,2024-04-09,C006,iOS,USA,25-34,v2.3
U03050,2024-05-30,C004,Android,Singapore,35-44,v2.4
U03051,2024-06-11,C002,iOS,Singapore,25-34,v2.3
U03052,2024-03-10,C002,Android,Canada,25-34,v2.4
U03053,2024-01-17,C002,Android,UK,18-24,v2.2
U03054,2024-01-06,C003,Android,Canada,55+,v2.4
U03055,2024-03-19,C003,Android,UK,25-34,v2.2
U03056,2024-04-05,C003,iOS,France,18-24,v2.4
U03057,2024-03-02,C001,Android,USA,18-24,v2.4
U03058,2024-05-30,C006,iOS,USA,55+,v2.2
U03059,2024-06-19,C006,Android,Canada,18-24,v2.4
U03060,2024-04-16,C005,iOS,USA,25-34,v2.4
U03061,2024-01-15,C002,iOS,Australia,25-34,v2.2
U03062,2024-06-23,C006,iOS,Canada,35-44,v2.3
U03063,2024-05-15,C005,Android,UK,18-24,v2.3
U03064,2024-05-20,C002,Android,Canada,25-34,v2.2
U03065,2024-06-17,C002,Android,USA,45-54,v2.4
U03066,2024-03-07,C002,Android,India,25-34,v2.2
U03067,2024-02-19,C004,iOS,Canada,45-54,v2.1
U03068,2024-05-15,C002,iOS,Germany,18-24,v2.4
U03069,2024-04-28,C002,iOS,USA,25-34,v2.2
U03070,2024-04-29,C001,iOS,UK,45-54,v2.4
U03071,2024-06-10,C004,Android,France,55+,v2.1
U03072,2024-04-04,C002,iOS,Singapore,18-24,v2.4
U03073,2024-05-03,C005,iOS,UK,25-34,v2.3
U03074,2024-06-18,C005,iOS,USA,35-44,v2.2
U03075,2024-05-26,C004,iOS,India,35-44,v2.3
U03076,2024-06-09,C004,iOS,UK,18-24,v2.2
U03077,2024-04-06,C004,iOS,UK,35-44,v2.2
U03078,2024-01-07,C004,iOS,Australia,45-54,v2.4
U03079,2024-03-29,C001,iOS,Canada,45-54,v2.4
U03080,2024-06-23,C001,iOS,UK,35-44,v2.4
U03081,2024-04-23,C001,Android,India,35-44,v2.2
U03082,2024-03-14,C002,iOS,Australia,45-54,v2.4
U03083,2024-03-31,C001,iOS,USA,25-34,v2.4
U03084,2024-04-30,C002,Android,Canada,25-34,v2.3
U03085,2024-04-09,C004,Android,UK,25-34,v2.2
U03086,2024-02-21,C002,iOS,USA,18-24,v2.1
U03087,2024-06-14,C005,Android,Canada,45-54,v2.3
U03088,2024-05-23,C004,iOS,UK,45-54,v2.4
U03089,2024-06-10,C002,Android,USA,45-54,v2.4
U03090,2024-05-02,C001,iOS,USA,18-24,v2.4
U03091,2024-02-25,C006,Android,UK,18-24,v2.4
U03092,2024-01-05,C004,Android,USA,55+,v2.3
U03093,2024-06-20,C005,iOS,Australia,35-44,v2.4
U03094,2024-02-17,C001,Android,USA,25-34,v2.4
U03095,2024-06-07,C006,iOS,USA,18-24,v2.3
U03096,2024-06-11,C005,iOS,Germany,18-24,v2.3
U03097,2024-05-16,C001,iOS,Germany,25-34,v2.4
U03098,2024-01-02,C003,iOS,France,55+,v2.4
U03099,2024-06-16,C003,iOS,India,18-24,v2.4
U03100,2024-02-14,C002,iOS,Germany,35-44,v2.2
U03101,2024-05-01,C004,iOS,USA,25-34,v2.3
U03102,2024-04-02,C002,iOS,Germany,55+,v2.4
U03103,2024-04-04,C001,Android,USA,18-24,v2.4
U03104,2024-06-21,C002,iOS,UK,55+,v2.1
U03105,2024-04-06,C004,iOS,USA,25-34,v2.3
U03106,2024-02-17,C001,Android,France,18-24,v2.2
U03107,2024-02-10,C004,iOS,France,25-34,v2.2
U03108,2024-06-18,C001,iOS,India,35-44,v2.4
U03109,2024-04-20,C006,Android,USA,25-34,v2.3
U03110,2024-01-10,C003,iOS,UK,18-24,v2.3
U03111,2024-05-03,C001,Android,Singapore,18-24,v2.3
U03112,2024-04-09,C004,iOS,Singapore,35-44,v2.4
U03113,2024-05-16,C004,Android,USA,18-24,v2.3
U03114,2024-02-23,C006,Android,India,35-44,v2.3
U03115,2024-01-30,C004,Android,USA,25-34,v2.1
U03116,2024-05-11,C004,Android,Canada,18-24,v2.2
U03117,2024-01-12,C001,Android,USA,18-24,v2.3
U03118,2024-04-06,C002,iOS,Canada,45-54,v2.2
U03119,2024-01-02,C004,iOS,USA,25-34,v2.3
U03120,2024-03-20,C003,Android,USA,25-34,v2.3
U03121,2024-04-25,C006,Android,UK,45-54,v2.3
U03122,2024-03-29,C002,Android,USA,25-34,v2.1
U03123,2024-03-03,C002,Android,USA,18-24,v2.4
U03124,2024-03-10,C003,Android,Singapore,25-34,v2.2
U03125,2024-06-11,C003,iOS,Canada,25-34,v2.3
U03126,2024-01-13,C004,Android,Australia,18-24,v2.3
U03127,2024-02-11,C003,iOS,Australia,25-34,v2.2
U03128,2024-01-21,C005,Android,India,35-44,v2.3
U03129,2024-05-25,C004,Android,USA,25-34,v2.4
U03130,2024-03-04,C002,iOS,USA,45-54,v2.4
U03131,2024-02-26,C002,iOS,UK,45-54,v2.3
U03132,2024-04-11,C003,Android,UK,35-44,v2.4
U03133,2024-03-07,C002,iOS,UK,45-54,v2.4
U03134,2024-03-08,C001,Android,France,35-44,v2.2
U03135,2024-02-27,C001,iOS,USA,35-44,v2.3
U03136,2024-02-25,C006,Android,USA,35-44,v2.3
U03137,2024-03-10,C001,iOS,Singapore,55+,v2.4
U03138,2024-04-24,C001,Android,UK,25-34,v2.1
U03139,2024-03-24,C002,Android,USA,25-34,v2.4
U03140,2024-04-15,C002,iOS,Canada,45-54,v2.2
U03141,2024-03-03,C001,iOS,Canada,45-54,v2.3
U03142,2024-01-17,C001,Android,Canada,45-54,v2.2
U03143,2024-04-01,C001,Android,UK,45-54,v2.3
U03144,2024-04-10,C005,iOS,Canada,18-24,v2.3
U03145,2024-06-09,C004,iOS,UK,55+,v2.4
U03146,2024-01-21,C006,Android,India,25-34,v2.3
U03147,2024-03-17,C001,Android,USA,18-24,v2.1
U03148,2024-05-18,C003,iOS,UK,45-54,v2.2
U03149,2024-04-14,C001,Android,UK,45-54,v2.2
U03150,2024-04-27,C002,iOS,UK,18-24,v2.3
U03151,2024-06-18,C002,iOS,USA,35-44,v2.4
U03152,2024-04-11,C005,iOS,UK,25-34,v2.4
U03153,2024-06-15,C002,Android,UK,45-54,v2.3
U03154,2024-05-29,C006,iOS,Germany,18-24,v2.4
U03155,2024-05-04,C002,iOS,USA,18-24,v2.1
U03156,2024-02-23,C005,iOS,UK,45-54,v2.4
U03157,2024-01-13,C001,Android,Canada,25-34,v2.3
U03158,2024-02-16,C002,iOS,France,55+,v2.2
U03159,2024-02-21,C001,Android,Canada,18-24,v2.2
U03160,2024-02-04,C002,iOS,UK,18-24,v2.1
U03161,2024-01-06,C001,iOS,USA,18-24,v2.4
U03162,2024-06-20,C006,Android,USA,45-54,v2.3
U03163,2024-04-19,C001,iOS,Canada,35-44,v2.3
U03164,2024-01-15,C001,Android,UK,18-24,v2.4
U03165,2024-02-29,C004,iOS,USA,25-34,v2.2
U03166,2024-02-25,C002,Android,Germany,18-24,v2.3
U03167,2024-04-27,C001,Android,Canada,35-44,v2.4
U03168,2024-01-05,C001,Android,Singapore,35-44,v2.2
U03169,2024-01-14,C006,iOS,France,35-44,v2.4
U03170,2024-03-07,C004,iOS,Australia,55+,v2.4
U03171,2024-05-01,C004,Android,USA,25-34,v2.2
U03172,2024-06-02,C006,iOS,USA,25-34,v2.3
U03173,2024-02-28,C003,Android,UK,35-44,v2.3
U03174,2024-03-27,C003,Android,UK,25-34,v2.1
U03175,2024-05-29,C005,iOS,USA,25-34,v2.4
U03176,2024-05-09,C004,iOS,UK,18-24,v2.2
U03177,2024-05-26,C004,iOS,UK,18-24,v2.1
U03178,2024-01-13,C001,iOS,USA,18-24,v2.3
U03179,2024-06-25,C003,Android,Germany,18-24,v2.4
U03180,2024-01-19,C002,iOS,France,25-34,v2.1
U03181,2024-06-10,C006,Android,USA,35-44,v2.3
U03182,2024-03-05,C004,iOS,USA,45-54,v2.4
U03183,2024-05-06,C001,iOS,India,55+,v2.4
U03184,2024-03-04,C001,iOS,UK,25-34,v2.2
U03185,2024-02-06,C001,iOS,Australia,35-44,v2.2
U03186,2024-06-14,C002,Android,India,35-44,v2.1
U03187,2024-05-18,C005,iOS,USA,25-34,v2.4
U03188,2024-01-05,C002,Android,USA,35-44,v2.4
U03189,2024-01-04,C002,iOS,UK,45-54,v2.3
U03190,2024-04-06,C004,Android,UK,35-44,v2.3
U03191,2024-06-23,C002,iOS,Australia,18-24,v2.3
U03192,2024-06-17,C001,Android,Canada,25-34,v2.2
U03193,2024-02-17,C002,iOS,USA,18-24,v2.4
U03194,2024-05-25,C001,iOS,India,25-34,v2.1
U03195,2024-06-03,C001,Android,Canada,55+,v2.2
U03196,2024-03-14,C001,iOS,France,55+,v2.3
U03197,2024-01-11,C001,iOS,Germany,35-44,v2.3
U03198,2024-04-21,C001,Android,France,35-44,v2.2
U03199,2024-06-08,C004,Android,Singapore,18-24,v2.3
U03200,2024-03-26,C004,Android,UK,35-44,v2.3
U03201,2024-02-19,C001,iOS,Australia,35-44,v2.1
U03202,2024-03-10,C003,Android,UK,45-54,v2.1
U03203,2024-06-13,C001,Android,UK,45-54,v2.4
U03204,2024-04-05,C004,iOS,India,18-24,v2.3
U03205,2024-02-09,C005,iOS,USA,55+,v2.2
U03206,2024-01-03,C001,Android,USA,25-34,v2.3
U03207,2024-04-09,C002,iOS,UK,45-54,v2.1
U03208,2024-04-09,C001,Android,India,25-34,v2.3
U03209,2024-05-02,C001,iOS,USA,35-44,v2.3
U03210,2024-04-12,C002,Android,Germany,35-44,v2.2
U03211,2024-04-21,C004,iOS,Australia,18-24,v2.2
U03212,2024-04-21,C005,iOS,UK,18-24,v2.4
U03213,2024-01-12,C002,Android,USA,45-54,v2.2
U03214,2024-05-04,C006,Android,Canada,45-54,v2.4
U03215,2024-01-24,C003,Android,UK,35-44,v2.3
U03216,2024-06-01,C006,iOS,Australia,18-24,v2.2
U03217,2024-06-27,C001,Android,UK,18-24,v2.3
U03218,2024-04-14,C001,Android,UK,18-24,v2.1
U03219,2024-02-20,C004,iOS,UK,25-34,v2.4
U03220,2024-01-01,C002,iOS,Germany,25-34,v2.4
U03221,2024-03-01,C003,iOS,USA,35-44,v2.4
U03222,2024-06-06,C001,Android,Germany,18-24,v2.3
U03223,2024-05-16,C004,iOS,USA,25-34,v2.2
U03224,2024-02-28,C001,iOS,India,45-54,v2.3
U03225,2024-04-08,C004,Android,UK,45-54,v2.3
U03226,2024-01-22,C003,Android,India,55+,v2.4
U03227,2024-04-13,C001,iOS,UK,25-34,v2.4
U03228,2024-01-28,C001,iOS,UK,25-34,v2.2
U03229,2024-02-27,C004,iOS,Australia,45-54,v2.4
U03230,2024-02-27,C002,iOS,Germany,35-44,v2.1
U03231,2024-05-02,C002,Android,Germany,35-44,v2.3
U03232,2024-05-03,C003,iOS,UK,35-44,v2.4
U03233,2024-05-28,C001,Android,India,25-34,v2.4
U03234,2024-03-09,C001,iOS,UK,35-44,v2.4
U03235,2024-01-30,C002,iOS,UK,55+,v2.3
U03236,2024-05-16,C004,iOS,USA,35-44,v2.2
U03237,2024-06-21,C001,Android,Germany,35-44,v2.3
U03238,2024-06-27,C006,iOS,USA,18-24,v2.4
U03239,2024-05-27,C005,iOS,USA,25-34,v2.3
U03240,2024-05-24,C006,iOS,USA,35-44,v2.4
U03241,2024-06-09,C004,Android,Germany,45-54,v2.3
U03242,2024-06-04,C001,iOS,USA,35-44,v2.3
U03243,2024-05-31,C006,iOS,Germany,35-44,v2.3
U03244,2024-01-06,C003,iOS,Canada,25-34,v2.4
U03245,2024-03-06,C003,Android,France,25-34,v2.2
U03246,2024-05-10,C001,Android,USA,25-34,v2.3
U03247,2024-03-03,C002,iOS,India,25-34,v2.3
U03248,2024-05-28,C003,iOS,Singapore,25-34,v2.3
U03249,2024-01-08,C002,iOS,Germany,18-24,v2.3
U03250,2024-04-10,C006,iOS,UK,45-54,v2.4
U03251,2024-02-11,C002,Android,UK,25-34,v2.3
U03252,2024-01-16,C001,iOS,USA,45-54,v2.3
U03253,2024-01-27,C005,iOS,France,35-44,v2.2
U03254,2024-06-19,C005,iOS,USA,45-54,v2.3
U03255,2024-06-07,C004,iOS,France,35-44,v2.2
U03256,2024-03-29,C002,Android,UK,55+,v2.3
U03257,2024-04-04,C006,iOS,UK,35-44,v2.4
U03258,2024-06-22,C002,Android,France,35-44,v2.3
U03259,2024-01-05,C006,Android,USA,18-24,v2.2
U03260,2024-05-24,C001,iOS,USA,45-54,v2.4
U03261,2024-04-20,C002,iOS,Germany,45-54,v2.4
U03262,2024-06-16,C001,iOS,USA,35-44,v2.1
U03263,2024-01-29,C004,iOS,USA,35-44,v2.1
U03264,2024-03-10,C006,iOS,Singapore,18-24,v2.3
U03265,2024-01-12,C002,iOS,USA,25-34,v2.4
U03266,2024-04-12,C005,iOS,USA,18-24,v2.2
U03267,2024-02-02,C001,Android,Canada,25-34,v2.3
U03268,2024-03-21,C006,Android,UK,45-54,v2.2
U03269,2024-01-03,C002,iOS,Canada,35-44,v2.3
U03270,2024-01-08,C002,iOS,India,25-34,v2.2
U03271,2024-03-24,C002,iOS,USA,18-24,v2.4
U03272,2024-02-29,C003,iOS,USA,18-24,v2.2
U03273,2024-03-26,C004,iOS,UK,45-54,v2.4
U03274,2024-01-15,C001,iOS,UK,18-24,v2.1
U03275,2024-01-18,C006,Android,UK,35-44,v2.2
U03276,2024-04-28,C003,iOS,USA,35-44,v2.4
U03277,2024-06-07,C002,iOS,Australia,25-34,v2.2
U03278,2024-05-29,C004,iOS,France,18-24,v2.4
U03279,2024-01-26,C002,Android,USA,25-34,v2.1
U03280,2024-01-18,C001,Android,USA,35-44,v2.3
U03281,2024-06-02,C001,iOS,USA,25-34,v2.4
U03282,2024-06-12,C001,Android,USA,45-54,v2.4
U03283,2024-03-16,C001,Android,USA,25-34,v2.3
U03284,2024-05-26,C002,iOS,France,35-44,v2.1
U03285,2024-02-29,C003,iOS,UK,18-24,v2.2
U03286,2024-01-22,C006,iOS,UK,45-54,v2.3
U03287,2024-06-02,C006,iOS,UK,25-34,v2.3
U03288,2024-02-14,C005,iOS,USA,18-24,v2.3
U03289,2024-02-20,C001,Android,USA,25-34,v2.1
U03290,2024-02-16,C001,Android,USA,45-54,v2.2
U03291,2024-03-24,C004,iOS,Germany,25-34,v2.2
U03292,2024-05-24,C005,iOS,Australia,18-24,v2.2
U03293,2024-04-07,C003,Android,USA,25-34,v2.2
U03294,2024-04-11,C003,iOS,USA,18-24,v2.3
U03295,2024-05-30,C004,iOS,USA,45-54,v2.2
U03296,2024-03-28,C001,Android,Canada,18-24,v2.1
U03297,2024-01-13,C003,iOS,USA,35-44,v2.3
U03298,2024-02-29,C005,Android,USA,18-24,v2.1
U03299,2024-06-01,C002,iOS,India,18-24,v2.2
U03300,2024-03-11,C004,iOS,USA,35-44,v2.4
U03301,2024-06-20,C004,iOS,USA,18-24,v2.4
U03302,2024-04-04,C005,Android,USA,35-44,v2.3
U03303,2024-05-13,C001,iOS,UK,35-44,v2.2
U03304,2024-01-19,C002,Android,Germany,35-44,v2.4
U03305,2024-06-10,C005,Android,USA,25-34,v2.3
U03306,2024-04-25,C006,iOS,India,35-44,v2.3
U03307,2024-03-08,C006,Android,Germany,45-54,v2.2
U03308,2024-05-07,C004,iOS,Singapore,55+,v2.2
U03309,2024-02-16,C004,Android,UK,25-34,v2.4
U03310,2024-05-17,C001,iOS,UK,55+,v2.3
U03311,2024-05-17,C001,Android,USA,18-24,v2.4
U03312,2024-06-07,C004,Android,France,35-44,v2.4
U03313,2024-01-27,C002,iOS,USA,18-24,v2.4
U03314,2024-04-18,C003,iOS,Germany,18-24,v2.4
U03315,2024-03-21,C004,iOS,UK,35-44,v2.4
U03316,2024-01-04,C004,Android,UK,35-44,v2.1
U03317,2024-02-01,C001,iOS,Canada,18-24,v2.4
U03318,2024-05-16,C001,iOS,USA,18-24,v2.4
U03319,2024-03-30,C001,Android,UK,18-24,v2.3
U03320,2024-05-16,C005,Android,Australia,18-24,v2.3
U03321,2024-02-04,C002,Android,UK,18-24,v2.3
U03322,2024-06-27,C005,iOS,UK,35-44,v2.2
U03323,2024-04-22,C001,Android,USA,35-44,v2.3
U03324,2024-02-23,C002,Android,UK,18-24,v2.3
U03325,2024-03-23,C006,Android,France,25-34,v2.3
U03326,2024-03-15,C002,iOS,Australia,45-54,v2.4
U03327,2024-03-02,C003,iOS,USA,35-44,v2.2
U03328,2024-04-07,C002,iOS,Australia,18-24,v2.2
U03329,2024-05-10,C006,iOS,UK,18-24,v2.2
U03330,2024-06-01,C002,Android,USA,18-24,v2.4
U03331,2024-03-16,C001,iOS,Germany,25-34,v2.4
U03332,2024-06-23,C002,iOS,UK,55+,v2.3
U03333,2024-03-23,C004,iOS,USA,45-54,v2.4
U03334,2024-04-14,C005,iOS,USA,18-24,v2.2
U03335,2024-05-23,C003,iOS,Singapore,18-24,v2.2
U03336,2024-04-17,C001,iOS,France,45-54,v2.2
U03337,2024-03-07,C004,iOS,USA,35-44,v2.3
U03338,2024-02-24,C006,iOS,Canada,18-24,v2.3
U03339,2024-03-07,C004,Android,Australia,35-44,v2.4
U03340,2024-01-01,C003,iOS,USA,45-54,v2.4
U03341,2024-05-10,C002,iOS,USA,55+,v2.2
U03342,2024-06-29,C001,Android,USA,35-44,v2.3
U03343,2024-05-05,C001,iOS,UK,35-44,v2.3
U03344,2024-05-21,C006,Android,Germany,35-44,v2.4
U03345,2024-03-10,C005,Android,UK,25-34,v2.2
U03346,2024-05-08,C004,Android,USA,18-24,v2.3
U03347,2024-06-15,C004,Android,UK,18-24,v2.3
U03348,2024-05-01,C002,Android,UK,35-44,v2.3
U03349,2024-06-08,C006,Android,USA,25-34,v2.3
U03350,2024-04-17,C006,iOS,UK,18-24,v2.2
U03351,2024-02-12,C006,Android,UK,45-54,v2.4
U03352,2024-02-29,C006,Android,Australia,25-34,v2.3
U03353,2024-01-02,C002,iOS,UK,35-44,v2.3
U03354,2024-05-31,C005,iOS,Canada,18-24,v2.3
U03355,2024-03-02,C005,Android,UK,25-34,v2.3
U03356,2024-01-26,C006,Android,UK,25-34,v2.4
U03357,2024-01-08,C003,Android,USA,35-44,v2.4
U03358,2024-05-27,C002,iOS,USA,55+,v2.4
U03359,2024-02-06,C001,iOS,France,35-44,v2.4
U03360,2024-02-14,C002,iOS,France,18-24,v2.2
U03361,2024-04-07,C003,iOS,USA,18-24,v2.1
U03362,2024-05-19,C002,Android,UK,55+,v2.2
U03363,2024-01-09,C001,iOS,Germany,25-34,v2.4
U03364,2024-02-04,C001,iOS,USA,25-34,v2.1
U03365,2024-03-27,C002,Android,UK,18-24,v2.2
U03366,2024-03-26,C006,iOS,UK,45-54,v2.2
U03367,2024-04-28,C001,Android,UK,25-34,v2.2
U03368,2024-01-28,C001,Android,Canada,35-44,v2.3
U03369,2024-01-20,C004,iOS,UK,18-24,v2.4
U03370,2024-03-21,C006,Android,USA,25-34,v2.2
U03371,2024-05-06,C001,iOS,Germany,55+,v2.3
U03372,2024-01-02,C002,iOS,USA,55+,v2.2
U03373,2024-02-27,C004,iOS,Germany,45-54,v2.2
U03374,2024-02-06,C001,iOS,UK,18-24,v2.4
U03375,2024-03-10,C004,iOS,Germany,55+,v2.4
U03376,2024-05-29,C002,Android,USA,45-54,v2.4
U03377,2024-04-06,C004,iOS,UK,35-44,v2.3
U03378,2024-01-25,C001,iOS,USA,35-44,v2.3
U03379,2024-03-17,C004,iOS,Singapore,18-24,v2.4
U03380,2024-06-26,C002,iOS,UK,18-24,v2.2
U03381,2024-05-27,C004,iOS,India,35-44,v2.4
U03382,2024-02-13,C005,iOS,USA,35-44,v2.2
U03383,2024-06-04,C005,Android,USA,25-34,v2.4
U03384,2024-05-11,C004,iOS,USA,55+,v2.4
U03385,2024-05-08,C003,iOS,USA,25-34,v2.2
U03386,2024-06-17,C003,iOS,Canada,35-44,v2.3
U03387,2024-06-07,C005,iOS,USA,18-24,v2.3
U03388,2024-05-15,C006,Android,India,18-24,v2.3
U03389,2024-06-09,C001,iOS,USA,18-24,v2.3
U03390,2024-05-10,C002,iOS,Singapore,25-34,v2.2
U03391,2024-05-26,C006,iOS,USA,18-24,v2.4
U03392,2024-01-03,C001,Android,UK,35-44,v2.4
U03393,2024-02-07,C005,iOS,USA,45-54,v2.4
U03394,2024-01-01,C001,iOS,USA,18-24,v2.2
U03395,2024-04-13,C002,Android,Canada,18-24,v2.3
U03396,2024-05-25,C006,iOS,UK,45-54,v2.1
U03397,2024-01-24,C002,Android,Canada,45-54,v2.2
U03398,2024-05-06,C001,iOS,France,35-44,v2.4
U03399,2024-05-27,C004,Android,Canada,25-34,v2.3
U03400,2024-03-27,C002,Android,Singapore,55+,v2.4
U03401,2024-05-20,C002,Android,USA,18-24,v2.1
U03402,2024-06-01,C005,Android,USA,35-44,v2.2
U03403,2024-01-31,C006,Android,UK,25-34,v2.4
U03404,2024-05-13,C006,iOS,Australia,25-34,v2.3
U03405,2024-03-07,C002,iOS,Canada,45-54,v2.2
U03406,2024-01-05,C001,iOS,France,18-24,v2.3
U03407,2024-03-23,C004,iOS,USA,25-34,v2.3
U03408,2024-05-27,C004,iOS,Canada,35-44,v2.4
U03409,2024-04-20,C002,Android,UK,25-34,v2.2
U03410,2024-06-13,C004,Android,Australia,25-34,v2.1
U03411,2024-05-09,C001,iOS,UK,25-34,v2.4
U03412,2024-03-14,C006,iOS,India,18-24,v2.3
U03413,2024-05-08,C006,iOS,Australia,45-54,v2.3
U03414,2024-04-01,C004,iOS,USA,55+,v2.2
U03415,2024-04-26,C001,iOS,UK,18-24,v2.4
U03416,2024-02-05,C003,iOS,USA,35-44,v2.4
U03417,2024-06-09,C001,Android,USA,25-34,v2.2
U03418,2024-04-11,C001,iOS,USA,18-24,v2.1
U03419,2024-04-19,C002,iOS,UK,18-24,v2.2
U03420,2024-01-23,C001,Android,Germany,18-24,v2.4
U03421,2024-02-02,C003,Android,Canada,18-24,v2.1
U03422,2024-01-08,C004,iOS,USA,25-34,v2.3
U03423,2024-04-19,C002,iOS,Singapore,35-44,v2.4
U03424,2024-03-07,C002,Android,Singapore,25-34,v2.2
U03425,2024-02-06,C006,iOS,UK,35-44,v2.3
U03426,2024-01-07,C001,iOS,UK,25-34,v2.4
U03427,2024-06-09,C006,Android,USA,45-54,v2.2
U03428,2024-03-30,C003,iOS,USA,25-34,v2.2
U03429,2024-03-22,C004,Android,UK,25-34,v2.4
U03430,2024-04-10,C002,iOS,USA,25-34,v2.4
U03431,2024-03-30,C006,Android,Singapore,45-54,v2.2
U03432,2024-01-20,C006,Android,USA,55+,v2.4
U03433,2024-04-23,C003,Android,Germany,25-34,v2.3
U03434,2024-01-21,C004,iOS,Canada,25-34,v2.1
U03435,2024-01-28,C005,iOS,Canada,55+,v2.4
U03436,2024-02-02,C001,Android,France,25-34,v2.3
U03437,2024-04-17,C006,Android,USA,55+,v2.2
U03438,2024-03-27,C005,iOS,USA,35-44,v2.3
U03439,2024-04-01,C002,Android,UK,25-34,v2.4
U03440,2024-03-13,C004,iOS,UK,35-44,v2.3
U03441,2024-02-20,C003,iOS,UK,18-24,v2.4
U03442,2024-04-19,C001,iOS,Australia,35-44,v2.3
U03443,2024-05-08,C005,Android,USA,25-34,v2.4
U03444,2024-05-17,C001,iOS,USA,35-44,v2.3
U03445,2024-01-26,C005,Android,UK,18-24,v2.4
U03446,2024-03-20,C001,Android,UK,35-44,v2.2
U03447,2024-01-08,C001,iOS,USA,35-44,v2.3
U03448,2024-01-02,C005,iOS,UK,35-44,v2.3
U03449,2024-05-09,C002,Android,UK,18-24,v2.4
U03450,2024-01-27,C004,iOS,Canada,35-44,v2.4
U03451,2024-01-21,C001,iOS,India,18-24,v2.4
U03452,2024-05-01,C005,iOS,Germany,25-34,v2.1
U03453,2024-04-29,C004,iOS,UK,35-44,v2.4
U03454,2024-04-09,C006,iOS,Singapore,25-34,v2.4
U03455,2024-01-14,C004,iOS,Canada,25-34,v2.4
U03456,2024-04-29,C005,iOS,USA,18-24,v2.2
U03457,2024-02-22,C006,iOS,USA,18-24,v2.2
U03458,2024-04-30,C006,iOS,Australia,45-54,v2.3
U03459,2024-01-01,C003,Android,Canada,18-24,v2.2
U03460,2024-01-29,C006,iOS,UK,35-44,v2.2
U03461,2024-06-06,C002,Android,UK,18-24,v2.3
U03462,2024-05-30,C004,iOS,USA,35-44,v2.3
U03463,2024-05-04,C002,iOS,USA,25-34,v2.4
U03464,2024-01-02,C001,iOS,UK,35-44,v2.3
U03465,2024-03-31,C002,Android,UK,18-24,v2.2
U03466,2024-03-16,C001,Android,UK,25-34,v2.2
U03467,2024-02-01,C002,iOS,Singapore,35-44,v2.4
U03468,2024-05-21,C002,iOS,USA,25-34,v2.3
U03469,2024-04-23,C004,iOS,USA,35-44,v2.2
U03470,2024-04-03,C004,Android,India,18-24,v2.1
U03471,2024-01-30,C005,Android,France,25-34,v2.1
U03472,2024-01-03,C001,iOS,Singapore,55+,v2.3
U03473,2024-03-07,C006,iOS,France,35-44,v2.4
U03474,2024-06-07,C003,iOS,UK,25-34,v2.2
U03475,2024-01-17,C001,iOS,India,35-44,v2.3
U03476,2024-01-20,C005,iOS,UK,18-24,v2.3
U03477,2024-01-19,C002,Android,Germany,35-44,v2.4
U03478,2024-06-27,C002,Android,UK,35-44,v2.4
U03479,2024-03-25,C001,iOS,UK,25-34,v2.4
U03480,2024-03-11,C006,iOS,Germany,18-24,v2.3
U03481,2024-05-29,C005,Android,UK,25-34,v2.3
U03482,2024-03-23,C004,Android,UK,25-34,v2.1
U03483,2024-04-24,C006,iOS,UK,18-24,v2.3
U03484,2024-05-24,C003,iOS,USA,18-24,v2.4
U03485,2024-06-12,C001,Android,Canada,18-24,v2.4
U03486,2024-01-05,C001,Android,USA,35-44,v2.4
U03487,2024-03-12,C002,iOS,UK,25-34,v2.3
U03488,2024-01-07,C002,iOS,USA,18-24,v2.3
U03489,2024-03-08,C004,iOS,Singapore,35-44,v2.3
U03490,2024-01-16,C001,iOS,USA,18-24,v2.1
U03491,2024-02-17,C006,iOS,UK,25-34,v2.4
U03492,2024-06-29,C002,iOS,UK,25-34,v2.3
U03493,2024-04-10,C004,iOS,UK,25-34,v2.3
U03494,2024-03-17,C006,iOS,USA,18-24,v2.3
U03495,2024-04-06,C004,iOS,India,45-54,v2.4
U03496,2024-03-27,C001,iOS,India,25-34,v2.4
U03497,2024-04-01,C004,iOS,USA,35-44,v2.4
U03498,2024-06-04,C001,Android,Australia,45-54,v2.3
U03499,2024-05-13,C006,Android,UK,18-24,v2.3
U03500,2024-04-04,C005,iOS,USA,18-24,v2.3
U03501,2024-06-03,C005,iOS,Canada,35-44,v2.4
U03502,2024-03-24,C004,iOS,Singapore,35-44,v2.3
U03503,2024-06-23,C004,iOS,USA,35-44,v2.3
U03504,2024-04-28,C003,iOS,USA,25-34,v2.1
U03505,2024-06-29,C005,iOS,Germany,25-34,v2.4
U03506,2024-05-02,C001,iOS,France,25-34,v2.2
U03507,2024-01-16,C004,iOS,Canada,25-34,v2.2
U03508,2024-01-20,C005,Android,Australia,25-34,v2.3
U03509,2024-05-05,C001,iOS,Germany,18-24,v2.4
U03510,2024-04-05,C001,iOS,Canada,35-44,v2.2
U03511,2024-04-05,C001,iOS,USA,35-44,v2.2
U03512,2024-02-15,C001,Android,Germany,55+,v2.4
U03513,2024-05-20,C001,Android,India,18-24,v2.3
U03514,2024-05-06,C005,iOS,USA,45-54,v2.3
U03515,2024-01-05,C006,Android,UK,55+,v2.3
U03516,2024-01-11,C006,Android,India,25-34,v2.2
U03517,2024-02-17,C002,iOS,USA,25-34,v2.3
U03518,2024-01-29,C005,iOS,Canada,35-44,v2.3
U03519,2024-03-02,C006,iOS,UK,25-34,v2.4
U03520,2024-03-24,C002,iOS,USA,35-44,v2.4
U03521,2024-05-20,C002,Android,UK,35-44,v2.2
U03522,2024-06-28,C001,Android,UK,45-54,v2.2
U03523,2024-05-26,C001,iOS,USA,18-24,v2.4
U03524,2024-05-24,C005,iOS,France,35-44,v2.3
U03525,2024-06-14,C002,iOS,France,25-34,v2.3
U03526,2024-02-22,C003,iOS,Germany,35-44,v2.1
U03527,2024-01-01,C003,iOS,USA,18-24,v2.4
U03528,2024-04-03,C004,Android,UK,18-24,v2.1
U03529,2024-01-27,C003,Android,UK,18-24,v2.2
U03530,2024-01-20,C006,Android,India,45-54,v2.2
U03531,2024-01-09,C002,iOS,India,35-44,v2.2
U03532,2024-02-10,C002,iOS,UK,18-24,v2.2
U03533,2024-04-01,C001,iOS,USA,35-44,v2.3
U03534,2024-01-16,C001,Android,UK,25-34,v2.3
U03535,2024-06-23,C006,iOS,USA,25-34,v2.3
U03536,2024-05-23,C002,Android,Canada,35-44,v2.2
U03537,2024-02-11,C002,iOS,India,35-44,v2.2
U03538,2024-05-17,C001,iOS,Germany,55+,v2.2
U03539,2024-02-02,C005,Android,Germany,18-24,v2.4
U03540,2024-01-15,C002,iOS,Canada,25-34,v2.4
U03541,2024-06-02,C004,Android,UK,18-24,v2.3
U03542,2024-02-20,C001,iOS,Canada,25-34,v2.1
U03543,2024-01-04,C002,Android,France,35-44,v2.3
U03544,2024-04-24,C002,Android,UK,18-24,v2.3
U03545,2024-01-20,C004,iOS,USA,35-44,v2.2
U03546,2024-04-18,C005,iOS,USA,35-44,v2.3
U03547,2024-04-12,C002,iOS,India,35-44,v2.4
U03548,2024-04-18,C001,Android,UK,18-24,v2.3
U03549,2024-06-17,C004,iOS,USA,45-54,v2.2
U03550,2024-02-18,C001,iOS,USA,18-24,v2.3
U03551,2024-01-03,C002,iOS,Australia,18-24,v2.3
U03552,2024-01-27,C002,Android,UK,45-54,v2.3
U03553,2024-05-31,C002,iOS,USA,55+,v2.3
U03554,2024-03-05,C005,iOS,UK,25-34,v2.4
U03555,2024-03-06,C004,Android,Australia,25-34,v2.2
U03556,2024-02-16,C004,Android,USA,25-34,v2.3
U03557,2024-04-20,C003,iOS,Canada,55+,v2.4
U03558,2024-02-13,C003,Android,USA,18-24,v2.4
U03559,2024-01-15,C001,iOS,USA,25-34,v2.3
U03560,2024-01-15,C006,iOS,USA,35-44,v2.4
U03561,2024-05-15,C001,Android,UK,35-44,v2.4
U03562,2024-06-30,C005,iOS,Germany,18-24,v2.3
U03563,2024-04-11,C003,Android,Germany,25-34,v2.4
U03564,2024-06-12,C006,Android,UK,35-44,v2.2
U03565,2024-02-10,C001,Android,UK,18-24,v2.2
U03566,2024-06-18,C006,iOS,Germany,55+,v2.3
U03567,2024-05-21,C002,Android,USA,18-24,v2.1
U03568,2024-02-13,C005,iOS,USA,25-34,v2.3
U03569,2024-06-01,C001,iOS,Australia,25-34,v2.2
U03570,2024-06-26,C002,iOS,USA,25-34,v2.4
U03571,2024-03-28,C005,iOS,Canada,25-34,v2.2
U03572,2024-05-02,C005,Android,UK,18-24,v2.1
U03573,2024-01-22,C003,iOS,Germany,25-34,v2.2
U03574,2024-02-11,C002,iOS,UK,35-44,v2.3
U03575,2024-01-02,C004,iOS,UK,25-34,v2.3
U03576,2024-06-17,C001,iOS,USA,55+,v2.4
U03577,2024-01-15,C003,iOS,UK,25-34,v2.4
U03578,2024-03-31,C001,iOS,UK,18-24,v2.2
U03579,2024-01-24,C002,iOS,UK,18-24,v2.2
U03580,2024-02-20,C005,iOS,Canada,45-54,v2.2
U03581,2024-01-24,C006,iOS,India,35-44,v2.3
U03582,2024-03-11,C006,iOS,India,18-24,v2.2
U03583,2024-04-30,C004,iOS,USA,55+,v2.4
U03584,2024-01-09,C002,Android,Germany,35-44,v2.2
U03585,2024-01-12,C005,Android,Germany,25-34,v2.4
U03586,2024-01-26,C003,iOS,Singapore,45-54,v2.3
U03587,2024-06-06,C003,iOS,Australia,18-24,v2.2
U03588,2024-05-23,C001,iOS,Germany,18-24,v2.3
U03589,2024-02-26,C002,iOS,USA,18-24,v2.4
U03590,2024-05-26,C002,iOS,Singapore,18-24,v2.4
U03591,2024-05-17,C002,iOS,France,18-24,v2.3
U03592,2024-01-11,C002,iOS,UK,25-34,v2.4
U03593,2024-01-17,C004,Android,UK,25-34,v2.3
U03594,2024-03-27,C004,iOS,Germany,25-34,v2.1
U03595,2024-03-12,C001,Android,Canada,45-54,v2.1
U03596,2024-02-26,C003,iOS,Australia,18-24,v2.3
U03597,2024-06-14,C004,Android,USA,25-34,v2.4
U03598,2024-05-13,C002,iOS,UK,35-44,v2.1
U03599,2024-04-25,C005,Android,USA,25-34,v2.4
U03600,2024-04-29,C001,Android,Germany,25-34,v2.4
U03601,2024-01-18,C002,iOS,Australia,25-34,v2.4
U03602,2024-06-04,C003,Android,UK,25-34,v2.4
U03603,2024-05-27,C005,iOS,USA,25-34,v2.4
U03604,2024-06-15,C005,iOS,UK,55+,v2.3
U03605,2024-04-19,C001,Android,UK,18-24,v2.2
U03606,2024-04-18,C004,iOS,UK,25-34,v2.3
U03607,2024-02-24,C001,iOS,Australia,45-54,v2.2
U03608,2024-02-04,C001,iOS,USA,45-54,v2.4
U03609,2024-06-13,C002,iOS,UK,25-34,v2.3
U03610,2024-05-09,C002,iOS,Germany,35-44,v2.4
U03611,2024-01-12,C002,Android,Canada,18-24,v2.4
U03612,2024-02-13,C004,Android,France,25-34,v2.3
U03613,2024-04-12,C001,Android,Germany,35-44,v2.4
U03614,2024-06-20,C004,iOS,UK,18-24,v2.3
U03615,2024-03-08,C004,iOS,Germany,35-44,v2.3
U03616,2024-04-12,C004,iOS,USA,18-24,v2.4
U03617,2024-01-18,C002,iOS,India,35-44,v2.4
U03618,2024-05-01,C001,Android,Canada,35-44,v2.3
U03619,2024-06-06,C001,Android,France,55+,v2.3
U03620,2024-05-23,C001,Android,Singapore,35-44,v2.4
U03621,2024-02-29,C002,iOS,India,18-24,v2.3
U03622,2024-03-19,C004,iOS,Canada,18-24,v2.2
U03623,2024-06-27,C004,Android,Australia,55+,v2.1
U03624,2024-03-01,C006,iOS,Singapore,35-44,v2.1
U03625,2024-03-13,C002,iOS,Singapore,25-34,v2.4
U03626,2024-06-02,C001,Android,France,25-34,v2.1
U03627,2024-03-07,C006,iOS,Singapore,25-34,v2.3
U03628,2024-05-11,C004,iOS,Germany,45-54,v2.4
U03629,2024-06-26,C004,Android,USA,25-34,v2.3
U03630,2024-05-08,C005,iOS,Canada,55+,v2.2
U03631,2024-02-26,C004,iOS,Canada,35-44,v2.4
U03632,2024-01-14,C001,Android,USA,35-44,v2.4
U03633,2024-06-17,C001,Android,USA,25-34,v2.2
U03634,2024-04-24,C005,iOS,UK,35-44,v2.2
U03635,2024-06-10,C002,iOS,UK,18-24,v2.3
U03636,2024-01-09,C003,Android,Singapore,18-24,v2.2
U03637,2024-02-08,C003,Android,USA,18-24,v2.4
U03638,2024-03-16,C005,Android,USA,55+,v2.4
U03639,2024-01-05,C002,iOS,Australia,55+,v2.4
U03640,2024-02-17,C004,iOS,USA,18-24,v2.3
U03641,2024-04-18,C006,Android,Australia,45-54,v2.3
U03642,2024-01-29,C001,iOS,USA,18-24,v2.1
U03643,2024-02-04,C005,iOS,UK,18-24,v2.4
U03644,2024-02-14,C006,iOS,Australia,45-54,v2.2
U03645,2024-02-25,C002,Android,Canada,18-24,v2.2
U03646,2024-05-13,C004,Android,India,18-24,v2.1
U03647,2024-03-16,C005,Android,UK,18-24,v2.4
U03648,2024-02-25,C002,iOS,UK,55+,v2.4
U03649,2024-04-27,C002,iOS,Canada,25-34,v2.3
U03650,2024-06-29,C001,Android,Canada,25-34,v2.2
U03651,2024-03-16,C001,iOS,France,45-54,v2.3
U03652,2024-03-31,C002,Android,USA,25-34,v2.1
U03653,2024-05-16,C005,Android,Germany,25-34,v2.1
U03654,2024-03-03,C006,Android,USA,45-54,v2.3
U03655,2024-02-07,C001,Android,Canada,55+,v2.2
U03656,2024-04-04,C002,Android,USA,55+,v2.4
U03657,2024-02-29,C002,iOS,Germany,35-44,v2.3
U03658,2024-05-15,C002,Android,UK,35-44,v2.3
U03659,2024-05-04,C006,Android,Australia,18-24,v2.4
U03660,2024-03-06,C001,iOS,UK,55+,v2.3
U03661,2024-02-02,C001,iOS,UK,25-34,v2.4
U03662,2024-05-29,C002,iOS,USA,35-44,v2.3
U03663,2024-06-02,C004,iOS,India,35-44,v2.4
U03664,2024-05-20,C001,iOS,Canada,25-34,v2.4
U03665,2024-05-22,C003,Android,USA,18-24,v2.4
U03666,2024-04-21,C001,iOS,USA,18-24,v2.3
U03667,2024-03-05,C006,Android,UK,18-24,v2.3
U03668,2024-02-18,C006,Android,UK,18-24,v2.1
U03669,2024-01-02,C006,iOS,UK,55+,v2.4
U03670,2024-04-12,C001,Android,Germany,18-24,v2.4
U03671,2024-06-15,C004,Android,France,35-44,v2.3
U03672,2024-02-25,C002,iOS,USA,35-44,v2.3
U03673,2024-06-11,C005,iOS,UK,35-44,v2.3
U03674,2024-03-24,C005,iOS,UK,35-44,v2.4
U03675,2024-02-04,C002,iOS,Canada,35-44,v2.2
U03676,2024-05-12,C001,iOS,UK,35-44,v2.3
U03677,2024-04-19,C002,Android,UK,55+,v2.3
U03678,2024-06-07,C002,Android,Canada,55+,v2.4
U03679,2024-01-09,C004,Android,USA,18-24,v2.1
U03680,2024-05-01,C004,iOS,India,25-34,v2.3
U03681,2024-01-26,C006,iOS,USA,25-34,v2.4
U03682,2024-06-15,C006,Android,Germany,45-54,v2.1
U03683,2024-03-04,C005,iOS,USA,35-44,v2.3
U03684,2024-01-19,C004,iOS,Canada,45-54,v2.1
U03685,2024-01-14,C003,iOS,Canada,18-24,v2.4
U03686,2024-03-30,C001,iOS,Germany,35-44,v2.2
U03687,2024-01-12,C001,iOS,Canada,45-54,v2.3
U03688,2024-01-19,C004,iOS,UK,25-34,v2.2
U03689,2024-02-17,C005,Android,USA,45-54,v2.2
U03690,2024-06-04,C001,iOS,USA,25-34,v2.4
U03691,2024-04-16,C005,Android,USA,18-24,v2.4
U03692,2024-01-02,C004,iOS,USA,35-44,v2.3
U03693,2024-04-30,C004,Android,Australia,45-54,v2.4
U03694,2024-01-23,C003,iOS,Australia,45-54,v2.3
U03695,2024-01-21,C002,iOS,Singapore,18-24,v2.4
U03696,2024-05-22,C005,iOS,USA,25-34,v2.1
U03697,2024-01-25,C002,Android,USA,35-44,v2.3
U03698,2024-06-20,C002,Android,UK,25-34,v2.3
U03699,2024-05-01,C001,iOS,Canada,45-54,v2.4
U03700,2024-03-20,C002,iOS,USA,55+,v2.4
U03701,2024-03-04,C004,Android,USA,18-24,v2.4
U03702,2024-01-07,C004,Android,USA,18-24,v2.4
U03703,2024-01-11,C001,iOS,France,25-34,v2.4
U03704,2024-03-12,C004,Android,UK,25-34,v2.3
U03705,2024-02-08,C002,iOS,Australia,18-24,v2.4
U03706,2024-03-13,C004,Android,UK,18-24,v2.2
U03707,2024-04-16,C001,iOS,UK,55+,v2.2
U03708,2024-01-06,C003,iOS,UK,35-44,v2.3
U03709,2024-01-11,C003,Android,Canada,55+,v2.1
U03710,2024-02-13,C001,Android,UK,35-44,v2.1
U03711,2024-06-26,C004,Android,France,18-24,v2.2
U03712,2024-02-07,C005,iOS,UK,25-34,v2.3
U03713,2024-05-23,C001,iOS,USA,18-24,v2.2
U03714,2024-06-01,C004,iOS,Singapore,45-54,v2.4
U03715,2024-02-10,C001,iOS,Canada,25-34,v2.1
U03716,2024-05-02,C006,iOS,USA,25-34,v2.4
U03717,2024-01-15,C005,Android,Australia,18-24,v2.3
U03718,2024-02-20,C001,Android,USA,35-44,v2.4
U03719,2024-05-26,C002,iOS,USA,45-54,v2.3
U03720,2024-04-09,C006,iOS,USA,18-24,v2.4
U03721,2024-05-27,C002,iOS,UK,18-24,v2.4
U03722,2024-01-19,C004,iOS,UK,25-34,v2.3
U03723,2024-04-24,C001,Android,USA,18-24,v2.4
U03724,2024-01-14,C002,iOS,USA,25-34,v2.1
U03725,2024-01-12,C001,iOS,Canada,35-44,v2.3
U03726,2024-01-03,C004,Android,UK,18-24,v2.1
U03727,2024-01-31,C006,iOS,Germany,35-44,v2.2
U03728,2024-02-04,C001,iOS,UK,18-24,v2.4
U03729,2024-04-04,C003,Android,USA,45-54,v2.3
U03730,2024-02-17,C006,iOS,Canada,25-34,v2.1
U03731,2024-04-28,C002,Android,USA,25-34,v2.3
U03732,2024-03-10,C006,Android,UK,25-34,v2.4
U03733,2024-06-03,C002,iOS,USA,25-34,v2.2
U03734,2024-01-05,C004,iOS,USA,25-34,v2.3
U03735,2024-05-15,C001,Android,France,35-44,v2.3
U03736,2024-04-13,C001,iOS,Germany,25-34,v2.2
U03737,2024-06-06,C003,iOS,USA,18-24,v2.4
U03738,2024-04-14,C001,iOS,UK,25-34,v2.1
U03739,2024-01-03,C002,Android,UK,25-34,v2.4
U03740,2024-01-05,C001,iOS,Singapore,25-34,v2.3
U03741,2024-01-19,C002,iOS,UK,25-34,v2.4
U03742,2024-06-11,C006,iOS,Germany,25-34,v2.1
U03743,2024-05-14,C002,iOS,UK,25-34,v2.1
U03744,2024-03-03,C004,iOS,Canada,18-24,v2.3
U03745,2024-03-08,C004,iOS,UK,45-54,v2.4
U03746,2024-04-29,C003,iOS,USA,35-44,v2.4
U03747,2024-06-13,C006,Android,USA,25-34,v2.4
U03748,2024-03-17,C005,iOS,UK,25-34,v2.4
U03749,2024-05-21,C001,Android,Australia,25-34,v2.3
U03750,2024-05-23,C002,iOS,UK,35-44,v2.1
U03751,2024-02-17,C006,Android,Australia,45-54,v2.4
U03752,2024-01-23,C003,iOS,UK,35-44,v2.3
U03753,2024-02-11,C001,iOS,USA,18-24,v2.4
U03754,2024-02-06,C004,Android,USA,35-44,v2.2
U03755,2024-05-24,C006,iOS,USA,18-24,v2.3
U03756,2024-02-04,C002,Android,France,55+,v2.4
U03757,2024-04-27,C002,Android,Australia,25-34,v2.3
U03758,2024-03-01,C004,Android,UK,25-34,v2.3
U03759,2024-02-06,C001,iOS,UK,35-44,v2.2
U03760,2024-01-01,C001,Android,UK,45-54,v2.3
U03761,2024-03-16,C001,Android,USA,18-24,v2.3
U03762,2024-02-08,C006,iOS,Australia,25-34,v2.3
U03763,2024-01-22,C002,iOS,USA,45-54,v2.1
U03764,2024-04-23,C002,iOS,Canada,18-24,v2.3
U03765,2024-02-26,C001,iOS,France,35-44,v2.4
U03766,2024-02-24,C004,iOS,Germany,55+,v2.4
U03767,2024-02-08,C006,iOS,USA,18-24,v2.4
U03768,2024-04-16,C006,iOS,Singapore,55+,v2.3
U03769,2024-03-17,C004,iOS,Germany,18-24,v2.3
U03770,2024-01-14,C001,Android,USA,25-34,v2.3
U03771,2024-03-18,C001,iOS,Australia,18-24,v2.3
U03772,2024-06-30,C002,iOS,India,25-34,v2.4
U03773,2024-04-21,C003,Android,USA,25-34,v2.3
U03774,2024-04-05,C003,iOS,India,45-54,v2.1
U03775,2024-01-11,C001,iOS,Germany,35-44,v2.3
U03776,2024-04-13,C006,Android,India,35-44,v2.2
U03777,2024-04-24,C002,Android,Canada,18-24,v2.3
U03778,2024-02-25,C006,Android,Canada,25-34,v2.3
U03779,2024-05-18,C004,Android,Canada,18-24,v2.3
U03780,2024-06-29,C003,iOS,Germany,45-54,v2.4
U03781,2024-01-04,C005,Android,Germany,18-24,v2.4
U03782,2024-04-21,C002,iOS,Germany,55+,v2.2
U03783,2024-04-07,C001,iOS,Australia,35-44,v2.4
U03784,2024-05-16,C005,iOS,France,18-24,v2.3
U03785,2024-05-23,C006,iOS,UK,35-44,v2.2
U03786,2024-04-25,C002,Android,India,18-24,v2.4
U03787,2024-05-31,C006,Android,USA,25-34,v2.2
U03788,2024-06-12,C001,iOS,USA,25-34,v2.3
U03789,2024-05-11,C005,iOS,India,18-24,v2.3
U03790,2024-06-13,C003,iOS,USA,25-34,v2.4
U03791,2024-01-18,C002,iOS,Australia,55+,v2.2
U03792,2024-03-06,C003,iOS,USA,35-44,v2.3
U03793,2024-05-17,C006,Android,USA,35-44,v2.3
U03794,2024-04-19,C004,Android,Canada,45-54,v2.2
U03795,2024-06-22,C003,Android,France,45-54,v2.3
U03796,2024-02-21,C002,iOS,France,18-24,v2.4
U03797,2024-04-16,C001,iOS,UK,25-34,v2.3
U03798,2024-03-22,C004,Android,USA,25-34,v2.3
U03799,2024-05-13,C006,iOS,Germany,25-34,v2.3
U03800,2024-01-26,C006,iOS,USA,25-34,v2.1
U03801,2024-04-08,C003,iOS,Germany,25-34,v2.3
U03802,2024-02-03,C002,iOS,UK,25-34,v2.2
U03803,2024-01-28,C001,Android,France,25-34,v2.4
U03804,2024-05-30,C004,Android,UK,45-54,v2.4
U03805,2024-02-21,C003,Android,Singapore,18-24,v2.4
U03806,2024-03-22,C005,Android,Germany,25-34,v2.4
U03807,2024-04-14,C001,Android,USA,55+,v2.2
U03808,2024-02-24,C003,iOS,UK,45-54,v2.3
U03809,2024-01-13,C003,Android,UK,55+,v2.4
U03810,2024-03-12,C004,iOS,Australia,18-24,v2.4
U03811,2024-06-12,C001,Android,Canada,45-54,v2.4
U03812,2024-05-27,C006,iOS,USA,55+,v2.3
U03813,2024-01-29,C001,iOS,USA,18-24,v2.3
U03814,2024-01-11,C002,iOS,Germany,35-44,v2.3
U03815,2024-05-10,C006,iOS,USA,35-44,v2.4
U03816,2024-05-26,C002,iOS,USA,45-54,v2.4
U03817,2024-01-12,C001,Android,UK,35-44,v2.2
U03818,2024-02-07,C004,Android,UK,18-24,v2.1
U03819,2024-05-15,C004,Android,USA,25-34,v2.4
U03820,2024-01-05,C002,Android,UK,18-24,v2.3
U03821,2024-04-22,C004,iOS,USA,25-34,v2.3
U03822,2024-01-30,C004,iOS,India,35-44,v2.4
U03823,2024-06-24,C003,iOS,UK,25-34,v2.4
U03824,2024-06-04,C002,Android,France,35-44,v2.4
U03825,2024-03-11,C001,iOS,UK,35-44,v2.2
U03826,2024-04-19,C001,Android,Australia,25-34,v2.3
U03827,2024-03-12,C001,iOS,USA,55+,v2.2
U03828,2024-04-23,C001,iOS,USA,45-54,v2.2
U03829,2024-06-13,C006,iOS,UK,45-54,v2.4
U03830,2024-01-24,C002,iOS,USA,18-24,v2.3
U03831,2024-04-02,C005,iOS,USA,25-34,v2.4
U03832,2024-04-17,C006,iOS,USA,18-24,v2.4
U03833,2024-01-31,C002,iOS,Canada,55+,v2.4
U03834,2024-02-28,C003,Android,UK,35-44,v2.4
U03835,2024-04-19,C002,iOS,Germany,25-34,v2.3
U03836,2024-01-15,C004,iOS,Germany,55+,v2.3
U03837,2024-06-29,C002,Android,USA,25-34,v2.3
U03838,2024-05-31,C003,Android,France,25-34,v2.3
U03839,2024-01-11,C005,Android,USA,18-24,v2.3
U03840,2024-03-23,C003,iOS,Canada,25-34,v2.4
U03841,2024-06-09,C002,iOS,USA,25-34,v2.3
U03842,2024-04-23,C002,iOS,France,55+,v2.4
U03843,2024-04-12,C001,iOS,USA,18-24,v2.2
U03844,2024-06-10,C005,Android,Canada,25-34,v2.1
U03845,2024-05-19,C001,Android,Canada,25-34,v2.3
U03846,2024-06-16,C005,iOS,Germany,45-54,v2.1
U03847,2024-05-05,C001,iOS,Australia,45-54,v2.3
U03848,2024-01-31,C001,Android,UK,35-44,v2.3
U03849,2024-02-06,C002,Android,UK,25-34,v2.4
U03850,2024-06-18,C006,iOS,USA,45-54,v2.4
U03851,2024-03-03,C004,iOS,USA,25-34,v2.3
U03852,2024-05-12,C005,Android,Singapore,18-24,v2.3
U03853,2024-04-24,C001,iOS,UK,18-24,v2.2
U03854,2024-06-17,C006,iOS,USA,25-34,v2.1
U03855,2024-03-22,C002,Android,USA,35-44,v2.3
U03856,2024-06-07,C004,Android,UK,25-34,v2.4
U03857,2024-03-08,C001,iOS,USA,18-24,v2.4
U03858,2024-03-20,C001,Android,Singapore,35-44,v2.4
U03859,2024-02-09,C006,Android,Germany,45-54,v2.2
U03860,2024-05-17,C006,iOS,Canada,25-34,v2.4
U03861,2024-05-16,C004,Android,Canada,25-34,v2.4
U03862,2024-06-07,C002,iOS,India,18-24,v2.4
U03863,2024-06-09,C002,iOS,USA,25-34,v2.3
U03864,2024-03-16,C001,Android,UK,35-44,v2.4
U03865,2024-04-19,C006,Android,UK,18-24,v2.2
U03866,2024-03-22,C003,Android,USA,18-24,v2.2
U03867,2024-05-29,C006,iOS,Australia,18-24,v2.4
U03868,2024-06-20,C001,iOS,UK,25-34,v2.3
U03869,2024-02-23,C004,iOS,France,25-34,v2.3
U03870,2024-06-29,C004,Android,Singapore,18-24,v2.2
U03871,2024-01-24,C002,Android,USA,25-34,v2.3
U03872,2024-03-06,C003,Android,Germany,18-24,v2.3
U03873,2024-02-23,C002,Android,France,35-44,v2.3
U03874,2024-02-01,C002,Android,USA,25-34,v2.1
U03875,2024-06-09,C003,Android,India,35-44,v2.3
U03876,2024-04-23,C001,iOS,UK,18-24,v2.3
U03877,2024-01-25,C002,iOS,Canada,55+,v2.4
U03878,2024-01-26,C001,Android,France,35-44,v2.3
U03879,2024-01-15,C004,iOS,Canada,35-44,v2.4
U03880,2024-03-14,C001,Android,Canada,35-44,v2.2
U03881,2024-04-13,C002,Android,UK,18-24,v2.4
U03882,2024-02-08,C002,Android,USA,55+,v2.1
U03883,2024-06-14,C003,Android,UK,25-34,v2.2
U03884,2024-04-06,C002,iOS,Germany,55+,v2.3
U03885,2024-01-20,C001,Android,Germany,45-54,v2.2
U03886,2024-01-09,C001,Android,UK,35-44,v2.4
U03887,2024-03-09,C004,iOS,UK,55+,v2.4
U03888,2024-04-18,C003,Android,USA,35-44,v2.1
U03889,2024-05-01,C005,Android,USA,35-44,v2.2
U03890,2024-04-13,C001,iOS,Canada,18-24,v2.4
U03891,2024-03-30,C001,iOS,USA,25-34,v2.4
U03892,2024-02-05,C005,iOS,UK,25-34,v2.2
U03893,2024-02-02,C002,iOS,Canada,35-44,v2.4
U03894,2024-06-13,C002,Android,USA,35-44,v2.2
U03895,2024-02-16,C003,iOS,France,25-34,v2.1
U03896,2024-06-04,C001,iOS,France,45-54,v2.4
U03897,2024-03-23,C001,iOS,Germany,25-34,v2.4
U03898,2024-02-23,C005,Android,USA,25-34,v2.4
U03899,2024-05-20,C002,iOS,USA,25-34,v2.3
U03900,2024-03-17,C002,iOS,UK,25-34,v2.3
U03901,2024-04-06,C004,Android,USA,25-34,v2.3
U03902,2024-02-20,C001,iOS,USA,35-44,v2.3
U03903,2024-05-12,C002,Android,UK,18-24,v2.4
U03904,2024-03-15,C001,iOS,UK,25-34,v2.3
U03905,2024-01-25,C003,iOS,USA,25-34,v2.1
U03906,2024-01-26,C004,iOS,Singapore,18-24,v2.2
U03907,2024-01-22,C002,Android,USA,25-34,v2.3
U03908,2024-02-13,C004,Android,UK,45-54,v2.1
U03909,2024-04-26,C001,Android,USA,25-34,v2.3
U03910,2024-02-02,C002,iOS,UK,35-44,v2.4
U03911,2024-01-01,C001,iOS,Canada,18-24,v2.4
U03912,2024-01-19,C002,iOS,Australia,18-24,v2.3
U03913,2024-01-14,C001,iOS,Singapore,25-34,v2.3
U03914,2024-06-14,C004,iOS,Australia,35-44,v2.4
U03915,2024-02-05,C001,Android,UK,35-44,v2.1
U03916,2024-04-14,C003,iOS,UK,25-34,v2.3
U03917,2024-02-06,C001,Android,USA,45-54,v2.2
U03918,2024-05-12,C001,iOS,UK,18-24,v2.4
U03919,2024-02-29,C005,Android,UK,18-24,v2.3
U03920,2024-02-05,C004,iOS,Australia,35-44,v2.1
U03921,2024-01-20,C001,iOS,USA,18-24,v2.3
U03922,2024-02-19,C001,iOS,UK,25-34,v2.4
U03923,2024-02-24,C001,Android,USA,45-54,v2.3
U03924,2024-03-13,C002,iOS,UK,25-34,v2.4
U03925,2024-03-17,C004,iOS,UK,25-34,v2.3
U03926,2024-04-19,C001,iOS,UK,45-54,v2.4
U03927,2024-03-04,C002,iOS,Australia,35-44,v2.4
U03928,2024-03-03,C002,iOS,Canada,25-34,v2.3
U03929,2024-02-29,C002,Android,UK,35-44,v2.4
U03930,2024-04-13,C002,iOS,France,25-34,v2.4
U03931,2024-04-09,C006,iOS,UK,35-44,v2.1
U03932,2024-04-16,C002,iOS,USA,55+,v2.2
U03933,2024-04-13,C005,Android,UK,45-54,v2.4
U03934,2024-03-10,C006,iOS,Australia,35-44,v2.3
U03935,2024-05-23,C003,Android,India,18-24,v2.3
U03936,2024-05-27,C003,iOS,UK,25-34,v2.4
U03937,2024-06-30,C004,iOS,India,18-24,v2.2
U03938,2024-05-01,C001,Android,France,35-44,v2.3
U03939,2024-02-20,C004,iOS,UK,25-34,v2.4
U03940,2024-03-14,C002,iOS,Germany,18-24,v2.3
U03941,2024-04-15,C005,iOS,USA,25-34,v2.3
U03942,2024-06-12,C001,Android,India,25-34,v2.4
U03943,2024-04-16,C001,Android,Australia,25-34,v2.2
U03944,2024-05-11,C004,Android,UK,18-24,v2.3
U03945,2024-02-23,C003,iOS,USA,18-24,v2.4
U03946,2024-01-02,C006,iOS,Canada,45-54,v2.4
U03947,2024-01-05,C003,iOS,Germany,35-44,v2.2
U03948,2024-02-01,C006,iOS,UK,35-44,v2.4
U03949,2024-04-23,C002,iOS,USA,18-24,v2.3
U03950,2024-06-11,C001,Android,USA,35-44,v2.2
U03951,2024-02-18,C004,iOS,Germany,35-44,v2.4
U03952,2024-06-10,C006,iOS,USA,35-44,v2.3
U03953,2024-06-19,C001,Android,UK,25-34,v2.4
U03954,2024-03-15,C003,iOS,USA,55+,v2.1
U03955,2024-06-23,C006,iOS,USA,35-44,v2.1
U03956,2024-04-09,C001,iOS,Germany,18-24,v2.3
U03957,2024-03-04,C003,iOS,Canada,35-44,v2.1
U03958,2024-02-27,C001,Android,UK,45-54,v2.3
U03959,2024-05-03,C004,iOS,Australia,25-34,v2.2
U03960,2024-01-12,C005,iOS,Australia,18-24,v2.1
U03961,2024-01-19,C005,iOS,UK,18-24,v2.2
U03962,2024-05-19,C001,iOS,Singapore,35-44,v2.4
U03963,2024-06-18,C004,Android,UK,25-34,v2.4
U03964,2024-02-11,C006,iOS,USA,45-54,v2.3
U03965,2024-04-16,C006,iOS,USA,18-24,v2.4
U03966,2024-06-07,C004,iOS,UK,55+,v2.4
U03967,2024-03-07,C003,Android,USA,25-34,v2.4
U03968,2024-01-16,C001,iOS,USA,35-44,v2.3
U03969,2024-06-20,C001,Android,India,18-24,v2.4
U03970,2024-04-07,C001,iOS,USA,45-54,v2.4
U03971,2024-05-06,C001,Android,Germany,18-24,v2.4
U03972,2024-01-05,C006,iOS,USA,45-54,v2.2
U03973,2024-05-13,C003,Android,USA,18-24,v2.4
U03974,2024-04-27,C005,iOS,UK,25-34,v2.4
U03975,2024-06-04,C001,iOS,France,25-34,v2.3
U03976,2024-04-19,C001,iOS,Canada,55+,v2.1
U03977,2024-06-12,C003,Android,UK,55+,v2.2
U03978,2024-05-27,C006,iOS,Canada,18-24,v2.2
U03979,2024-01-13,C001,iOS,India,18-24,v2.1
U03980,2024-06-01,C004,Android,UK,18-24,v2.3
U03981,2024-03-29,C002,Android,UK,35-44,v2.4
U03982,2024-01-20,C001,Android,USA,35-44,v2.1
U03983,2024-06-30,C002,iOS,Australia,25-34,v2.3
U03984,2024-04-01,C002,Android,USA,55+,v2.3
U03985,2024-01-15,C001,iOS,Singapore,35-44,v2.3
U03986,2024-04-25,C002,Android,USA,25-34,v2.4
U03987,2024-03-16,C006,Android,UK,35-44,v2.1
U03988,2024-02-09,C002,iOS,Australia,25-34,v2.1
U03989,2024-04-07,C006,iOS,Australia,18-24,v2.4
U03990,2024-06-16,C006,iOS,UK,55+,v2.3
U03991,2024-06-14,C006,iOS,UK,18-24,v2.4
U03992,2024-04-23,C005,iOS,UK,55+,v2.4
U03993,2024-04-15,C002,Android,Australia,55+,v2.4
U03994,2024-01-26,C003,iOS,UK,25-34,v2.2
U03995,2024-01-29,C001,Android,Australia,18-24,v2.2
U03996,2024-02-07,C001,iOS,USA,25-34,v2.3
U03997,2024-02-09,C003,iOS,Canada,35-44,v2.1
U03998,2024-03-10,C001,Android,Canada,25-34,v2.4
U03999,2024-02-28,C002,Android,Australia,55+,v2.3
U04000,2024-01-08,C005,Android,USA,25-34,v2.4
U04001,2024-04-23,C006,iOS,Canada,35-44,v2.4
U04002,2024-01-02,C005,iOS,UK,35-44,v2.4
U04003,2024-05-05,C003,iOS,Germany,25-34,v2.1
U04004,2024-05-18,C001,iOS,India,18-24,v2.2
U04005,2024-03-25,C001,iOS,USA,35-44,v2.4
U04006,2024-05-10,C004,iOS,Australia,25-34,v2.3
U04007,2024-04-26,C002,Android,UK,18-24,v2.1
U04008,2024-05-10,C004,Android,UK,25-34,v2.4
U04009,2024-05-07,C006,iOS,Australia,18-24,v2.4
U04010,2024-04-28,C003,Android,Australia,18-24,v2.4
U04011,2024-06-07,C004,Android,USA,45-54,v2.2
U04012,2024-04-13,C004,iOS,France,25-34,v2.4
U04013,2024-05-06,C005,Android,USA,35-44,v2.3
U04014,2024-03-12,C001,Android,UK,25-34,v2.4
U04015,2024-05-25,C004,Android,USA,18-24,v2.3
U04016,2024-05-19,C002,iOS,Australia,25-34,v2.3
U04017,2024-03-02,C001,Android,USA,45-54,v2.1
U04018,2024-03-22,C001,iOS,India,25-34,v2.3
U04019,2024-03-17,C003,iOS,UK,18-24,v2.1
U04020,2024-03-12,C001,Android,Canada,18-24,v2.3
U04021,2024-04-11,C002,iOS,Germany,25-34,v2.4
U04022,2024-03-23,C005,Android,USA,35-44,v2.2
U04023,2024-02-06,C006,iOS,USA,18-24,v2.1
U04024,2024-01-21,C002,iOS,UK,25-34,v2.2
U04025,2024-04-11,C004,iOS,USA,25-34,v2.4
U04026,2024-05-29,C006,iOS,France,25-34,v2.3
U04027,2024-02-11,C002,iOS,UK,55+,v2.2
U04028,2024-06-17,C001,Android,Australia,25-34,v2.2
U04029,2024-02-26,C005,iOS,USA,45-54,v2.3
U04030,2024-02-27,C001,iOS,France,35-44,v2.3
U04031,2024-06-25,C004,iOS,UK,25-34,v2.4
U04032,2024-06-02,C001,iOS,USA,25-34,v2.3
U04033,2024-02-15,C006,iOS,UK,18-24,v2.3
U04034,2024-06-03,C001,Android,France,25-34,v2.4
U04035,2024-03-31,C004,Android,UK,18-24,v2.2
U04036,2024-01-12,C002,Android,France,18-24,v2.2
U04037,2024-04-17,C001,Android,UK,18-24,v2.2
U04038,2024-04-05,C004,iOS,USA,35-44,v2.1
U04039,2024-06-14,C001,Android,Canada,25-34,v2.3
U04040,2024-02-17,C005,iOS,Australia,25-34,v2.3
U04041,2024-05-11,C004,iOS,Canada,18-24,v2.3
U04042,2024-06-08,C005,iOS,UK,45-54,v2.3
U04043,2024-02-25,C001,iOS,Singapore,35-44,v2.3
U04044,2024-05-16,C004,iOS,USA,25-34,v2.2
U04045,2024-03-03,C002,Android,UK,25-34,v2.4
U04046,2024-02-20,C004,Android,UK,18-24,v2.3
U04047,2024-05-07,C002,iOS,USA,18-24,v2.2
U04048,2024-04-30,C004,Android,UK,18-24,v2.3
U04049,2024-05-21,C001,Android,USA,25-34,v2.3
U04050,2024-01-19,C005,Android,UK,18-24,v2.4
U04051,2024-04-10,C003,iOS,India,18-24,v2.3
U04052,2024-05-02,C004,iOS,UK,18-24,v2.4
U04053,2024-02-01,C003,Android,UK,18-24,v2.4
U04054,2024-05-12,C004,Android,USA,18-24,v2.3
U04055,2024-01-22,C002,iOS,USA,18-24,v2.1
U04056,2024-03-03,C002,iOS,India,25-34,v2.3
U04057,2024-06-27,C001,iOS,Australia,18-24,v2.2
U04058,2024-03-29,C004,Android,France,25-34,v2.2
U04059,2024-05-02,C004,iOS,USA,25-34,v2.3
U04060,2024-06-23,C003,iOS,UK,55+,v2.4
U04061,2024-05-14,C001,iOS,Germany,35-44,v2.1
U04062,2024-04-09,C005,iOS,USA,25-34,v2.3
U04063,2024-02-26,C006,iOS,Germany,25-34,v2.4
U04064,2024-03-21,C006,iOS,Germany,18-24,v2.4
U04065,2024-04-03,C004,iOS,Germany,35-44,v2.4
U04066,2024-03-07,C003,iOS,Canada,18-24,v2.2
U04067,2024-05-27,C002,iOS,UK,25-34,v2.3
U04068,2024-03-21,C001,iOS,UK,25-34,v2.3
U04069,2024-05-16,C006,Android,UK,35-44,v2.4
U04070,2024-02-02,C004,Android,Australia,18-24,v2.4
U04071,2024-03-22,C004,Android,Canada,18-24,v2.4
U04072,2024-03-09,C005,iOS,Canada,25-34,v2.4
U04073,2024-06-17,C002,iOS,UK,18-24,v2.4
U04074,2024-04-28,C003,Android,India,35-44,v2.4
U04075,2024-01-02,C002,iOS,USA,25-34,v2.4
U04076,2024-02-05,C002,Android,USA,35-44,v2.3
U04077,2024-02-22,C001,Android,UK,25-34,v2.3
U04078,2024-02-06,C005,iOS,Canada,45-54,v2.4
U04079,2024-05-25,C004,iOS,UK,55+,v2.3
U04080,2024-04-23,C001,iOS,Canada,35-44,v2.4
U04081,2024-05-13,C002,iOS,UK,18-24,v2.4
U04082,2024-02-08,C001,Android,UK,45-54,v2.4
U04083,2024-03-15,C003,iOS,USA,25-34,v2.4
U04084,2024-05-19,C001,Android,UK,45-54,v2.4
U04085,2024-04-07,C001,Android,UK,55+,v2.3
U04086,2024-04-13,C003,Android,UK,18-24,v2.1
U04087,2024-03-26,C004,iOS,India,45-54,v2.4
U04088,2024-06-02,C001,iOS,USA,25-34,v2.3
U04089,2024-01-14,C001,iOS,USA,25-34,v2.4
U04090,2024-05-24,C006,iOS,France,55+,v2.4
U04091,2024-01-20,C001,iOS,USA,25-34,v2.4
U04092,2024-05-15,C004,Android,Canada,25-34,v2.1
U04093,2024-05-14,C004,iOS,Germany,35-44,v2.2
U04094,2024-06-12,C001,iOS,USA,18-24,v2.3
U04095,2024-05-10,C002,Android,France,18-24,v2.3
U04096,2024-01-27,C002,Android,USA,25-34,v2.3
U04097,2024-01-13,C001,Android,UK,55+,v2.3
U04098,2024-03-22,C002,iOS,USA,45-54,v2.3
U04099,2024-01-10,C001,Android,UK,45-54,v2.4
U04100,2024-06-17,C001,Android,USA,25-34,v2.4
U04101,2024-05-03,C004,iOS,UK,25-34,v2.3
U04102,2024-05-12,C006,iOS,Canada,25-34,v2.4
U04103,2024-04-22,C002,Android,USA,35-44,v2.2
U04104,2024-01-17,C003,iOS,USA,18-24,v2.4
U04105,2024-05-17,C001,iOS,USA,25-34,v2.3
U04106,2024-04-18,C002,Android,USA,18-24,v2.4
U04107,2024-03-04,C003,Android,Germany,18-24,v2.2
U04108,2024-04-12,C004,iOS,India,35-44,v2.3
U04109,2024-01-12,C001,iOS,France,55+,v2.3
U04110,2024-05-04,C004,iOS,France,35-44,v2.1
U04111,2024-05-11,C002,iOS,France,18-24,v2.4
U04112,2024-04-20,C004,Android,UK,25-34,v2.3
U04113,2024-06-30,C001,iOS,France,25-34,v2.2
U04114,2024-01-28,C006,iOS,USA,45-54,v2.4
U04115,2024-01-02,C003,iOS,USA,45-54,v2.4
U04116,2024-06-12,C002,Android,Canada,35-44,v2.2
U04117,2024-05-03,C005,iOS,India,55+,v2.2
U04118,2024-05-08,C002,iOS,Australia,25-34,v2.3
U04119,2024-04-09,C001,Android,UK,25-34,v2.1
U04120,2024-01-19,C001,iOS,France,18-24,v2.2
U04121,2024-03-15,C003,Android,Singapore,25-34,v2.4
U04122,2024-06-26,C004,Android,UK,35-44,v2.4
U04123,2024-04-19,C006,Android,Canada,25-34,v2.3
U04124,2024-06-30,C004,iOS,USA,35-44,v2.3
U04125,2024-01-11,C004,Android,USA,45-54,v2.2
U04126,2024-03-09,C001,Android,USA,18-24,v2.4
U04127,2024-03-13,C006,Android,USA,35-44,v2.2
U04128,2024-04-27,C004,Android,UK,45-54,v2.3
U04129,2024-03-07,C001,Android,UK,18-24,v2.4
U04130,2024-05-02,C004,iOS,Germany,25-34,v2.4
U04131,2024-05-30,C001,Android,USA,35-44,v2.1
U04132,2024-01-18,C002,Android,UK,18-24,v2.3
U04133,2024-02-04,C002,iOS,Australia,35-44,v2.4
U04134,2024-03-27,C004,Android,India,18-24,v2.3
U04135,2024-05-09,C003,iOS,USA,18-24,v2.2
U04136,2024-03-13,C003,iOS,UK,25-34,v2.2
U04137,2024-06-30,C003,iOS,Canada,45-54,v2.4
U04138,2024-03-02,C005,iOS,UK,55+,v2.4
U04139,2024-06-26,C001,Android,USA,18-24,v2.3
U04140,2024-03-20,C002,iOS,France,35-44,v2.2
U04141,2024-05-07,C004,iOS,UK,18-24,v2.4
U04142,2024-06-21,C004,iOS,USA,18-24,v2.3
U04143,2024-04-06,C005,iOS,Canada,25-34,v2.3
U04144,2024-02-23,C005,iOS,UK,55+,v2.2
U04145,2024-01-15,C006,Android,UK,18-24,v2.4
U04146,2024-06-16,C006,iOS,Australia,45-54,v2.2
U04147,2024-01-04,C001,iOS,Australia,35-44,v2.3
U04148,2024-06-01,C003,iOS,USA,18-24,v2.1
U04149,2024-03-20,C005,iOS,UK,25-34,v2.4
U04150,2024-02-29,C002,Android,UK,25-34,v2.4
U04151,2024-02-16,C004,iOS,Germany,18-24,v2.2
U04152,2024-02-26,C004,iOS,UK,35-44,v2.3
U04153,2024-05-16,C006,iOS,Germany,18-24,v2.4
U04154,2024-06-21,C004,iOS,USA,55+,v2.4
U04155,2024-03-18,C005,Android,Singapore,35-44,v2.4
U04156,2024-03-29,C006,iOS,Singapore,45-54,v2.1
U04157,2024-03-30,C004,Android,Australia,35-44,v2.1
U04158,2024-06-05,C002,Android,Canada,35-44,v2.2
U04159,2024-02-05,C001,Android,UK,25-34,v2.4
U04160,2024-06-04,C001,Android,Germany,25-34,v2.1
U04161,2024-01-27,C002,iOS,USA,45-54,v2.3
U04162,2024-05-02,C002,Android,Australia,25-34,v2.4
U04163,2024-04-14,C006,iOS,USA,35-44,v2.3
U04164,2024-01-23,C004,iOS,Germany,35-44,v2.3
U04165,2024-04-12,C001,iOS,USA,25-34,v2.3
U04166,2024-06-25,C003,iOS,Australia,25-34,v2.3
U04167,2024-04-11,C006,iOS,UK,45-54,v2.3
U04168,2024-05-17,C006,iOS,USA,35-44,v2.4
U04169,2024-05-24,C003,iOS,USA,25-34,v2.3
U04170,2024-04-21,C002,Android,USA,25-34,v2.3
U04171,2024-02-18,C006,iOS,Germany,18-24,v2.1
U04172,2024-01-19,C006,Android,USA,35-44,v2.2
U04173,2024-04-09,C002,iOS,UK,18-24,v2.4
U04174,2024-05-31,C006,Android,France,25-34,v2.1
U04175,2024-05-16,C002,Android,France,25-34,v2.3
U04176,2024-01-15,C006,iOS,UK,35-44,v2.2
U04177,2024-03-10,C004,Android,USA,25-34,v2.4
U04178,2024-05-05,C002,iOS,UK,18-24,v2.1
U04179,2024-02-06,C003,iOS,UK,45-54,v2.3
U04180,2024-01-04,C001,iOS,France,18-24,v2.2
U04181,2024-05-26,C004,iOS,Australia,35-44,v2.2
U04182,2024-02-16,C001,Android,USA,18-24,v2.2
U04183,2024-05-23,C001,iOS,UK,35-44,v2.3
U04184,2024-02-20,C001,iOS,USA,18-24,v2.3
U04185,2024-06-30,C002,iOS,Germany,25-34,v2.2
U04186,2024-06-11,C002,iOS,Germany,25-34,v2.4
U04187,2024-01-24,C005,Android,USA,55+,v2.4
U04188,2024-04-04,C006,Android,India,25-34,v2.4
U04189,2024-05-18,C006,Android,USA,25-34,v2.4
U04190,2024-02-26,C002,Android,USA,35-44,v2.4
U04191,2024-05-17,C004,iOS,India,25-34,v2.4
U04192,2024-03-09,C003,Android,Canada,45-54,v2.4
U04193,2024-03-31,C004,Android,Canada,45-54,v2.4
U04194,2024-02-25,C002,iOS,USA,25-34,v2.2
U04195,2024-06-18,C005,iOS,USA,18-24,v2.3
U04196,2024-06-04,C002,iOS,India,25-34,v2.4
U04197,2024-05-23,C001,Android,USA,18-24,v2.4
U04198,2024-04-20,C006,Android,France,18-24,v2.1
U04199,2024-03-19,C002,iOS,Singapore,18-24,v2.2
U04200,2024-03-09,C002,iOS,France,18-24,v2.2
U04201,2024-02-14,C006,Android,Germany,25-34,v2.4
U04202,2024-04-24,C001,Android,India,45-54,v2.3
U04203,2024-03-10,C004,Android,Australia,55+,v2.1
U04204,2024-05-23,C006,iOS,UK,25-34,v2.3
U04205,2024-03-31,C001,iOS,Australia,18-24,v2.4
U04206,2024-01-06,C004,Android,UK,18-24,v2.2
U04207,2024-01-17,C001,iOS,USA,35-44,v2.4
U04208,2024-02-29,C005,Android,Canada,45-54,v2.3
U04209,2024-01-21,C005,Android,UK,18-24,v2.4
U04210,2024-05-27,C001,Android,UK,25-34,v2.4
U04211,2024-03-08,C001,iOS,Australia,45-54,v2.4
U04212,2024-03-29,C001,iOS,USA,18-24,v2.2
U04213,2024-06-22,C002,iOS,Singapore,25-34,v2.4
U04214,2024-01-11,C005,Android,Canada,35-44,v2.3
U04215,2024-01-21,C003,Android,USA,45-54,v2.3
U04216,2024-06-24,C001,iOS,UK,35-44,v2.2
U04217,2024-02-17,C003,iOS,USA,18-24,v2.2
U04218,2024-01-25,C006,iOS,UK,25-34,v2.3
U04219,2024-04-18,C004,Android,Germany,35-44,v2.2
U04220,2024-01-26,C001,iOS,USA,25-34,v2.3
U04221,2024-06-16,C002,iOS,Canada,55+,v2.3
U04222,2024-02-29,C001,Android,UK,45-54,v2.2
U04223,2024-06-07,C004,Android,USA,25-34,v2.1
U04224,2024-03-26,C001,iOS,Canada,35-44,v2.2
U04225,2024-02-02,C006,Android,USA,18-24,v2.4
U04226,2024-02-14,C006,iOS,Germany,45-54,v2.3
U04227,2024-05-22,C003,iOS,USA,45-54,v2.1
U04228,2024-03-15,C004,iOS,USA,45-54,v2.3
U04229,2024-04-03,C001,Android,Canada,35-44,v2.2
U04230,2024-03-04,C002,iOS,Germany,25-34,v2.3
U04231,2024-06-04,C004,iOS,USA,35-44,v2.4
U04232,2024-06-09,C002,Android,USA,35-44,v2.3
U04233,2024-03-04,C002,Android,UK,45-54,v2.4
U04234,2024-06-24,C004,iOS,Singapore,25-34,v2.2
U04235,2024-06-13,C001,iOS,UK,35-44,v2.4
U04236,2024-04-29,C004,iOS,Germany,25-34,v2.1
U04237,2024-04-25,C001,iOS,UK,25-34,v2.4
U04238,2024-01-22,C004,Android,USA,45-54,v2.2
U04239,2024-01-26,C004,iOS,Canada,18-24,v2.3
U04240,2024-02-25,C004,iOS,USA,35-44,v2.3
U04241,2024-05-24,C003,iOS,UK,35-44,v2.3
U04242,2024-06-01,C004,Android,UK,45-54,v2.1
U04243,2024-03-11,C002,iOS,Singapore,18-24,v2.4
U04244,2024-04-06,C004,iOS,Canada,25-34,v2.1
U04245,2024-02-24,C004,iOS,USA,18-24,v2.3
U04246,2024-05-08,C002,Android,UK,35-44,v2.1
U04247,2024-01-03,C004,Android,UK,25-34,v2.4
U04248,2024-06-22,C002,Android,USA,35-44,v2.2
U04249,2024-04-18,C003,iOS,UK,18-24,v2.3
U04250,2024-02-03,C002,iOS,France,25-34,v2.2
U04251,2024-03-12,C002,iOS,USA,18-24,v2.1
U04252,2024-05-17,C004,iOS,Germany,18-24,v2.4
U04253,2024-02-20,C004,iOS,Germany,25-34,v2.2
U04254,2024-06-12,C002,iOS,UK,25-34,v2.4
U04255,2024-06-23,C001,Android,USA,18-24,v2.3
U04256,2024-01-04,C002,iOS,Australia,35-44,v2.3
U04257,2024-02-17,C001,iOS,UK,25-34,v2.4
U04258,2024-01-13,C006,Android,USA,25-34,v2.2
U04259,2024-04-03,C006,iOS,Australia,25-34,v2.3
U04260,2024-01-27,C001,iOS,USA,18-24,v2.2
U04261,2024-05-29,C004,Android,Germany,25-34,v2.2
U04262,2024-04-03,C002,iOS,Canada,25-34,v2.3
U04263,2024-01-30,C004,iOS,USA,18-24,v2.3
U04264,2024-06-24,C005,Android,Australia,25-34,v2.4
U04265,2024-04-18,C001,iOS,UK,35-44,v2.4
U04266,2024-04-07,C006,iOS,UK,18-24,v2.3
U04267,2024-02-23,C002,iOS,France,25-34,v2.4
U04268,2024-01-12,C001,iOS,Australia,55+,v2.4
U04269,2024-03-14,C004,Android,USA,35-44,v2.4
U04270,2024-02-15,C003,iOS,UK,25-34,v2.4
U04271,2024-01-19,C005,iOS,UK,25-34,v2.3
U04272,2024-01-27,C002,iOS,UK,35-44,v2.4
U04273,2024-04-17,C001,Android,USA,18-24,v2.2
U04274,2024-03-21,C002,Android,USA,25-34,v2.3
U04275,2024-01-06,C001,iOS,Germany,18-24,v2.1
U04276,2024-05-18,C001,Android,India,18-24,v2.4
U04277,2024-06-25,C005,Android,Canada,18-24,v2.4
U04278,2024-06-29,C006,Android,Australia,18-24,v2.4
U04279,2024-04-08,C002,iOS,UK,45-54,v2.1
U04280,2024-06-24,C001,iOS,USA,18-24,v2.3
U04281,2024-03-12,C003,iOS,UK,25-34,v2.3
U04282,2024-05-29,C005,Android,Australia,45-54,v2.3
U04283,2024-06-22,C002,Android,Germany,35-44,v2.4
U04284,2024-05-27,C003,iOS,Canada,35-44,v2.1
U04285,2024-02-11,C006,iOS,USA,18-24,v2.3
U04286,2024-04-14,C005,Android,USA,35-44,v2.3
U04287,2024-05-16,C004,Android,India,18-24,v2.1
U04288,2024-02-24,C004,Android,Singapore,35-44,v2.3
U04289,2024-03-03,C001,iOS,France,18-24,v2.3
U04290,2024-04-03,C005,iOS,UK,45-54,v2.3
U04291,2024-04-17,C004,Android,UK,45-54,v2.3
U04292,2024-01-23,C003,Android,USA,35-44,v2.3
U04293,2024-05-28,C006,iOS,USA,55+,v2.4
U04294,2024-01-30,C004,Android,UK,18-24,v2.4
U04295,2024-03-30,C001,Android,UK,25-34,v2.4
U04296,2024-06-25,C001,Android,Germany,18-24,v2.3
U04297,2024-05-14,C002,iOS,Germany,18-24,v2.4
U04298,2024-01-15,C001,Android,Canada,35-44,v2.3
U04299,2024-03-26,C003,iOS,USA,55+,v2.4
U04300,2024-06-23,C004,Android,Germany,18-24,v2.3
U04301,2024-03-12,C006,iOS,Canada,18-24,v2.3
U04302,2024-03-28,C001,Android,UK,35-44,v2.4
U04303,2024-03-23,C003,Android,Canada,45-54,v2.4
U04304,2024-03-06,C005,Android,India,45-54,v2.2
U04305,2024-06-29,C006,Android,USA,18-24,v2.4
U04306,2024-04-11,C001,Android,USA,18-24,v2.2
U04307,2024-05-22,C002,iOS,USA,18-24,v2.1
U04308,2024-03-03,C001,Android,USA,25-34,v2.4
U04309,2024-03-27,C005,Android,Australia,25-34,v2.4
U04310,2024-04-02,C006,iOS,USA,35-44,v2.4
U04311,2024-01-09,C003,Android,Canada,18-24,v2.2
U04312,2024-05-03,C004,Android,USA,55+,v2.4
U04313,2024-04-17,C002,iOS,France,18-24,v2.3
U04314,2024-02-19,C006,iOS,USA,18-24,v2.3
U04315,2024-02-27,C004,Android,Australia,18-24,v2.2
U04316,2024-02-13,C004,Android,India,18-24,v2.3
U04317,2024-02-28,C005,iOS,Australia,18-24,v2.4
U04318,2024-04-21,C002,Android,UK,25-34,v2.3
U04319,2024-03-20,C002,iOS,Germany,25-34,v2.4
U04320,2024-02-09,C004,Android,UK,25-34,v2.4
U04321,2024-04-04,C001,Android,USA,25-34,v2.4
U04322,2024-01-24,C001,Android,USA,18-24,v2.3
U04323,2024-03-11,C001,Android,USA,25-34,v2.3
U04324,2024-06-07,C003,Android,India,25-34,v2.3
U04325,2024-06-11,C001,Android,Singapore,35-44,v2.3
U04326,2024-05-10,C006,iOS,France,35-44,v2.4
U04327,2024-01-19,C001,iOS,USA,35-44,v2.2
U04328,2024-05-27,C004,iOS,Canada,18-24,v2.3
U04329,2024-04-07,C002,Android,Singapore,35-44,v2.4
U04330,2024-05-25,C002,iOS,USA,25-34,v2.1
U04331,2024-01-17,C004,iOS,Germany,35-44,v2.1
U04332,2024-06-08,C005,Android,USA,25-34,v2.3
U04333,2024-02-08,C002,iOS,Australia,25-34,v2.2
U04334,2024-04-14,C001,Android,Australia,25-34,v2.2
U04335,2024-03-01,C002,iOS,UK,55+,v2.3
U04336,2024-04-21,C006,iOS,UK,25-34,v2.4
U04337,2024-03-14,C001,iOS,Canada,25-34,v2.3
U04338,2024-02-04,C003,iOS,USA,18-24,v2.4
U04339,2024-01-06,C003,iOS,Singapore,45-54,v2.3
U04340,2024-05-13,C005,Android,Canada,45-54,v2.4
U04341,2024-06-10,C005,iOS,USA,45-54,v2.4
U04342,2024-04-18,C002,iOS,Canada,45-54,v2.3
U04343,2024-03-25,C001,iOS,Germany,25-34,v2.1
U04344,2024-05-31,C005,iOS,UK,25-34,v2.3
U04345,2024-03-11,C006,Android,Canada,25-34,v2.3
U04346,2024-04-21,C002,Android,Canada,25-34,v2.1
U04347,2024-06-28,C001,Android,France,18-24,v2.4
U04348,2024-04-20,C003,iOS,USA,25-34,v2.1
U04349,2024-01-07,C006,iOS,USA,45-54,v2.4
U04350,2024-04-24,C001,iOS,France,25-34,v2.4
U04351,2024-01-01,C004,iOS,Australia,25-34,v2.1
U04352,2024-01-25,C002,Android,USA,45-54,v2.4
U04353,2024-02-22,C002,iOS,Singapore,35-44,v2.3
U04354,2024-04-21,C003,iOS,India,55+,v2.2
U04355,2024-01-05,C004,Android,USA,35-44,v2.4
U04356,2024-02-28,C003,iOS,UK,35-44,v2.4
U04357,2024-02-15,C005,iOS,USA,35-44,v2.3
U04358,2024-03-25,C005,iOS,Singapore,45-54,v2.3
U04359,2024-06-23,C005,iOS,France,55+,v2.3
U04360,2024-02-14,C004,Android,USA,55+,v2.1
U04361,2024-04-15,C004,iOS,Canada,35-44,v2.4
U04362,2024-04-14,C005,Android,Australia,18-24,v2.3
U04363,2024-02-26,C001,Android,UK,18-24,v2.4
U04364,2024-04-22,C003,iOS,USA,55+,v2.3
U04365,2024-02-23,C001,iOS,India,45-54,v2.2
U04366,2024-06-30,C003,iOS,USA,25-34,v2.4
U04367,2024-04-09,C002,iOS,India,35-44,v2.2
U04368,2024-03-18,C004,iOS,Canada,25-34,v2.4
U04369,2024-04-06,C004,Android,UK,25-34,v2.4
U04370,2024-02-08,C001,iOS,Australia,18-24,v2.4
U04371,2024-01-13,C002,iOS,UK,25-34,v2.2
U04372,2024-04-01,C002,Android,UK,25-34,v2.2
U04373,2024-03-03,C006,iOS,USA,18-24,v2.3
U04374,2024-05-21,C006,Android,France,25-34,v2.3
U04375,2024-04-05,C004,Android,Australia,55+,v2.4
U04376,2024-03-26,C001,iOS,UK,35-44,v2.4
U04377,2024-01-08,C006,Android,USA,25-34,v2.3
U04378,2024-03-13,C001,Android,UK,45-54,v2.3
U04379,2024-03-31,C001,Android,USA,25-34,v2.1
U04380,2024-04-30,C004,Android,UK,35-44,v2.1
U04381,2024-01-09,C004,iOS,France,35-44,v2.4
U04382,2024-04-05,C002,Android,UK,35-44,v2.4
U04383,2024-03-28,C001,Android,Germany,35-44,v2.3
U04384,2024-03-03,C002,iOS,UK,35-44,v2.4
U04385,2024-04-20,C006,Android,India,35-44,v2.1
U04386,2024-01-10,C002,iOS,Singapore,35-44,v2.1
U04387,2024-03-03,C005,Android,Germany,25-34,v2.3
U04388,2024-01-21,C004,Android,USA,35-44,v2.3
U04389,2024-03-21,C006,iOS,UK,45-54,v2.3
U04390,2024-04-24,C005,iOS,USA,25-34,v2.3
U04391,2024-04-24,C002,iOS,Canada,35-44,v2.3
U04392,2024-06-20,C001,Android,Germany,25-34,v2.4
U04393,2024-04-08,C003,iOS,Canada,35-44,v2.4
U04394,2024-04-04,C002,Android,Canada,18-24,v2.3
U04395,2024-01-18,C002,iOS,UK,18-24,v2.4
U04396,2024-05-27,C004,iOS,India,45-54,v2.3
U04397,2024-05-03,C004,Android,USA,45-54,v2.1
U04398,2024-01-15,C002,iOS,UK,25-34,v2.1
U04399,2024-05-04,C002,Android,UK,35-44,v2.1
U04400,2024-04-26,C004,iOS,UK,25-34,v2.4
U04401,2024-02-02,C001,iOS,USA,18-24,v2.4
U04402,2024-06-21,C001,Android,Germany,25-34,v2.2
U04403,2024-04-01,C006,iOS,Germany,35-44,v2.4
U04404,2024-04-15,C002,Android,USA,25-34,v2.2
U04405,2024-02-22,C006,iOS,Australia,18-24,v2.3
U04406,2024-04-05,C001,Android,Singapore,35-44,v2.3
U04407,2024-01-21,C002,Android,India,35-44,v2.3
U04408,2024-02-12,C004,iOS,Canada,25-34,v2.3
U04409,2024-06-07,C001,iOS,USA,45-54,v2.4
U04410,2024-01-20,C006,Android,Canada,25-34,v2.3
U04411,2024-05-12,C005,Android,UK,25-34,v2.4
U04412,2024-02-15,C001,iOS,France,35-44,v2.3
U04413,2024-05-26,C001,Android,Germany,35-44,v2.4
U04414,2024-05-16,C001,iOS,USA,25-34,v2.4
U04415,2024-02-14,C002,iOS,Australia,45-54,v2.3
U04416,2024-03-02,C006,Android,France,35-44,v2.2
U04417,2024-01-17,C003,iOS,India,25-34,v2.4
U04418,2024-03-16,C004,iOS,UK,25-34,v2.3
U04419,2024-04-02,C001,iOS,UK,18-24,v2.2
U04420,2024-03-19,C002,iOS,USA,35-44,v2.1
U04421,2024-01-13,C004,Android,USA,35-44,v2.3
U04422,2024-03-21,C002,iOS,France,25-34,v2.4
U04423,2024-03-19,C002,Android,UK,25-34,v2.4
U04424,2024-06-01,C004,iOS,India,45-54,v2.3
U04425,2024-03-28,C001,iOS,Australia,55+,v2.4
U04426,2024-01-27,C001,Android,India,35-44,v2.4
U04427,2024-04-07,C004,iOS,UK,35-44,v2.4
U04428,2024-06-28,C004,Android,UK,25-34,v2.4
U04429,2024-02-01,C002,iOS,France,55+,v2.2
U04430,2024-01-22,C004,iOS,India,25-34,v2.4
U04431,2024-04-07,C005,iOS,USA,18-24,v2.3
U04432,2024-06-10,C002,iOS,India,18-24,v2.1
U04433,2024-03-29,C003,iOS,Germany,35-44,v2.4
U04434,2024-06-11,C002,iOS,UK,35-44,v2.1
U04435,2024-02-21,C001,iOS,Singapore,35-44,v2.4
U04436,2024-03-09,C003,Android,Germany,25-34,v2.2
U04437,2024-04-28,C006,iOS,USA,25-34,v2.2
U04438,2024-01-12,C002,Android,India,45-54,v2.1
U04439,2024-02-07,C006,Android,USA,45-54,v2.1
U04440,2024-05-21,C001,Android,France,25-34,v2.3
U04441,2024-04-01,C005,Android,USA,55+,v2.3
U04442,2024-06-04,C006,iOS,Canada,25-34,v2.1
U04443,2024-05-08,C006,Android,USA,25-34,v2.4
U04444,2024-02-22,C001,Android,USA,45-54,v2.3
U04445,2024-02-04,C001,iOS,USA,55+,v2.3
U04446,2024-04-07,C002,Android,India,35-44,v2.4
U04447,2024-01-19,C001,Android,UK,35-44,v2.4
U04448,2024-02-05,C005,iOS,UK,18-24,v2.4
U04449,2024-02-19,C003,iOS,USA,45-54,v2.2
U04450,2024-04-24,C006,iOS,Canada,18-24,v2.3
U04451,2024-02-23,C002,Android,Germany,45-54,v2.3
U04452,2024-03-23,C004,iOS,Singapore,25-34,v2.3
U04453,2024-05-30,C004,iOS,USA,25-34,v2.1
U04454,2024-04-02,C001,iOS,Canada,35-44,v2.4
U04455,2024-04-14,C003,Android,France,25-34,v2.2
U04456,2024-06-17,C004,iOS,Germany,25-34,v2.3
U04457,2024-05-12,C002,Android,Germany,25-34,v2.4
U04458,2024-04-07,C004,iOS,India,25-34,v2.4
U04459,2024-06-18,C003,iOS,India,25-34,v2.2
U04460,2024-05-17,C006,Android,UK,18-24,v2.2
U04461,2024-02-23,C001,Android,USA,25-34,v2.4
U04462,2024-06-23,C006,iOS,India,35-44,v2.3
U04463,2024-06-05,C006,iOS,Germany,18-24,v2.4
U04464,2024-03-12,C003,Android,USA,18-24,v2.2
U04465,2024-06-11,C001,Android,USA,25-34,v2.4
U04466,2024-03-25,C004,iOS,USA,35-44,v2.2
U04467,2024-06-30,C002,iOS,Singapore,18-24,v2.3
U04468,2024-05-14,C002,Android,India,25-34,v2.3
U04469,2024-01-31,C005,Android,Germany,35-44,v2.3
U04470,2024-03-26,C001,Android,USA,25-34,v2.4
U04471,2024-06-13,C002,Android,Canada,25-34,v2.3
U04472,2024-03-01,C006,iOS,Germany,25-34,v2.2
U04473,2024-05-09,C005,iOS,UK,35-44,v2.4
U04474,2024-01-22,C004,iOS,USA,35-44,v2.2
U04475,2024-03-12,C001,iOS,Germany,45-54,v2.2
U04476,2024-06-18,C004,iOS,USA,18-24,v2.3
U04477,2024-03-06,C002,Android,Singapore,45-54,v2.4
U04478,2024-01-09,C002,Android,UK,25-34,v2.1
U04479,2024-03-26,C006,iOS,UK,45-54,v2.3
U04480,2024-04-12,C006,iOS,India,25-34,v2.2
U04481,2024-01-05,C002,Android,India,18-24,v2.4
U04482,2024-05-04,C005,Android,France,25-34,v2.4
U04483,2024-05-06,C001,Android,Germany,25-34,v2.4
U04484,2024-03-17,C004,iOS,Canada,18-24,v2.3
U04485,2024-03-30,C002,Android,India,18-24,v2.3
U04486,2024-01-11,C001,iOS,India,25-34,v2.3
U04487,2024-06-15,C005,iOS,UK,18-24,v2.3
U04488,2024-03-28,C006,iOS,UK,18-24,v2.2
U04489,2024-03-07,C001,Android,USA,35-44,v2.2
U04490,2024-04-11,C001,iOS,Germany,18-24,v2.3
U04491,2024-03-28,C001,Android,Canada,25-34,v2.2
U04492,2024-05-09,C001,iOS,USA,18-24,v2.4
U04493,2024-03-11,C002,Android,Canada,18-24,v2.2
U04494,2024-01-26,C002,iOS,USA,25-34,v2.4
U04495,2024-03-03,C003,Android,Australia,25-34,v2.3
U04496,2024-04-21,C002,Android,Canada,18-24,v2.1
U04497,2024-03-24,C002,Android,Canada,35-44,v2.3
U04498,2024-03-19,C001,Android,USA,35-44,v2.2
U04499,2024-04-15,C005,iOS,UK,18-24,v2.3
U04500,2024-06-05,C005,iOS,USA,55+,v2.2
U04501,2024-01-29,C002,iOS,USA,18-24,v2.1
U04502,2024-01-13,C001,Android,Canada,25-34,v2.4
U04503,2024-03-14,C004,iOS,Australia,45-54,v2.4
U04504,2024-06-26,C003,iOS,USA,25-34,v2.4
U04505,2024-03-27,C002,iOS,USA,35-44,v2.4
U04506,2024-05-04,C002,iOS,USA,35-44,v2.3
U04507,2024-06-07,C004,iOS,France,25-34,v2.4
U04508,2024-03-30,C003,Android,Australia,35-44,v2.4
U04509,2024-03-29,C003,Android,France,25-34,v2.3
U04510,2024-06-16,C002,iOS,Germany,45-54,v2.4
U04511,2024-03-08,C004,iOS,UK,18-24,v2.2
U04512,2024-06-16,C005,Android,USA,25-34,v2.3
U04513,2024-03-05,C002,Android,Singapore,35-44,v2.1
U04514,2024-05-06,C004,iOS,Germany,45-54,v2.2
U04515,2024-03-15,C001,iOS,USA,25-34,v2.1
U04516,2024-02-25,C003,iOS,Australia,25-34,v2.2
U04517,2024-01-07,C001,Android,UK,18-24,v2.3
U04518,2024-06-22,C001,Android,Germany,25-34,v2.1
U04519,2024-04-08,C002,Android,USA,18-24,v2.3
U04520,2024-06-28,C004,Android,USA,35-44,v2.3
U04521,2024-06-29,C001,Android,USA,45-54,v2.2
U04522,2024-05-20,C005,Android,USA,25-34,v2.2
U04523,2024-02-20,C005,iOS,UK,45-54,v2.4
U04524,2024-06-29,C003,iOS,USA,25-34,v2.2
U04525,2024-05-17,C001,Android,Singapore,18-24,v2.3
U04526,2024-01-28,C004,Android,UK,18-24,v2.3
U04527,2024-03-20,C001,Android,Singapore,18-24,v2.3
U04528,2024-06-21,C006,iOS,Australia,35-44,v2.3
U04529,2024-01-17,C006,iOS,Singapore,18-24,v2.4
U04530,2024-06-19,C001,iOS,USA,35-44,v2.4
U04531,2024-06-09,C002,iOS,France,25-34,v2.1
U04532,2024-02-14,C006,iOS,India,35-44,v2.2
U04533,2024-04-30,C005,Android,Australia,45-54,v2.2
U04534,2024-05-09,C005,iOS,USA,35-44,v2.1
U04535,2024-02-02,C004,Android,Germany,18-24,v2.2
U04536,2024-06-17,C001,Android,Germany,18-24,v2.2
U04537,2024-05-05,C005,iOS,Germany,18-24,v2.3
U04538,2024-06-07,C005,iOS,Germany,25-34,v2.4
U04539,2024-06-10,C004,iOS,USA,18-24,v2.3
U04540,2024-03-22,C002,Android,UK,18-24,v2.4
U04541,2024-05-16,C004,Android,Australia,18-24,v2.3
U04542,2024-04-25,C001,Android,Australia,18-24,v2.2
U04543,2024-06-14,C004,iOS,Canada,25-34,v2.4
U04544,2024-04-19,C003,Android,USA,45-54,v2.4
U04545,2024-01-21,C002,Android,UK,55+,v2.2
U04546,2024-05-13,C001,iOS,USA,18-24,v2.1
U04547,2024-02-17,C002,iOS,India,18-24,v2.1
U04548,2024-05-03,C006,iOS,USA,45-54,v2.1
U04549,2024-05-26,C001,iOS,Australia,25-34,v2.4
U04550,2024-03-01,C005,iOS,Germany,25-34,v2.3
U04551,2024-06-16,C003,Android,Canada,18-24,v2.1
U04552,2024-02-07,C001,iOS,France,25-34,v2.1
U04553,2024-03-17,C001,iOS,Canada,18-24,v2.4
U04554,2024-06-20,C001,Android,Australia,45-54,v2.2
U04555,2024-04-19,C002,iOS,Canada,25-34,v2.3
U04556,2024-06-24,C004,Android,UK,35-44,v2.2
U04557,2024-05-25,C001,iOS,Australia,25-34,v2.1
U04558,2024-03-17,C001,Android,Singapore,35-44,v2.3
U04559,2024-06-23,C001,iOS,Germany,25-34,v2.3
U04560,2024-02-18,C002,iOS,Canada,25-34,v2.1
U04561,2024-03-11,C001,Android,India,18-24,v2.2
U04562,2024-04-11,C004,Android,USA,18-24,v2.4
U04563,2024-02-05,C001,iOS,Germany,35-44,v2.3
U04564,2024-05-10,C002,Android,USA,18-24,v2.4
U04565,2024-06-03,C001,Android,USA,18-24,v2.3
U04566,2024-03-17,C001,Android,Canada,18-24,v2.3
U04567,2024-03-02,C006,iOS,UK,25-34,v2.4
U04568,2024-04-06,C003,Android,Australia,18-24,v2.4
U04569,2024-01-21,C002,Android,Germany,18-24,v2.3
U04570,2024-02-18,C001,iOS,USA,35-44,v2.4
U04571,2024-05-24,C003,Android,USA,35-44,v2.3
U04572,2024-01-26,C003,iOS,France,35-44,v2.2
U04573,2024-03-29,C002,iOS,UK,35-44,v2.1
U04574,2024-03-05,C006,Android,UK,18-24,v2.3
U04575,2024-05-18,C005,Android,Canada,35-44,v2.2
U04576,2024-04-24,C002,iOS,Germany,25-34,v2.4
U04577,2024-04-27,C002,Android,France,18-24,v2.2
U04578,2024-03-20,C002,Android,France,55+,v2.4
U04579,2024-04-26,C004,Android,UK,18-24,v2.4
U04580,2024-03-01,C001,iOS,USA,45-54,v2.4
U04581,2024-04-25,C002,Android,USA,55+,v2.4
U04582,2024-03-28,C001,iOS,USA,45-54,v2.4
U04583,2024-05-30,C002,Android,USA,45-54,v2.4
U04584,2024-05-18,C001,iOS,UK,25-34,v2.2
U04585,2024-05-03,C001,Android,France,45-54,v2.3
U04586,2024-05-28,C004,iOS,USA,45-54,v2.2
U04587,2024-01-14,C003,Android,USA,25-34,v2.3
U04588,2024-03-15,C004,iOS,USA,18-24,v2.3
U04589,2024-04-26,C001,iOS,Canada,25-34,v2.3
U04590,2024-06-23,C001,iOS,UK,25-34,v2.4
U04591,2024-04-07,C003,iOS,USA,45-54,v2.3
U04592,2024-05-31,C004,iOS,France,35-44,v2.4
U04593,2024-01-18,C001,iOS,USA,25-34,v2.1
U04594,2024-04-23,C006,Android,USA,25-34,v2.1
U04595,2024-06-16,C001,iOS,France,18-24,v2.2
U04596,2024-04-29,C003,Android,Germany,55+,v2.1
U04597,2024-01-22,C001,iOS,UK,25-34,v2.2
U04598,2024-06-01,C002,iOS,Germany,25-34,v2.4
U04599,2024-06-16,C006,iOS,UK,18-24,v2.4
U04600,2024-03-02,C001,iOS,Canada,55+,v2.2
U04601,2024-04-07,C001,iOS,Australia,18-24,v2.4
U04602,2024-04-06,C003,Android,Australia,35-44,v2.1
U04603,2024-06-05,C002,iOS,USA,25-34,v2.3
U04604,2024-02-05,C004,iOS,USA,18-24,v2.4
U04605,2024-01-13,C001,iOS,India,25-34,v2.4
U04606,2024-05-22,C002,iOS,Germany,25-34,v2.2
U04607,2024-05-28,C004,Android,USA,18-24,v2.2
U04608,2024-03-30,C006,Android,USA,18-24,v2.2
U04609,2024-04-23,C002,Android,Singapore,25-34,v2.4
U04610,2024-05-02,C003,Android,USA,25-34,v2.4
U04611,2024-05-19,C002,Android,UK,35-44,v2.4
U04612,2024-02-13,C001,Android,India,18-24,v2.4
U04613,2024-06-08,C006,Android,Canada,55+,v2.4
U04614,2024-05-31,C005,Android,USA,25-34,v2.3
U04615,2024-05-03,C001,Android,USA,45-54,v2.4
U04616,2024-03-05,C005,Android,Canada,45-54,v2.2
U04617,2024-01-29,C003,Android,USA,25-34,v2.3
U04618,2024-03-01,C001,iOS,Canada,18-24,v2.1
U04619,2024-03-23,C001,iOS,USA,25-34,v2.4
U04620,2024-02-08,C006,iOS,UK,35-44,v2.4
U04621,2024-01-22,C004,iOS,USA,55+,v2.1
U04622,2024-03-11,C003,Android,Australia,35-44,v2.1
U04623,2024-03-09,C002,iOS,USA,35-44,v2.1
U04624,2024-01-26,C002,iOS,Australia,25-34,v2.2
U04625,2024-01-14,C001,Android,UK,25-34,v2.4
U04626,2024-03-15,C004,Android,Germany,18-24,v2.3
U04627,2024-04-05,C003,iOS,India,35-44,v2.2
U04628,2024-05-16,C004,iOS,UK,18-24,v2.2
U04629,2024-04-24,C006,iOS,UK,25-34,v2.2
U04630,2024-06-18,C003,iOS,UK,35-44,v2.1
U04631,2024-04-03,C001,iOS,USA,35-44,v2.4
U04632,2024-05-03,C004,iOS,UK,18-24,v2.2
U04633,2024-01-31,C005,iOS,Australia,25-34,v2.2
U04634,2024-06-29,C001,iOS,France,45-54,v2.3
U04635,2024-02-20,C004,Android,USA,35-44,v2.2
U04636,2024-05-17,C006,Android,USA,25-34,v2.2
U04637,2024-04-19,C005,Android,Canada,18-24,v2.3
U04638,2024-01-05,C006,iOS,France,25-34,v2.4
U04639,2024-01-29,C006,Android,India,25-34,v2.4
U04640,2024-03-01,C003,iOS,UK,35-44,v2.3
U04641,2024-05-19,C001,iOS,USA,35-44,v2.4
U04642,2024-04-30,C004,iOS,India,25-34,v2.4
U04643,2024-05-02,C001,Android,USA,35-44,v2.2
U04644,2024-03-28,C005,Android,USA,25-34,v2.3
U04645,2024-04-06,C002,iOS,India,35-44,v2.4
U04646,2024-02-27,C006,Android,Canada,45-54,v2.3
U04647,2024-05-26,C001,Android,USA,25-34,v2.1
U04648,2024-03-16,C001,iOS,France,55+,v2.3
U04649,2024-01-13,C003,iOS,UK,35-44,v2.3
U04650,2024-05-02,C002,iOS,UK,25-34,v2.4
U04651,2024-06-26,C005,iOS,USA,18-24,v2.1
U04652,2024-04-15,C005,iOS,Canada,18-24,v2.4
U04653,2024-06-10,C006,Android,Australia,18-24,v2.2
U04654,2024-06-30,C001,iOS,France,25-34,v2.4
U04655,2024-03-07,C003,Android,USA,55+,v2.1
U04656,2024-01-03,C004,iOS,UK,35-44,v2.2
U04657,2024-03-25,C004,Android,USA,45-54,v2.2
U04658,2024-05-27,C003,iOS,Germany,35-44,v2.4
U04659,2024-06-06,C002,iOS,Australia,35-44,v2.4
U04660,2024-01-22,C006,iOS,Canada,35-44,v2.2
U04661,2024-02-11,C004,iOS,Germany,25-34,v2.1
U04662,2024-02-21,C001,iOS,Canada,35-44,v2.3
U04663,2024-04-20,C002,iOS,UK,45-54,v2.3
U04664,2024-02-07,C002,iOS,France,35-44,v2.3
U04665,2024-06-17,C006,Android,USA,35-44,v2.2
U04666,2024-06-07,C003,iOS,Australia,18-24,v2.3
U04667,2024-04-03,C005,iOS,Canada,35-44,v2.3
U04668,2024-02-29,C004,iOS,UK,25-34,v2.2
U04669,2024-06-20,C003,iOS,Singapore,25-34,v2.3
U04670,2024-05-22,C004,iOS,UK,45-54,v2.4
U04671,2024-01-26,C006,iOS,India,18-24,v2.3
U04672,2024-06-10,C006,Android,UK,55+,v2.3
U04673,2024-01-26,C005,iOS,Germany,55+,v2.1
U04674,2024-05-25,C003,iOS,France,18-24,v2.2
U04675,2024-03-29,C001,Android,USA,18-24,v2.4
U04676,2024-03-24,C001,iOS,Australia,25-34,v2.3
U04677,2024-05-16,C005,iOS,Canada,55+,v2.3
U04678,2024-06-27,C001,iOS,India,45-54,v2.4
U04679,2024-03-28,C002,iOS,Canada,18-24,v2.4
U04680,2024-01-23,C001,iOS,Germany,18-24,v2.3
U04681,2024-05-12,C001,iOS,UK,55+,v2.4
U04682,2024-03-29,C006,iOS,Germany,35-44,v2.3
U04683,2024-03-06,C006,Android,Canada,45-54,v2.2
U04684,2024-06-26,C003,Android,USA,55+,v2.4
U04685,2024-04-10,C002,iOS,Singapore,35-44,v2.2
U04686,2024-03-12,C002,iOS,Germany,18-24,v2.3
U04687,2024-01-20,C004,Android,Australia,45-54,v2.4
U04688,2024-03-01,C002,iOS,Germany,25-34,v2.4
U04689,2024-03-21,C001,iOS,USA,25-34,v2.3
U04690,2024-04-01,C004,iOS,USA,45-54,v2.3
U04691,2024-06-24,C001,Android,UK,55+,v2.1
U04692,2024-05-31,C001,iOS,India,35-44,v2.3
U04693,2024-01-25,C005,Android,Canada,25-34,v2.3
U04694,2024-05-08,C003,iOS,UK,25-34,v2.4
U04695,2024-04-10,C004,iOS,UK,25-34,v2.3
U04696,2024-05-10,C003,iOS,USA,25-34,v2.4
U04697,2024-04-17,C006,iOS,USA,18-24,v2.3
U04698,2024-03-26,C006,Android,USA,18-24,v2.3
U04699,2024-05-14,C001,iOS,UK,25-34,v2.4
U04700,2024-06-12,C006,iOS,Australia,45-54,v2.3
U04701,2024-06-10,C001,iOS,USA,18-24,v2.3
U04702,2024-01-08,C006,iOS,Germany,35-44,v2.4
U04703,2024-05-13,C004,Android,Singapore,25-34,v2.3
U04704,2024-03-29,C006,Android,UK,25-34,v2.1
U04705,2024-04-09,C003,iOS,India,25-34,v2.3
U04706,2024-04-16,C002,iOS,Canada,35-44,v2.4
U04707,2024-01-22,C002,iOS,UK,35-44,v2.4
U04708,2024-04-12,C001,iOS,India,18-24,v2.1
U04709,2024-06-09,C004,iOS,India,18-24,v2.1
U04710,2024-03-30,C003,Android,USA,35-44,v2.2
U04711,2024-04-30,C004,iOS,UK,35-44,v2.1
U04712,2024-05-06,C004,iOS,Canada,18-24,v2.3
U04713,2024-04-05,C002,iOS,UK,45-54,v2.2
U04714,2024-06-19,C001,Android,Singapore,25-34,v2.3
U04715,2024-06-17,C001,iOS,Canada,18-24,v2.4
U04716,2024-01-10,C004,Android,Canada,18-24,v2.4
U04717,2024-04-12,C004,iOS,USA,18-24,v2.3
U04718,2024-04-10,C001,iOS,Germany,25-34,v2.3
U04719,2024-06-20,C001,iOS,UK,18-24,v2.2
U04720,2024-03-19,C004,iOS,UK,35-44,v2.4
U04721,2024-01-28,C002,iOS,Singapore,25-34,v2.4
U04722,2024-04-15,C004,iOS,Canada,35-44,v2.3
U04723,2024-05-13,C004,iOS,UK,18-24,v2.4
U04724,2024-06-10,C002,iOS,UK,18-24,v2.2
U04725,2024-03-14,C001,iOS,USA,45-54,v2.4
U04726,2024-01-27,C001,iOS,USA,25-34,v2.1
U04727,2024-03-08,C001,iOS,Canada,35-44,v2.3
U04728,2024-01-04,C002,iOS,USA,35-44,v2.4
U04729,2024-02-16,C001,iOS,USA,25-34,v2.2
U04730,2024-06-11,C004,Android,USA,18-24,v2.1
U04731,2024-02-05,C003,Android,France,45-54,v2.4
U04732,2024-03-13,C002,iOS,UK,45-54,v2.2
U04733,2024-05-22,C001,iOS,France,18-24,v2.1
U04734,2024-04-28,C001,iOS,USA,18-24,v2.1
U04735,2024-01-29,C006,iOS,UK,35-44,v2.3
U04736,2024-02-01,C006,Android,Canada,18-24,v2.3
U04737,2024-01-02,C002,iOS,USA,35-44,v2.1
U04738,2024-05-08,C003,Android,France,45-54,v2.4
U04739,2024-06-06,C001,iOS,India,55+,v2.4
U04740,2024-02-06,C006,Android,USA,25-34,v2.4
U04741,2024-03-15,C001,iOS,USA,25-34,v2.2
U04742,2024-01-18,C003,iOS,France,45-54,v2.3
U04743,2024-03-20,C001,Android,India,35-44,v2.2
U04744,2024-03-21,C004,iOS,Canada,18-24,v2.3
U04745,2024-01-10,C003,iOS,Canada,25-34,v2.1
U04746,2024-04-08,C002,iOS,France,25-34,v2.2
U04747,2024-01-06,C001,iOS,Germany,35-44,v2.3
U04748,2024-03-21,C003,Android,UK,25-34,v2.4
U04749,2024-06-02,C002,iOS,Australia,18-24,v2.2
U04750,2024-04-25,C002,Android,Canada,55+,v2.3
U04751,2024-01-01,C004,iOS,Canada,35-44,v2.3
U04752,2024-06-06,C002,iOS,Canada,55+,v2.1
U04753,2024-04-08,C001,iOS,Germany,25-34,v2.2
U04754,2024-01-17,C004,iOS,USA,55+,v2.3
U04755,2024-01-23,C004,iOS,UK,25-34,v2.3
U04756,2024-03-26,C002,Android,UK,18-24,v2.1
U04757,2024-03-14,C001,iOS,USA,25-34,v2.3
U04758,2024-03-17,C006,iOS,Canada,35-44,v2.3
U04759,2024-03-10,C003,iOS,USA,45-54,v2.2
U04760,2024-01-28,C001,iOS,India,45-54,v2.1
U04761,2024-01-19,C002,Android,Germany,18-24,v2.3
U04762,2024-05-26,C006,Android,Germany,45-54,v2.4
U04763,2024-04-23,C003,iOS,India,25-34,v2.3
U04764,2024-04-18,C005,Android,USA,18-24,v2.4
U04765,2024-03-09,C002,iOS,Singapore,25-34,v2.4
U04766,2024-04-18,C002,iOS,UK,35-44,v2.3
U04767,2024-05-24,C004,Android,India,25-34,v2.2
U04768,2024-05-25,C006,iOS,Australia,45-54,v2.4
U04769,2024-04-02,C001,iOS,India,18-24,v2.3
U04770,2024-05-29,C003,iOS,USA,25-34,v2.4
U04771,2024-01-29,C006,Android,Canada,25-34,v2.2
U04772,2024-04-26,C001,iOS,USA,25-34,v2.4
U04773,2024-03-10,C003,Android,UK,45-54,v2.4
U04774,2024-05-23,C005,Android,USA,25-34,v2.4
U04775,2024-06-08,C001,iOS,France,25-34,v2.4
U04776,2024-03-07,C004,Android,Singapore,25-34,v2.2
U04777,2024-02-01,C006,iOS,Canada,25-34,v2.1
U04778,2024-01-02,C002,iOS,UK,45-54,v2.4
U04779,2024-04-28,C004,iOS,Australia,25-34,v2.3
U04780,2024-04-10,C004,Android,Canada,55+,v2.3
U04781,2024-03-08,C002,iOS,France,25-34,v2.3
U04782,2024-01-04,C001,iOS,Singapore,35-44,v2.3
U04783,2024-01-02,C005,iOS,Australia,25-34,v2.2
U04784,2024-06-27,C005,iOS,USA,25-34,v2.4
U04785,2024-05-29,C006,iOS,UK,45-54,v2.3
U04786,2024-03-25,C001,Android,USA,18-24,v2.1
U04787,2024-01-21,C005,Android,UK,35-44,v2.1
U04788,2024-03-24,C002,iOS,France,25-34,v2.3
U04789,2024-03-05,C006,Android,Canada,18-24,v2.4
U04790,2024-02-29,C001,Android,Canada,18-24,v2.4
U04791,2024-05-15,C005,Android,USA,35-44,v2.1
U04792,2024-06-23,C004,Android,Australia,25-34,v2.3
U04793,2024-02-02,C001,Android,UK,25-34,v2.2
U04794,2024-02-01,C003,Android,Singapore,55+,v2.2
U04795,2024-04-15,C005,Android,Singapore,35-44,v2.1
U04796,2024-02-05,C001,iOS,Singapore,25-34,v2.4
U04797,2024-01-06,C002,Android,USA,55+,v2.4
U04798,2024-02-01,C003,iOS,Canada,55+,v2.2
U04799,2024-01-08,C001,iOS,Germany,35-44,v2.3
U04800,2024-03-02,C002,iOS,India,35-44,v2.1
U04801,2024-04-28,C002,iOS,UK,18-24,v2.3
U04802,2024-01-18,C004,Android,Australia,55+,v2.2
U04803,2024-05-16,C001,Android,Germany,45-54,v2.4
U04804,2024-02-14,C002,Android,USA,25-34,v2.4
U04805,2024-05-25,C002,Android,India,25-34,v2.4
U04806,2024-04-16,C004,iOS,Australia,25-34,v2.4
U04807,2024-06-10,C002,Android,USA,25-34,v2.4
U04808,2024-01-30,C001,Android,UK,18-24,v2.2
U04809,2024-06-03,C004,iOS,Canada,25-34,v2.4
U04810,2024-03-22,C004,Android,Australia,35-44,v2.4
U04811,2024-04-09,C004,iOS,USA,25-34,v2.3
U04812,2024-02-13,C006,iOS,Australia,18-24,v2.4
U04813,2024-04-09,C006,iOS,UK,18-24,v2.4
U04814,2024-04-11,C002,iOS,UK,25-34,v2.2
U04815,2024-05-17,C005,iOS,USA,35-44,v2.3
U04816,2024-05-05,C002,iOS,USA,45-54,v2.3
U04817,2024-06-03,C005,Android,France,25-34,v2.3
U04818,2024-05-24,C006,Android,USA,25-34,v2.4
U04819,2024-01-19,C001,Android,Singapore,55+,v2.3
U04820,2024-02-25,C004,iOS,Singapore,25-34,v2.4
U04821,2024-04-20,C001,iOS,India,25-34,v2.4
U04822,2024-02-22,C001,Android,USA,25-34,v2.4
U04823,2024-01-09,C004,iOS,UK,55+,v2.3
U04824,2024-06-12,C003,iOS,UK,45-54,v2.4
U04825,2024-01-29,C001,iOS,Australia,25-34,v2.1
U04826,2024-06-11,C002,Android,Singapore,35-44,v2.2
U04827,2024-03-30,C001,iOS,UK,18-24,v2.3
U04828,2024-01-06,C003,iOS,USA,45-54,v2.1
U04829,2024-06-23,C004,iOS,Australia,35-44,v2.2
U04830,2024-04-11,C002,iOS,Germany,25-34,v2.3
U04831,2024-06-24,C004,iOS,USA,18-24,v2.3
U04832,2024-06-07,C002,iOS,USA,18-24,v2.3
U04833,2024-02-14,C001,iOS,UK,18-24,v2.3
U04834,2024-02-03,C001,iOS,Germany,25-34,v2.1
U04835,2024-02-18,C004,Android,France,35-44,v2.2
U04836,2024-04-26,C002,iOS,UK,25-34,v2.3
U04837,2024-05-23,C001,Android,France,35-44,v2.2
U04838,2024-04-18,C005,Android,Canada,45-54,v2.3
U04839,2024-06-22,C002,iOS,France,25-34,v2.2
U04840,2024-03-05,C001,iOS,UK,25-34,v2.3
U04841,2024-01-02,C001,iOS,USA,35-44,v2.3
U04842,2024-01-26,C002,Android,USA,25-34,v2.3
U04843,2024-04-15,C005,iOS,UK,18-24,v2.1
U04844,2024-04-01,C001,Android,Australia,55+,v2.3
U04845,2024-05-26,C006,iOS,Germany,35-44,v2.2
U04846,2024-02-11,C004,iOS,Australia,35-44,v2.2
U04847,2024-05-21,C006,iOS,France,18-24,v2.3
U04848,2024-04-23,C004,iOS,India,35-44,v2.4
U04849,2024-03-19,C003,iOS,India,35-44,v2.4
U04850,2024-06-01,C002,Android,UK,45-54,v2.4
U04851,2024-03-24,C002,Android,France,25-34,v2.4
U04852,2024-05-21,C003,iOS,UK,55+,v2.2
U04853,2024-05-30,C001,iOS,USA,55+,v2.4
U04854,2024-05-16,C006,iOS,Australia,35-44,v2.2
U04855,2024-05-19,C002,Android,France,25-34,v2.4
U04856,2024-02-15,C004,Android,USA,35-44,v2.4
U04857,2024-03-16,C004,iOS,France,18-24,v2.4
U04858,2024-03-31,C003,iOS,USA,35-44,v2.4
U04859,2024-01-23,C001,iOS,USA,35-44,v2.3
U04860,2024-01-05,C004,Android,USA,55+,v2.3
U04861,2024-03-05,C002,Android,UK,55+,v2.1
U04862,2024-05-25,C006,Android,Singapore,35-44,v2.4
U04863,2024-01-10,C005,iOS,USA,55+,v2.2
U04864,2024-01-30,C005,iOS,Australia,35-44,v2.3
U04865,2024-01-02,C006,iOS,USA,35-44,v2.1
U04866,2024-06-20,C003,iOS,USA,35-44,v2.2
U04867,2024-06-24,C006,iOS,USA,18-24,v2.2
U04868,2024-03-04,C004,iOS,Germany,25-34,v2.4
U04869,2024-06-01,C001,iOS,India,25-34,v2.3
U04870,2024-01-13,C006,Android,UK,25-34,v2.3
U04871,2024-05-18,C006,Android,India,18-24,v2.3
U04872,2024-06-13,C006,iOS,Canada,25-34,v2.4
U04873,2024-05-19,C005,iOS,UK,35-44,v2.3
U04874,2024-03-03,C001,Android,Canada,35-44,v2.3
U04875,2024-05-07,C003,Android,Singapore,45-54,v2.4
U04876,2024-06-16,C005,Android,USA,35-44,v2.3
U04877,2024-03-05,C005,iOS,UK,55+,v2.3
U04878,2024-05-28,C006,iOS,USA,25-34,v2.4
U04879,2024-03-28,C002,iOS,Germany,45-54,v2.4
U04880,2024-01-28,C004,iOS,Germany,25-34,v2.3
U04881,2024-06-15,C006,iOS,Canada,25-34,v2.3
U04882,2024-06-30,C005,Android,USA,35-44,v2.4
U04883,2024-04-19,C002,Android,USA,35-44,v2.4
U04884,2024-05-07,C002,Android,Germany,18-24,v2.3
U04885,2024-03-20,C006,iOS,USA,18-24,v2.4
U04886,2024-06-26,C001,Android,Australia,18-24,v2.4
U04887,2024-04-29,C002,iOS,India,35-44,v2.4
U04888,2024-03-21,C004,Android,UK,25-34,v2.2
U04889,2024-05-29,C001,iOS,Australia,25-34,v2.2
U04890,2024-03-01,C006,iOS,Canada,25-34,v2.4
U04891,2024-03-26,C004,iOS,UK,18-24,v2.4
U04892,2024-02-05,C006,Android,USA,18-24,v2.3
U04893,2024-03-21,C004,Android,Germany,25-34,v2.3
U04894,2024-03-08,C004,iOS,UK,18-24,v2.2
U04895,2024-05-04,C001,iOS,Canada,45-54,v2.3
U04896,2024-06-30,C002,iOS,Australia,55+,v2.1
U04897,2024-02-08,C001,iOS,USA,18-24,v2.3
U04898,2024-03-20,C002,Android,USA,25-34,v2.3
U04899,2024-04-10,C001,iOS,Canada,18-24,v2.4
U04900,2024-01-24,C006,iOS,Australia,35-44,v2.1
U04901,2024-04-17,C002,iOS,USA,45-54,v2.2
U04902,2024-02-08,C006,iOS,UK,35-44,v2.1
U04903,2024-04-08,C002,iOS,Australia,18-24,v2.1
U04904,2024-03-06,C002,iOS,India,35-44,v2.1
U04905,2024-04-14,C001,iOS,UK,25-34,v2.4
U04906,2024-06-04,C005,iOS,Germany,18-24,v2.2
U04907,2024-04-14,C005,iOS,Australia,18-24,v2.4
U04908,2024-04-15,C001,iOS,Australia,45-54,v2.3
U04909,2024-04-06,C004,Android,France,55+,v2.3
U04910,2024-05-24,C001,Android,UK,18-24,v2.3
U04911,2024-03-27,C004,iOS,USA,35-44,v2.3
U04912,2024-04-28,C001,Android,Singapore,35-44,v2.2
U04913,2024-01-15,C001,Android,USA,35-44,v2.3
U04914,2024-06-02,C003,iOS,UK,18-24,v2.1
U04915,2024-06-15,C001,iOS,Australia,18-24,v2.4
U04916,2024-01-19,C004,iOS,India,35-44,v2.3
U04917,2024-01-29,C001,iOS,UK,18-24,v2.2
U04918,2024-04-16,C001,iOS,Canada,45-54,v2.3
U04919,2024-06-16,C002,Android,UK,35-44,v2.3
U04920,2024-06-07,C003,iOS,USA,45-54,v2.4
U04921,2024-05-20,C006,iOS,UK,18-24,v2.4
U04922,2024-06-26,C004,iOS,UK,55+,v2.3
U04923,2024-05-27,C003,Android,USA,35-44,v2.3
U04924,2024-05-28,C002,Android,USA,25-34,v2.4
U04925,2024-04-16,C005,Android,Canada,45-54,v2.4
U04926,2024-04-22,C001,Android,India,55+,v2.2
U04927,2024-04-28,C001,iOS,Australia,25-34,v2.3
U04928,2024-05-17,C002,iOS,France,35-44,v2.2
U04929,2024-03-22,C003,iOS,France,55+,v2.1
U04930,2024-06-06,C003,Android,Singapore,18-24,v2.3
U04931,2024-04-12,C003,Android,UK,45-54,v2.2
U04932,2024-04-12,C004,iOS,Canada,25-34,v2.2
U04933,2024-01-07,C001,iOS,USA,35-44,v2.4
U04934,2024-01-09,C002,Android,USA,25-34,v2.4
U04935,2024-01-20,C004,Android,USA,25-34,v2.3
U04936,2024-05-27,C005,Android,UK,35-44,v2.2
U04937,2024-02-01,C006,Android,Singapore,18-24,v2.4
U04938,2024-03-01,C006,Android,USA,45-54,v2.4
U04939,2024-01-22,C003,iOS,Canada,35-44,v2.3
U04940,2024-05-13,C002,Android,UK,18-24,v2.3
U04941,2024-06-24,C002,Android,UK,18-24,v2.3
U04942,2024-06-15,C001,Android,USA,25-34,v2.2
U04943,2024-02-27,C002,iOS,USA,25-34,v2.3
U04944,2024-06-28,C001,Android,USA,35-44,v2.3
U04945,2024-01-18,C001,Android,Canada,18-24,v2.4
U04946,2024-01-14,C005,iOS,Germany,18-24,v2.2
U04947,2024-04-05,C001,iOS,USA,25-34,v2.4
U04948,2024-06-09,C001,Android,UK,18-24,v2.4
U04949,2024-02-14,C004,Android,USA,35-44,v2.3
U04950,2024-03-09,C004,Android,Australia,45-54,v2.3
U04951,2024-02-28,C005,iOS,Canada,35-44,v2.3
U04952,2024-03-20,C002,Android,USA,25-34,v2.4
U04953,2024-06-06,C004,iOS,Canada,18-24,v2.1
U04954,2024-03-13,C001,Android,UK,25-34,v2.4
U04955,2024-06-23,C005,iOS,India,18-24,v2.3
U04956,2024-06-05,C004,Android,Germany,45-54,v2.3
U04957,2024-05-26,C005,Android,USA,25-34,v2.4
U04958,2024-04-06,C004,iOS,USA,25-34,v2.4
U04959,2024-04-27,C002,Android,Germany,25-34,v2.3
U04960,2024-04-10,C003,iOS,USA,35-44,v2.3
U04961,2024-02-24,C006,Android,USA,18-24,v2.4
U04962,2024-06-21,C002,iOS,USA,25-34,v2.3
U04963,2024-04-21,C001,iOS,Germany,25-34,v2.4
U04964,2024-05-31,C001,Android,UK,55+,v2.4
U04965,2024-05-12,C002,Android,UK,25-34,v2.3
U04966,2024-04-18,C006,Android,Australia,35-44,v2.3
U04967,2024-02-12,C001,iOS,Canada,18-24,v2.4
U04968,2024-01-14,C005,iOS,Australia,35-44,v2.4
U04969,2024-05-16,C001,Android,India,18-24,v2.4
U04970,2024-03-08,C001,Android,India,35-44,v2.2
U04971,2024-03-26,C005,iOS,France,45-54,v2.3
U04972,2024-05-03,C006,iOS,UK,35-44,v2.4
U04973,2024-03-13,C003,Android,Canada,25-34,v2.3
U04974,2024-04-08,C001,iOS,UK,25-34,v2.2
U04975,2024-05-20,C006,Android,Singapore,45-54,v2.1
U04976,2024-04-20,C001,iOS,USA,18-24,v2.2
U04977,2024-02-06,C004,Android,USA,45-54,v2.4
U04978,2024-06-07,C006,iOS,Canada,35-44,v2.3
U04979,2024-04-28,C006,iOS,USA,25-34,v2.4
U04980,2024-03-16,C006,iOS,UK,45-54,v2.4
U04981,2024-02-04,C004,Android,Australia,18-24,v2.4
U04982,2024-01-01,C004,Android,USA,35-44,v2.3
U04983,2024-01-17,C006,Android,USA,45-54,v2.3
U04984,2024-01-07,C001,Android,France,25-34,v2.4
U04985,2024-05-02,C004,iOS,Germany,25-34,v2.2
U04986,2024-01-18,C006,iOS,Germany,18-24,v2.2
U04987,2024-03-02,C005,iOS,India,25-34,v2.4
U04988,2024-03-26,C004,iOS,France,55+,v2.2
U04989,2024-01-09,C001,iOS,Canada,25-34,v2.2
U04990,2024-02-24,C005,Android,UK,45-54,v2.4
U04991,2024-05-05,C001,iOS,Canada,25-34,v2.3
U04992,2024-03-31,C002,Android,Germany,18-24,v2.3
U04993,2024-02-23,C003,iOS,USA,18-24,v2.4
U04994,2024-05-18,C004,iOS,USA,18-24,v2.4
U04995,2024-03-17,C002,Android,USA,25-34,v2.2
U04996,2024-04-20,C002,Android,UK,55+,v2.2
U04997,2024-05-21,C004,iOS,UK,55+,v2.4
U04998,2024-05-13,C004,iOS,Canada,45-54,v2.3
U04999,2024-06-06,C002,Android,Australia,25-34,v2.3
U05000,2024-05-17,C003,iOS,Australia,25-34,v2.2
