Event_ID,User_ID,Event_Type,Event_Date,Days_Since_Install
E0000001,U00001,Install,2024-06-12,0
E0000002,U00002,Install,2024-05-19,0
E0000003,U00002,Signup,2024-05-19,0
E0000004,U00002,Onboarding,2024-05-20,1
E0000005,U00002,First_Action,2024-05-22,3
E0000006,U00002,Day1_Active,2024-05-23,4
E0000007,U00003,Install,2024-01-07,0
E0000008,U00004,Install,2024-03-12,0
E0000009,U00004,Signup,2024-03-12,0
E0000010,U00005,Install,2024-02-09,0
E0000011,U00005,Signup,2024-02-09,0
E0000012,U00006,Install,2024-03-29,0
E0000013,U00006,Signup,2024-03-29,0
E0000014,U00006,Onboarding,2024-03-30,1
E0000015,U00007,Install,2024-04-06,0
E0000016,U00008,Install,2024-02-19,0
E0000017,U00008,Signup,2024-02-19,0
E0000018,U00008,Onboarding,2024-02-20,1
E0000019,U00008,First_Action,2024-02-22,3
E0000020,U00008,Day1_Active,2024-02-23,4
E0000021,U00008,Day7_Active,2024-02-29,10
E0000022,U00009,Install,2024-02-29,0
E0000023,U00009,Signup,2024-02-29,0
E0000024,U00010,Install,2024-03-31,0
E0000025,U00010,Signup,2024-03-31,0
E0000026,U00010,Onboarding,2024-04-01,1
E0000027,U00010,First_Action,2024-04-03,3
E0000028,U00011,Install,2024-02-13,0
E0000029,U00011,Signup,2024-02-13,0
E0000030,U00012,Install,2024-06-25,0
E0000031,U00012,Signup,2024-06-25,0
E0000032,U00012,Onboarding,2024-06-26,1
E0000033,U00013,Install,2024-01-09,0
E0000034,U00013,Signup,2024-01-09,0
E0000035,U00013,Onboarding,2024-01-10,1
E0000036,U00013,First_Action,2024-01-12,3
E0000037,U00013,Day1_Active,2024-01-13,4
E0000038,U00014,Install,2024-03-21,0
E0000039,U00014,Signup,2024-03-21,0
E0000040,U00014,Onboarding,2024-03-22,1
E0000041,U00015,Install,2024-02-05,0
E0000042,U00015,Signup,2024-02-05,0
E0000043,U00015,Onboarding,2024-02-06,1
E0000044,U00016,Install,2024-04-12,0
E0000045,U00016,Signup,2024-04-12,0
E0000046,U00017,Install,2024-01-29,0
E0000047,U00017,Signup,2024-01-29,0
E0000048,U00017,Onboarding,2024-01-30,1
E0000049,U00018,Install,2024-06-01,0
E0000050,U00018,Signup,2024-06-01,0
E0000051,U00019,Install,2024-01-30,0
E0000052,U00019,Signup,2024-01-30,0
E0000053,U00020,Install,2024-04-21,0
E0000054,U00020,Signup,2024-04-21,0
E0000055,U00020,Onboarding,2024-04-22,1
E0000056,U00020,First_Action,2024-04-24,3
E0000057,U00020,Day1_Active,2024-04-25,4
E0000058,U00020,Day7_Active,2024-05-01,10
E0000059,U00021,Install,2024-02-15,0
E0000060,U00021,Signup,2024-02-15,0
E0000061,U00022,Install,2024-02-20,0
E0000062,U00023,Install,2024-01-01,0
E0000063,U00023,Signup,2024-01-01,0
E0000064,U00023,Onboarding,2024-01-02,1
E0000065,U00024,Install,2024-03-19,0
E0000066,U00024,Signup,2024-03-19,0
E0000067,U00024,Onboarding,2024-03-20,1
E0000068,U00024,First_Action,2024-03-22,3
E0000069,U00024,Day1_Active,2024-03-23,4
E0000070,U00025,Install,2024-01-18,0
E0000071,U00025,Signup,2024-01-18,0
E0000072,U00026,Install,2024-02-12,0
E0000073,U00027,Install,2024-06-25,0
E0000074,U00027,Signup,2024-06-25,0
E0000075,U00027,Onboarding,2024-06-26,1
E0000076,U00028,Install,2024-05-12,0
E0000077,U00028,Signup,2024-05-12,0
E0000078,U00028,Onboarding,2024-05-13,1
E0000079,U00029,Install,2024-05-30,0
E0000080,U00029,Signup,2024-05-30,0
E0000081,U00030,Install,2024-03-25,0
E0000082,U00030,Signup,2024-03-25,0
E0000083,U00030,Onboarding,2024-03-26,1
E0000084,U00030,First_Action,2024-03-28,3
E0000085,U00031,Install,2024-05-26,0
E0000086,U00032,Install,2024-06-17,0
E0000087,U00032,Signup,2024-06-17,0
E0000088,U00032,Onboarding,2024-06-18,1
E0000089,U00033,Install,2024-06-14,0
E0000090,U00033,Signup,2024-06-14,0
E0000091,U00034,Install,2024-02-18,0
E0000092,U00034,Signup,2024-02-18,0
E0000093,U00034,Onboarding,2024-02-19,1
E0000094,U00035,Install,2024-01-20,0
E0000095,U00035,Signup,2024-01-20,0
E0000096,U00036,Install,2024-01-04,0
E0000097,U00036,Signup,2024-01-04,0
E0000098,U00036,Onboarding,2024-01-05,1
E0000099,U00036,First_Action,2024-01-07,3
E0000100,U00037,Install,2024-02-24,0
E0000101,U00038,Install,2024-04-26,0
E0000102,U00038,Signup,2024-04-26,0
E0000103,U00039,Install,2024-05-04,0
E0000104,U00039,Signup,2024-05-04,0
E0000105,U00039,Onboarding,2024-05-05,1
E0000106,U00040,Install,2024-03-21,0
E0000107,U00041,Install,2024-05-10,0
E0000108,U00041,Signup,2024-05-10,0
E0000109,U00041,Onboarding,2024-05-11,1
E0000110,U00041,First_Action,2024-05-13,3
E0000111,U00041,Day1_Active,2024-05-14,4
E0000112,U00042,Install,2024-01-31,0
E0000113,U00043,Install,2024-06-17,0
E0000114,U00043,Signup,2024-06-17,0
E0000115,U00043,Onboarding,2024-06-18,1
E0000116,U00044,Install,2024-03-02,0
E0000117,U00044,Signup,2024-03-02,0
E0000118,U00045,Install,2024-01-19,0
E0000119,U00046,Install,2024-05-09,0
E0000120,U00047,Install,2024-02-10,0
E0000121,U00047,Signup,2024-02-10,0
E0000122,U00048,Install,2024-05-15,0
E0000123,U00048,Signup,2024-05-15,0
E0000124,U00049,Install,2024-02-04,0
E0000125,U00050,Install,2024-02-23,0
E0000126,U00050,Signup,2024-02-23,0
E0000127,U00050,Onboarding,2024-02-24,1
E0000128,U00050,First_Action,2024-02-26,3
E0000129,U00051,Install,2024-01-14,0
E0000130,U00051,Signup,2024-01-14,0
E0000131,U00051,Onboarding,2024-01-15,1
E0000132,U00052,Install,2024-06-12,0
E0000133,U00052,Signup,2024-06-12,0
E0000134,U00053,Install,2024-01-29,0
E0000135,U00053,Signup,2024-01-29,0
E0000136,U00053,Onboarding,2024-01-30,1
E0000137,U00054,Install,2024-05-29,0
E0000138,U00054,Signup,2024-05-29,0
E0000139,U00054,Onboarding,2024-05-30,1
E0000140,U00055,Install,2024-01-11,0
E0000141,U00056,Install,2024-04-14,0
E0000142,U00056,Signup,2024-04-14,0
E0000143,U00056,Onboarding,2024-04-15,1
E0000144,U00057,Install,2024-02-15,0
E0000145,U00057,Signup,2024-02-15,0
E0000146,U00057,Onboarding,2024-02-16,1
E0000147,U00058,Install,2024-06-20,0
E0000148,U00058,Signup,2024-06-20,0
E0000149,U00058,Onboarding,2024-06-21,1
E0000150,U00058,First_Action,2024-06-23,3
E0000151,U00059,Install,2024-01-10,0
E0000152,U00059,Signup,2024-01-10,0
E0000153,U00060,Install,2024-02-28,0
E0000154,U00060,Signup,2024-02-28,0
E0000155,U00060,Onboarding,2024-02-29,1
E0000156,U00060,First_Action,2024-03-02,3
E0000157,U00061,Install,2024-03-12,0
E0000158,U00061,Signup,2024-03-12,0
E0000159,U00061,Onboarding,2024-03-13,1
E0000160,U00062,Install,2024-01-08,0
E0000161,U00062,Signup,2024-01-08,0
E0000162,U00062,Onboarding,2024-01-09,1
E0000163,U00063,Install,2024-01-28,0
E0000164,U00063,Signup,2024-01-28,0
E0000165,U00063,Onboarding,2024-01-29,1
E0000166,U00064,Install,2024-01-30,0
E0000167,U00064,Signup,2024-01-30,0
E0000168,U00065,Install,2024-05-17,0
E0000169,U00065,Signup,2024-05-17,0
E0000170,U00066,Install,2024-06-19,0
E0000171,U00067,Install,2024-05-09,0
E0000172,U00067,Signup,2024-05-09,0
E0000173,U00067,Onboarding,2024-05-10,1
E0000174,U00067,First_Action,2024-05-12,3
E0000175,U00068,Install,2024-04-17,0
E0000176,U00068,Signup,2024-04-17,0
E0000177,U00068,Onboarding,2024-04-18,1
E0000178,U00068,First_Action,2024-04-20,3
E0000179,U00069,Install,2024-04-13,0
E0000180,U00069,Signup,2024-04-13,0
E0000181,U00069,Onboarding,2024-04-14,1
E0000182,U00070,Install,2024-06-16,0
E0000183,U00070,Signup,2024-06-16,0
E0000184,U00070,Onboarding,2024-06-17,1
E0000185,U00070,First_Action,2024-06-19,3
E0000186,U00071,Install,2024-02-13,0
E0000187,U00071,Signup,2024-02-13,0
E0000188,U00071,Onboarding,2024-02-14,1
E0000189,U00072,Install,2024-03-01,0
E0000190,U00072,Signup,2024-03-01,0
E0000191,U00073,Install,2024-05-01,0
E0000192,U00073,Signup,2024-05-01,0
E0000193,U00073,Onboarding,2024-05-02,1
E0000194,U00074,Install,2024-06-27,0
E0000195,U00074,Signup,2024-06-27,0
E0000196,U00074,Onboarding,2024-06-28,1
E0000197,U00074,First_Action,2024-06-30,3
E0000198,U00075,Install,2024-01-28,0
E0000199,U00075,Signup,2024-01-28,0
E0000200,U00075,Onboarding,2024-01-29,1
E0000201,U00076,Install,2024-05-22,0
E0000202,U00076,Signup,2024-05-22,0
E0000203,U00077,Install,2024-05-23,0
E0000204,U00077,Signup,2024-05-23,0
E0000205,U00077,Onboarding,2024-05-24,1
E0000206,U00077,First_Action,2024-05-26,3
E0000207,U00077,Day1_Active,2024-05-27,4
E0000208,U00078,Install,2024-05-09,0
E0000209,U00079,Install,2024-04-25,0
E0000210,U00080,Install,2024-06-09,0
E0000211,U00080,Signup,2024-06-09,0
E0000212,U00081,Install,2024-05-18,0
E0000213,U00082,Install,2024-04-16,0
E0000214,U00083,Install,2024-05-29,0
E0000215,U00083,Signup,2024-05-29,0
E0000216,U00084,Install,2024-03-31,0
E0000217,U00085,Install,2024-05-19,0
E0000218,U00085,Signup,2024-05-19,0
E0000219,U00086,Install,2024-04-09,0
E0000220,U00087,Install,2024-02-02,0
E0000221,U00088,Install,2024-01-22,0
E0000222,U00088,Signup,2024-01-22,0
E0000223,U00088,Onboarding,2024-01-23,1
E0000224,U00088,First_Action,2024-01-25,3
E0000225,U00089,Install,2024-02-24,0
E0000226,U00089,Signup,2024-02-24,0
E0000227,U00090,Install,2024-04-17,0
E0000228,U00090,Signup,2024-04-17,0
E0000229,U00090,Onboarding,2024-04-18,1
E0000230,U00091,Install,2024-03-30,0
E0000231,U00091,Signup,2024-03-30,0
E0000232,U00091,Onboarding,2024-03-31,1
E0000233,U00092,Install,2024-03-04,0
E0000234,U00092,Signup,2024-03-04,0
E0000235,U00093,Install,2024-05-24,0
E0000236,U00093,Signup,2024-05-24,0
E0000237,U00093,Onboarding,2024-05-25,1
E0000238,U00093,First_Action,2024-05-27,3
E0000239,U00094,Install,2024-01-30,0
E0000240,U00094,Signup,2024-01-30,0
E0000241,U00094,Onboarding,2024-01-31,1
E0000242,U00094,First_Action,2024-02-02,3
E0000243,U00095,Install,2024-05-27,0
E0000244,U00095,Signup,2024-05-27,0
E0000245,U00095,Onboarding,2024-05-28,1
E0000246,U00095,First_Action,2024-05-30,3
E0000247,U00096,Install,2024-06-25,0
E0000248,U00096,Signup,2024-06-25,0
E0000249,U00097,Install,2024-01-31,0
E0000250,U00097,Signup,2024-01-31,0
E0000251,U00097,Onboarding,2024-02-01,1
E0000252,U00098,Install,2024-01-18,0
E0000253,U00098,Signup,2024-01-18,0
E0000254,U00099,Install,2024-04-02,0
E0000255,U00099,Signup,2024-04-02,0
E0000256,U00099,Onboarding,2024-04-03,1
E0000257,U00100,Install,2024-06-15,0
E0000258,U00101,Install,2024-05-31,0
E0000259,U00101,Signup,2024-05-31,0
E0000260,U00102,Install,2024-03-03,0
E0000261,U00102,Signup,2024-03-03,0
E0000262,U00102,Onboarding,2024-03-04,1
E0000263,U00103,Install,2024-03-24,0
E0000264,U00103,Signup,2024-03-24,0
E0000265,U00103,Onboarding,2024-03-25,1
E0000266,U00104,Install,2024-06-28,0
E0000267,U00104,Signup,2024-06-28,0
E0000268,U00104,Onboarding,2024-06-29,1
E0000269,U00104,First_Action,2024-07-01,3
E0000270,U00105,Install,2024-04-14,0
E0000271,U00106,Install,2024-01-05,0
E0000272,U00106,Signup,2024-01-05,0
E0000273,U00106,Onboarding,2024-01-06,1
E0000274,U00107,Install,2024-05-01,0
E0000275,U00107,Signup,2024-05-01,0
E0000276,U00107,Onboarding,2024-05-02,1
E0000277,U00107,First_Action,2024-05-04,3
E0000278,U00108,Install,2024-04-26,0
E0000279,U00109,Install,2024-05-17,0
E0000280,U00109,Signup,2024-05-17,0
E0000281,U00110,Install,2024-05-30,0
E0000282,U00111,Install,2024-02-28,0
E0000283,U00111,Signup,2024-02-28,0
E0000284,U00111,Onboarding,2024-02-29,1
E0000285,U00112,Install,2024-01-14,0
E0000286,U00112,Signup,2024-01-14,0
E0000287,U00112,Onboarding,2024-01-15,1
E0000288,U00112,First_Action,2024-01-17,3
E0000289,U00112,Day1_Active,2024-01-18,4
E0000290,U00113,Install,2024-01-04,0
E0000291,U00113,Signup,2024-01-04,0
E0000292,U00114,Install,2024-05-02,0
E0000293,U00114,Signup,2024-05-02,0
E0000294,U00114,Onboarding,2024-05-03,1
E0000295,U00114,First_Action,2024-05-05,3
E0000296,U00115,Install,2024-02-08,0
E0000297,U00116,Install,2024-04-16,0
E0000298,U00116,Signup,2024-04-16,0
E0000299,U00116,Onboarding,2024-04-17,1
E0000300,U00116,First_Action,2024-04-19,3
E0000301,U00116,Day1_Active,2024-04-20,4
E0000302,U00116,Day7_Active,2024-04-26,10
E0000303,U00117,Install,2024-04-23,0
E0000304,U00118,Install,2024-01-26,0
E0000305,U00118,Signup,2024-01-26,0
E0000306,U00119,Install,2024-02-14,0
E0000307,U00120,Install,2024-01-09,0
E0000308,U00120,Signup,2024-01-09,0
E0000309,U00120,Onboarding,2024-01-10,1
E0000310,U00120,First_Action,2024-01-12,3
E0000311,U00120,Day1_Active,2024-01-13,4
E0000312,U00121,Install,2024-03-08,0
E0000313,U00121,Signup,2024-03-08,0
E0000314,U00121,Onboarding,2024-03-09,1
E0000315,U00121,First_Action,2024-03-11,3
E0000316,U00121,Day1_Active,2024-03-12,4
E0000317,U00121,Day7_Active,2024-03-18,10
E0000318,U00122,Install,2024-05-19,0
E0000319,U00122,Signup,2024-05-19,0
E0000320,U00122,Onboarding,2024-05-20,1
E0000321,U00122,First_Action,2024-05-22,3
E0000322,U00122,Day1_Active,2024-05-23,4
E0000323,U00122,Day7_Active,2024-05-29,10
E0000324,U00123,Install,2024-03-19,0
E0000325,U00123,Signup,2024-03-19,0
E0000326,U00123,Onboarding,2024-03-20,1
E0000327,U00123,First_Action,2024-03-22,3
E0000328,U00124,Install,2024-03-18,0
E0000329,U00125,Install,2024-01-11,0
E0000330,U00125,Signup,2024-01-11,0
E0000331,U00126,Install,2024-06-21,0
E0000332,U00126,Signup,2024-06-21,0
E0000333,U00126,Onboarding,2024-06-22,1
E0000334,U00126,First_Action,2024-06-24,3
E0000335,U00127,Install,2024-03-09,0
E0000336,U00128,Install,2024-03-12,0
E0000337,U00128,Signup,2024-03-12,0
E0000338,U00128,Onboarding,2024-03-13,1
E0000339,U00129,Install,2024-03-30,0
E0000340,U00130,Install,2024-05-06,0
E0000341,U00131,Install,2024-03-21,0
E0000342,U00131,Signup,2024-03-21,0
E0000343,U00131,Onboarding,2024-03-22,1
E0000344,U00132,Install,2024-01-01,0
E0000345,U00132,Signup,2024-01-01,0
E0000346,U00132,Onboarding,2024-01-02,1
E0000347,U00133,Install,2024-05-07,0
E0000348,U00133,Signup,2024-05-07,0
E0000349,U00133,Onboarding,2024-05-08,1
E0000350,U00133,First_Action,2024-05-10,3
E0000351,U00133,Day1_Active,2024-05-11,4
E0000352,U00134,Install,2024-04-22,0
E0000353,U00135,Install,2024-06-30,0
E0000354,U00135,Signup,2024-06-30,0
E0000355,U00135,Onboarding,2024-07-01,1
E0000356,U00136,Install,2024-01-30,0
E0000357,U00137,Install,2024-05-10,0
E0000358,U00137,Signup,2024-05-10,0
E0000359,U00137,Onboarding,2024-05-11,1
E0000360,U00137,First_Action,2024-05-13,3
E0000361,U00137,Day1_Active,2024-05-14,4
E0000362,U00137,Day7_Active,2024-05-20,10
E0000363,U00138,Install,2024-02-07,0
E0000364,U00139,Install,2024-03-11,0
E0000365,U00139,Signup,2024-03-11,0
E0000366,U00140,Install,2024-01-01,0
E0000367,U00140,Signup,2024-01-01,0
E0000368,U00140,Onboarding,2024-01-02,1
E0000369,U00141,Install,2024-02-08,0
E0000370,U00141,Signup,2024-02-08,0
E0000371,U00141,Onboarding,2024-02-09,1
E0000372,U00141,First_Action,2024-02-11,3
E0000373,U00142,Install,2024-03-23,0
E0000374,U00142,Signup,2024-03-23,0
E0000375,U00143,Install,2024-04-15,0
E0000376,U00144,Install,2024-06-18,0
E0000377,U00144,Signup,2024-06-18,0
E0000378,U00145,Install,2024-05-31,0
E0000379,U00145,Signup,2024-05-31,0
E0000380,U00146,Install,2024-01-04,0
E0000381,U00146,Signup,2024-01-04,0
E0000382,U00146,Onboarding,2024-01-05,1
E0000383,U00146,First_Action,2024-01-07,3
E0000384,U00147,Install,2024-03-08,0
E0000385,U00147,Signup,2024-03-08,0
E0000386,U00148,Install,2024-05-16,0
E0000387,U00148,Signup,2024-05-16,0
E0000388,U00148,Onboarding,2024-05-17,1
E0000389,U00149,Install,2024-01-10,0
E0000390,U00149,Signup,2024-01-10,0
E0000391,U00149,Onboarding,2024-01-11,1
E0000392,U00150,Install,2024-01-24,0
E0000393,U00150,Signup,2024-01-24,0
E0000394,U00151,Install,2024-06-26,0
E0000395,U00151,Signup,2024-06-26,0
E0000396,U00151,Onboarding,2024-06-27,1
E0000397,U00152,Install,2024-04-20,0
E0000398,U00152,Signup,2024-04-20,0
E0000399,U00152,Onboarding,2024-04-21,1
E0000400,U00152,First_Action,2024-04-23,3
E0000401,U00153,Install,2024-01-21,0
E0000402,U00153,Signup,2024-01-21,0
E0000403,U00154,Install,2024-02-29,0
E0000404,U00154,Signup,2024-02-29,0
E0000405,U00154,Onboarding,2024-03-01,1
E0000406,U00155,Install,2024-03-14,0
E0000407,U00155,Signup,2024-03-14,0
E0000408,U00155,Onboarding,2024-03-15,1
E0000409,U00156,Install,2024-06-12,0
E0000410,U00156,Signup,2024-06-12,0
E0000411,U00157,Install,2024-05-03,0
E0000412,U00157,Signup,2024-05-03,0
E0000413,U00158,Install,2024-01-06,0
E0000414,U00159,Install,2024-01-13,0
E0000415,U00160,Install,2024-02-28,0
E0000416,U00160,Signup,2024-02-28,0
E0000417,U00160,Onboarding,2024-02-29,1
E0000418,U00160,First_Action,2024-03-02,3
E0000419,U00161,Install,2024-06-17,0
E0000420,U00161,Signup,2024-06-17,0
E0000421,U00161,Onboarding,2024-06-18,1
E0000422,U00161,First_Action,2024-06-20,3
E0000423,U00161,Day1_Active,2024-06-21,4
E0000424,U00162,Install,2024-04-22,0
E0000425,U00162,Signup,2024-04-22,0
E0000426,U00163,Install,2024-04-16,0
E0000427,U00164,Install,2024-03-10,0
E0000428,U00165,Install,2024-03-27,0
E0000429,U00165,Signup,2024-03-27,0
E0000430,U00165,Onboarding,2024-03-28,1
E0000431,U00166,Install,2024-06-22,0
E0000432,U00166,Signup,2024-06-22,0
E0000433,U00167,Install,2024-04-11,0
E0000434,U00167,Signup,2024-04-11,0
E0000435,U00167,Onboarding,2024-04-12,1
E0000436,U00167,First_Action,2024-04-14,3
E0000437,U00167,Day1_Active,2024-04-15,4
E0000438,U00168,Install,2024-05-29,0
E0000439,U00168,Signup,2024-05-29,0
E0000440,U00168,Onboarding,2024-05-30,1
E0000441,U00168,First_Action,2024-06-01,3
E0000442,U00169,Install,2024-06-07,0
E0000443,U00170,Install,2024-04-28,0
E0000444,U00170,Signup,2024-04-28,0
E0000445,U00170,Onboarding,2024-04-29,1
E0000446,U00171,Install,2024-03-18,0
E0000447,U00171,Signup,2024-03-18,0
E0000448,U00171,Onboarding,2024-03-19,1
E0000449,U00171,First_Action,2024-03-21,3
E0000450,U00171,Day1_Active,2024-03-22,4
E0000451,U00172,Install,2024-04-04,0
E0000452,U00172,Signup,2024-04-04,0
E0000453,U00172,Onboarding,2024-04-05,1
E0000454,U00172,First_Action,2024-04-07,3
E0000455,U00172,Day1_Active,2024-04-08,4
E0000456,U00173,Install,2024-02-09,0
E0000457,U00174,Install,2024-03-12,0
E0000458,U00174,Signup,2024-03-12,0
E0000459,U00175,Install,2024-01-26,0
E0000460,U00175,Signup,2024-01-26,0
E0000461,U00175,Onboarding,2024-01-27,1
E0000462,U00175,First_Action,2024-01-29,3
E0000463,U00176,Install,2024-03-11,0
E0000464,U00176,Signup,2024-03-11,0
E0000465,U00176,Onboarding,2024-03-12,1
E0000466,U00176,First_Action,2024-03-14,3
E0000467,U00177,Install,2024-06-13,0
E0000468,U00177,Signup,2024-06-13,0
E0000469,U00177,Onboarding,2024-06-14,1
E0000470,U00178,Install,2024-05-24,0
E0000471,U00178,Signup,2024-05-24,0
E0000472,U00178,Onboarding,2024-05-25,1
E0000473,U00178,First_Action,2024-05-27,3
E0000474,U00178,Day1_Active,2024-05-28,4
E0000475,U00178,Day7_Active,2024-06-03,10
E0000476,U00179,Install,2024-02-29,0
E0000477,U00180,Install,2024-02-07,0
E0000478,U00180,Signup,2024-02-07,0
E0000479,U00181,Install,2024-02-03,0
E0000480,U00182,Install,2024-01-14,0
E0000481,U00183,Install,2024-04-02,0
E0000482,U00184,Install,2024-06-17,0
E0000483,U00185,Install,2024-04-12,0
E0000484,U00186,Install,2024-03-23,0
E0000485,U00186,Signup,2024-03-23,0
E0000486,U00186,Onboarding,2024-03-24,1
E0000487,U00187,Install,2024-03-24,0
E0000488,U00187,Signup,2024-03-24,0
E0000489,U00188,Install,2024-06-28,0
E0000490,U00189,Install,2024-04-20,0
E0000491,U00189,Signup,2024-04-20,0
E0000492,U00189,Onboarding,2024-04-21,1
E0000493,U00189,First_Action,2024-04-23,3
E0000494,U00190,Install,2024-01-25,0
E0000495,U00191,Install,2024-05-01,0
E0000496,U00191,Signup,2024-05-01,0
E0000497,U00191,Onboarding,2024-05-02,1
E0000498,U00191,First_Action,2024-05-04,3
E0000499,U00191,Day1_Active,2024-05-05,4
E0000500,U00191,Day7_Active,2024-05-11,10
E0000501,U00192,Install,2024-02-03,0
E0000502,U00192,Signup,2024-02-03,0
E0000503,U00192,Onboarding,2024-02-04,1
E0000504,U00192,First_Action,2024-02-06,3
E0000505,U00193,Install,2024-03-31,0
E0000506,U00194,Install,2024-03-14,0
E0000507,U00194,Signup,2024-03-14,0
E0000508,U00195,Install,2024-02-27,0
E0000509,U00196,Install,2024-02-27,0
E0000510,U00196,Signup,2024-02-27,0
E0000511,U00196,Onboarding,2024-02-28,1
E0000512,U00197,Install,2024-06-13,0
E0000513,U00197,Signup,2024-06-13,0
E0000514,U00197,Onboarding,2024-06-14,1
E0000515,U00197,First_Action,2024-06-16,3
E0000516,U00198,Install,2024-03-10,0
E0000517,U00198,Signup,2024-03-10,0
E0000518,U00198,Onboarding,2024-03-11,1
E0000519,U00198,First_Action,2024-03-13,3
E0000520,U00198,Day1_Active,2024-03-14,4
E0000521,U00198,Day7_Active,2024-03-20,10
E0000522,U00199,Install,2024-05-24,0
E0000523,U00199,Signup,2024-05-24,0
E0000524,U00199,Onboarding,2024-05-25,1
E0000525,U00200,Install,2024-05-15,0
E0000526,U00200,Signup,2024-05-15,0
E0000527,U00200,Onboarding,2024-05-16,1
E0000528,U00200,First_Action,2024-05-18,3
E0000529,U00200,Day1_Active,2024-05-19,4
E0000530,U00201,Install,2024-05-25,0
E0000531,U00201,Signup,2024-05-25,0
E0000532,U00202,Install,2024-01-21,0
E0000533,U00203,Install,2024-05-11,0
E0000534,U00203,Signup,2024-05-11,0
E0000535,U00204,Install,2024-06-19,0
E0000536,U00204,Signup,2024-06-19,0
E0000537,U00205,Install,2024-02-24,0
E0000538,U00205,Signup,2024-02-24,0
E0000539,U00205,Onboarding,2024-02-25,1
E0000540,U00206,Install,2024-04-20,0
E0000541,U00206,Signup,2024-04-20,0
E0000542,U00207,Install,2024-03-31,0
E0000543,U00207,Signup,2024-03-31,0
E0000544,U00208,Install,2024-03-21,0
E0000545,U00208,Signup,2024-03-21,0
E0000546,U00209,Install,2024-01-06,0
E0000547,U00209,Signup,2024-01-06,0
E0000548,U00209,Onboarding,2024-01-07,1
E0000549,U00209,First_Action,2024-01-09,3
E0000550,U00210,Install,2024-04-02,0
E0000551,U00210,Signup,2024-04-02,0
E0000552,U00210,Onboarding,2024-04-03,1
E0000553,U00210,First_Action,2024-04-05,3
E0000554,U00211,Install,2024-04-11,0
E0000555,U00211,Signup,2024-04-11,0
E0000556,U00211,Onboarding,2024-04-12,1
E0000557,U00212,Install,2024-06-11,0
E0000558,U00212,Signup,2024-06-11,0
E0000559,U00213,Install,2024-06-14,0
E0000560,U00213,Signup,2024-06-14,0
E0000561,U00214,Install,2024-06-16,0
E0000562,U00214,Signup,2024-06-16,0
E0000563,U00214,Onboarding,2024-06-17,1
E0000564,U00215,Install,2024-05-28,0
E0000565,U00216,Install,2024-06-09,0
E0000566,U00216,Signup,2024-06-09,0
E0000567,U00217,Install,2024-05-31,0
E0000568,U00217,Signup,2024-05-31,0
E0000569,U00217,Onboarding,2024-06-01,1
E0000570,U00217,First_Action,2024-06-03,3
E0000571,U00218,Install,2024-03-14,0
E0000572,U00219,Install,2024-04-28,0
E0000573,U00219,Signup,2024-04-28,0
E0000574,U00219,Onboarding,2024-04-29,1
E0000575,U00220,Install,2024-05-26,0
E0000576,U00220,Signup,2024-05-26,0
E0000577,U00221,Install,2024-01-27,0
E0000578,U00222,Install,2024-01-11,0
E0000579,U00222,Signup,2024-01-11,0
E0000580,U00223,Install,2024-04-05,0
E0000581,U00223,Signup,2024-04-05,0
E0000582,U00223,Onboarding,2024-04-06,1
E0000583,U00224,Install,2024-06-10,0
E0000584,U00224,Signup,2024-06-10,0
E0000585,U00224,Onboarding,2024-06-11,1
E0000586,U00224,First_Action,2024-06-13,3
E0000587,U00225,Install,2024-06-17,0
E0000588,U00226,Install,2024-03-30,0
E0000589,U00226,Signup,2024-03-30,0
E0000590,U00226,Onboarding,2024-03-31,1
E0000591,U00226,First_Action,2024-04-02,3
E0000592,U00227,Install,2024-01-22,0
E0000593,U00228,Install,2024-06-24,0
E0000594,U00228,Signup,2024-06-24,0
E0000595,U00229,Install,2024-03-20,0
E0000596,U00229,Signup,2024-03-20,0
E0000597,U00229,Onboarding,2024-03-21,1
E0000598,U00229,First_Action,2024-03-23,3
E0000599,U00229,Day1_Active,2024-03-24,4
E0000600,U00230,Install,2024-02-05,0
E0000601,U00230,Signup,2024-02-05,0
E0000602,U00230,Onboarding,2024-02-06,1
E0000603,U00231,Install,2024-05-14,0
E0000604,U00231,Signup,2024-05-14,0
E0000605,U00231,Onboarding,2024-05-15,1
E0000606,U00232,Install,2024-02-11,0
E0000607,U00232,Signup,2024-02-11,0
E0000608,U00232,Onboarding,2024-02-12,1
E0000609,U00233,Install,2024-01-12,0
E0000610,U00233,Signup,2024-01-12,0
E0000611,U00233,Onboarding,2024-01-13,1
E0000612,U00234,Install,2024-04-24,0
E0000613,U00234,Signup,2024-04-24,0
E0000614,U00234,Onboarding,2024-04-25,1
E0000615,U00234,First_Action,2024-04-27,3
E0000616,U00234,Day1_Active,2024-04-28,4
E0000617,U00235,Install,2024-02-19,0
E0000618,U00235,Signup,2024-02-19,0
E0000619,U00236,Install,2024-04-07,0
E0000620,U00237,Install,2024-03-05,0
E0000621,U00237,Signup,2024-03-05,0
E0000622,U00237,Onboarding,2024-03-06,1
E0000623,U00238,Install,2024-05-12,0
E0000624,U00238,Signup,2024-05-12,0
E0000625,U00238,Onboarding,2024-05-13,1
E0000626,U00239,Install,2024-02-07,0
E0000627,U00240,Install,2024-01-07,0
E0000628,U00240,Signup,2024-01-07,0
E0000629,U00240,Onboarding,2024-01-08,1
E0000630,U00241,Install,2024-02-27,0
E0000631,U00241,Signup,2024-02-27,0
E0000632,U00241,Onboarding,2024-02-28,1
E0000633,U00242,Install,2024-02-05,0
E0000634,U00242,Signup,2024-02-05,0
E0000635,U00243,Install,2024-04-30,0
E0000636,U00244,Install,2024-05-20,0
E0000637,U00244,Signup,2024-05-20,0
E0000638,U00245,Install,2024-02-01,0
E0000639,U00245,Signup,2024-02-01,0
E0000640,U00245,Onboarding,2024-02-02,1
E0000641,U00245,First_Action,2024-02-04,3
E0000642,U00246,Install,2024-05-07,0
E0000643,U00246,Signup,2024-05-07,0
E0000644,U00246,Onboarding,2024-05-08,1
E0000645,U00246,First_Action,2024-05-10,3
E0000646,U00246,Day1_Active,2024-05-11,4
E0000647,U00247,Install,2024-04-19,0
E0000648,U00247,Signup,2024-04-19,0
E0000649,U00248,Install,2024-05-14,0
E0000650,U00248,Signup,2024-05-14,0
E0000651,U00248,Onboarding,2024-05-15,1
E0000652,U00249,Install,2024-05-21,0
E0000653,U00249,Signup,2024-05-21,0
E0000654,U00249,Onboarding,2024-05-22,1
E0000655,U00249,First_Action,2024-05-24,3
E0000656,U00249,Day1_Active,2024-05-25,4
E0000657,U00250,Install,2024-01-05,0
E0000658,U00251,Install,2024-05-28,0
E0000659,U00251,Signup,2024-05-28,0
E0000660,U00252,Install,2024-02-14,0
E0000661,U00252,Signup,2024-02-14,0
E0000662,U00252,Onboarding,2024-02-15,1
E0000663,U00253,Install,2024-02-04,0
E0000664,U00253,Signup,2024-02-04,0
E0000665,U00253,Onboarding,2024-02-05,1
E0000666,U00254,Install,2024-02-21,0
E0000667,U00255,Install,2024-05-01,0
E0000668,U00256,Install,2024-06-16,0
E0000669,U00256,Signup,2024-06-16,0
E0000670,U00256,Onboarding,2024-06-17,1
E0000671,U00256,First_Action,2024-06-19,3
E0000672,U00256,Day1_Active,2024-06-20,4
E0000673,U00257,Install,2024-04-08,0
E0000674,U00257,Signup,2024-04-08,0
E0000675,U00257,Onboarding,2024-04-09,1
E0000676,U00257,First_Action,2024-04-11,3
E0000677,U00257,Day1_Active,2024-04-12,4
E0000678,U00258,Install,2024-03-09,0
E0000679,U00258,Signup,2024-03-09,0
E0000680,U00259,Install,2024-05-19,0
E0000681,U00259,Signup,2024-05-19,0
E0000682,U00260,Install,2024-04-19,0
E0000683,U00260,Signup,2024-04-19,0
E0000684,U00260,Onboarding,2024-04-20,1
E0000685,U00260,First_Action,2024-04-22,3
E0000686,U00261,Install,2024-06-06,0
E0000687,U00262,Install,2024-06-12,0
E0000688,U00262,Signup,2024-06-12,0
E0000689,U00263,Install,2024-06-04,0
E0000690,U00263,Signup,2024-06-04,0
E0000691,U00263,Onboarding,2024-06-05,1
E0000692,U00263,First_Action,2024-06-07,3
E0000693,U00264,Install,2024-04-02,0
E0000694,U00264,Signup,2024-04-02,0
E0000695,U00264,Onboarding,2024-04-03,1
E0000696,U00265,Install,2024-04-05,0
E0000697,U00266,Install,2024-03-12,0
E0000698,U00266,Signup,2024-03-12,0
E0000699,U00267,Install,2024-05-23,0
E0000700,U00267,Signup,2024-05-23,0
E0000701,U00267,Onboarding,2024-05-24,1
E0000702,U00268,Install,2024-06-26,0
E0000703,U00269,Install,2024-04-23,0
E0000704,U00269,Signup,2024-04-23,0
E0000705,U00270,Install,2024-06-30,0
E0000706,U00270,Signup,2024-06-30,0
E0000707,U00271,Install,2024-06-28,0
E0000708,U00271,Signup,2024-06-28,0
E0000709,U00272,Install,2024-02-05,0
E0000710,U00272,Signup,2024-02-05,0
E0000711,U00273,Install,2024-05-21,0
E0000712,U00274,Install,2024-05-02,0
E0000713,U00275,Install,2024-06-13,0
E0000714,U00275,Signup,2024-06-13,0
E0000715,U00275,Onboarding,2024-06-14,1
E0000716,U00275,First_Action,2024-06-16,3
E0000717,U00276,Install,2024-05-21,0
E0000718,U00276,Signup,2024-05-21,0
E0000719,U00276,Onboarding,2024-05-22,1
E0000720,U00276,First_Action,2024-05-24,3
E0000721,U00276,Day1_Active,2024-05-25,4
E0000722,U00277,Install,2024-01-15,0
E0000723,U00277,Signup,2024-01-15,0
E0000724,U00277,Onboarding,2024-01-16,1
E0000725,U00278,Install,2024-02-27,0
E0000726,U00278,Signup,2024-02-27,0
E0000727,U00278,Onboarding,2024-02-28,1
E0000728,U00278,First_Action,2024-03-01,3
E0000729,U00279,Install,2024-06-11,0
E0000730,U00280,Install,2024-06-13,0
E0000731,U00280,Signup,2024-06-13,0
E0000732,U00280,Onboarding,2024-06-14,1
E0000733,U00281,Install,2024-06-03,0
E0000734,U00281,Signup,2024-06-03,0
E0000735,U00282,Install,2024-06-13,0
E0000736,U00283,Install,2024-01-08,0
E0000737,U00284,Install,2024-06-24,0
E0000738,U00285,Install,2024-04-28,0
E0000739,U00286,Install,2024-03-29,0
E0000740,U00287,Install,2024-04-29,0
E0000741,U00287,Signup,2024-04-29,0
E0000742,U00287,Onboarding,2024-04-30,1
E0000743,U00288,Install,2024-06-06,0
E0000744,U00288,Signup,2024-06-06,0
E0000745,U00289,Install,2024-03-21,0
E0000746,U00289,Signup,2024-03-21,0
E0000747,U00289,Onboarding,2024-03-22,1
E0000748,U00289,First_Action,2024-03-24,3
E0000749,U00290,Install,2024-05-07,0
E0000750,U00290,Signup,2024-05-07,0
E0000751,U00290,Onboarding,2024-05-08,1
E0000752,U00291,Install,2024-03-31,0
E0000753,U00291,Signup,2024-03-31,0
E0000754,U00292,Install,2024-03-14,0
E0000755,U00292,Signup,2024-03-14,0
E0000756,U00292,Onboarding,2024-03-15,1
E0000757,U00293,Install,2024-04-13,0
E0000758,U00293,Signup,2024-04-13,0
E0000759,U00293,Onboarding,2024-04-14,1
E0000760,U00294,Install,2024-01-19,0
E0000761,U00294,Signup,2024-01-19,0
E0000762,U00294,Onboarding,2024-01-20,1
E0000763,U00295,Install,2024-06-05,0
E0000764,U00295,Signup,2024-06-05,0
E0000765,U00296,Install,2024-04-03,0
E0000766,U00296,Signup,2024-04-03,0
E0000767,U00296,Onboarding,2024-04-04,1
E0000768,U00297,Install,2024-02-05,0
E0000769,U00297,Signup,2024-02-05,0
E0000770,U00297,Onboarding,2024-02-06,1
E0000771,U00298,Install,2024-02-05,0
E0000772,U00298,Signup,2024-02-05,0
E0000773,U00299,Install,2024-03-17,0
E0000774,U00299,Signup,2024-03-17,0
E0000775,U00300,Install,2024-05-01,0
E0000776,U00300,Signup,2024-05-01,0
E0000777,U00301,Install,2024-06-25,0
E0000778,U00301,Signup,2024-06-25,0
E0000779,U00302,Install,2024-05-28,0
E0000780,U00303,Install,2024-06-07,0
E0000781,U00303,Signup,2024-06-07,0
E0000782,U00303,Onboarding,2024-06-08,1
E0000783,U00304,Install,2024-06-28,0
E0000784,U00305,Install,2024-04-15,0
E0000785,U00306,Install,2024-06-29,0
E0000786,U00306,Signup,2024-06-29,0
E0000787,U00306,Onboarding,2024-06-30,1
E0000788,U00307,Install,2024-03-21,0
E0000789,U00307,Signup,2024-03-21,0
E0000790,U00308,Install,2024-06-23,0
E0000791,U00308,Signup,2024-06-23,0
E0000792,U00308,Onboarding,2024-06-24,1
E0000793,U00308,First_Action,2024-06-26,3
E0000794,U00309,Install,2024-05-22,0
E0000795,U00310,Install,2024-06-25,0
E0000796,U00310,Signup,2024-06-25,0
E0000797,U00310,Onboarding,2024-06-26,1
E0000798,U00311,Install,2024-03-11,0
E0000799,U00311,Signup,2024-03-11,0
E0000800,U00312,Install,2024-03-29,0
E0000801,U00312,Signup,2024-03-29,0
E0000802,U00312,Onboarding,2024-03-30,1
E0000803,U00313,Install,2024-03-29,0
E0000804,U00313,Signup,2024-03-29,0
E0000805,U00314,Install,2024-03-10,0
E0000806,U00314,Signup,2024-03-10,0
E0000807,U00315,Install,2024-03-03,0
E0000808,U00316,Install,2024-03-25,0
E0000809,U00316,Signup,2024-03-25,0
E0000810,U00316,Onboarding,2024-03-26,1
E0000811,U00316,First_Action,2024-03-28,3
E0000812,U00316,Day1_Active,2024-03-29,4
E0000813,U00317,Install,2024-02-10,0
E0000814,U00317,Signup,2024-02-10,0
E0000815,U00317,Onboarding,2024-02-11,1
E0000816,U00317,First_Action,2024-02-13,3
E0000817,U00318,Install,2024-03-14,0
E0000818,U00319,Install,2024-05-16,0
E0000819,U00319,Signup,2024-05-16,0
E0000820,U00320,Install,2024-02-15,0
E0000821,U00320,Signup,2024-02-15,0
E0000822,U00321,Install,2024-03-15,0
E0000823,U00322,Install,2024-03-13,0
E0000824,U00323,Install,2024-05-09,0
E0000825,U00323,Signup,2024-05-09,0
E0000826,U00323,Onboarding,2024-05-10,1
E0000827,U00323,First_Action,2024-05-12,3
E0000828,U00324,Install,2024-03-06,0
E0000829,U00324,Signup,2024-03-06,0
E0000830,U00324,Onboarding,2024-03-07,1
E0000831,U00325,Install,2024-02-19,0
E0000832,U00325,Signup,2024-02-19,0
E0000833,U00326,Install,2024-01-23,0
E0000834,U00326,Signup,2024-01-23,0
E0000835,U00327,Install,2024-01-02,0
E0000836,U00328,Install,2024-05-26,0
E0000837,U00328,Signup,2024-05-26,0
E0000838,U00328,Onboarding,2024-05-27,1
E0000839,U00329,Install,2024-03-19,0
E0000840,U00330,Install,2024-06-25,0
E0000841,U00330,Signup,2024-06-25,0
E0000842,U00330,Onboarding,2024-06-26,1
E0000843,U00331,Install,2024-02-04,0
E0000844,U00331,Signup,2024-02-04,0
E0000845,U00331,Onboarding,2024-02-05,1
E0000846,U00331,First_Action,2024-02-07,3
E0000847,U00331,Day1_Active,2024-02-08,4
E0000848,U00332,Install,2024-04-30,0
E0000849,U00332,Signup,2024-04-30,0
E0000850,U00333,Install,2024-06-01,0
E0000851,U00333,Signup,2024-06-01,0
E0000852,U00334,Install,2024-05-24,0
E0000853,U00335,Install,2024-02-12,0
E0000854,U00335,Signup,2024-02-12,0
E0000855,U00335,Onboarding,2024-02-13,1
E0000856,U00335,First_Action,2024-02-15,3
E0000857,U00336,Install,2024-01-24,0
E0000858,U00336,Signup,2024-01-24,0
E0000859,U00337,Install,2024-05-24,0
E0000860,U00337,Signup,2024-05-24,0
E0000861,U00337,Onboarding,2024-05-25,1
E0000862,U00337,First_Action,2024-05-27,3
E0000863,U00337,Day1_Active,2024-05-28,4
E0000864,U00338,Install,2024-01-01,0
E0000865,U00338,Signup,2024-01-01,0
E0000866,U00338,Onboarding,2024-01-02,1
E0000867,U00338,First_Action,2024-01-04,3
E0000868,U00338,Day1_Active,2024-01-05,4
E0000869,U00338,Day7_Active,2024-01-11,10
E0000870,U00339,Install,2024-01-16,0
E0000871,U00340,Install,2024-02-04,0
E0000872,U00340,Signup,2024-02-04,0
E0000873,U00340,Onboarding,2024-02-05,1
E0000874,U00340,First_Action,2024-02-07,3
E0000875,U00341,Install,2024-04-07,0
E0000876,U00342,Install,2024-05-18,0
E0000877,U00342,Signup,2024-05-18,0
E0000878,U00342,Onboarding,2024-05-19,1
E0000879,U00342,First_Action,2024-05-21,3
E0000880,U00342,Day1_Active,2024-05-22,4
E0000881,U00342,Day7_Active,2024-05-28,10
E0000882,U00343,Install,2024-02-02,0
E0000883,U00344,Install,2024-06-21,0
E0000884,U00344,Signup,2024-06-21,0
E0000885,U00345,Install,2024-02-09,0
E0000886,U00345,Signup,2024-02-09,0
E0000887,U00345,Onboarding,2024-02-10,1
E0000888,U00346,Install,2024-04-17,0
E0000889,U00346,Signup,2024-04-17,0
E0000890,U00347,Install,2024-06-01,0
E0000891,U00347,Signup,2024-06-01,0
E0000892,U00347,Onboarding,2024-06-02,1
E0000893,U00348,Install,2024-04-12,0
E0000894,U00349,Install,2024-03-15,0
E0000895,U00349,Signup,2024-03-15,0
E0000896,U00349,Onboarding,2024-03-16,1
E0000897,U00350,Install,2024-03-23,0
E0000898,U00350,Signup,2024-03-23,0
E0000899,U00351,Install,2024-03-11,0
E0000900,U00351,Signup,2024-03-11,0
E0000901,U00352,Install,2024-04-19,0
E0000902,U00352,Signup,2024-04-19,0
E0000903,U00353,Install,2024-05-14,0
E0000904,U00353,Signup,2024-05-14,0
E0000905,U00353,Onboarding,2024-05-15,1
E0000906,U00353,First_Action,2024-05-17,3
E0000907,U00354,Install,2024-05-01,0
E0000908,U00354,Signup,2024-05-01,0
E0000909,U00354,Onboarding,2024-05-02,1
E0000910,U00354,First_Action,2024-05-04,3
E0000911,U00355,Install,2024-01-15,0
E0000912,U00355,Signup,2024-01-15,0
E0000913,U00355,Onboarding,2024-01-16,1
E0000914,U00356,Install,2024-02-22,0
E0000915,U00356,Signup,2024-02-22,0
E0000916,U00357,Install,2024-02-18,0
E0000917,U00357,Signup,2024-02-18,0
E0000918,U00358,Install,2024-05-30,0
E0000919,U00358,Signup,2024-05-30,0
E0000920,U00359,Install,2024-01-04,0
E0000921,U00359,Signup,2024-01-04,0
E0000922,U00360,Install,2024-03-03,0
E0000923,U00360,Signup,2024-03-03,0
E0000924,U00361,Install,2024-03-13,0
E0000925,U00361,Signup,2024-03-13,0
E0000926,U00362,Install,2024-05-07,0
E0000927,U00362,Signup,2024-05-07,0
E0000928,U00362,Onboarding,2024-05-08,1
E0000929,U00362,First_Action,2024-05-10,3
E0000930,U00363,Install,2024-02-22,0
E0000931,U00363,Signup,2024-02-22,0
E0000932,U00364,Install,2024-03-07,0
E0000933,U00364,Signup,2024-03-07,0
E0000934,U00364,Onboarding,2024-03-08,1
E0000935,U00365,Install,2024-02-28,0
E0000936,U00366,Install,2024-03-06,0
E0000937,U00366,Signup,2024-03-06,0
E0000938,U00366,Onboarding,2024-03-07,1
E0000939,U00367,Install,2024-03-31,0
E0000940,U00368,Install,2024-06-13,0
E0000941,U00368,Signup,2024-06-13,0
E0000942,U00369,Install,2024-01-13,0
E0000943,U00369,Signup,2024-01-13,0
E0000944,U00370,Install,2024-01-03,0
E0000945,U00370,Signup,2024-01-03,0
E0000946,U00370,Onboarding,2024-01-04,1
E0000947,U00371,Install,2024-05-03,0
E0000948,U00371,Signup,2024-05-03,0
E0000949,U00371,Onboarding,2024-05-04,1
E0000950,U00372,Install,2024-03-11,0
E0000951,U00372,Signup,2024-03-11,0
E0000952,U00372,Onboarding,2024-03-12,1
E0000953,U00373,Install,2024-02-15,0
E0000954,U00373,Signup,2024-02-15,0
E0000955,U00373,Onboarding,2024-02-16,1
E0000956,U00373,First_Action,2024-02-18,3
E0000957,U00374,Install,2024-03-31,0
E0000958,U00374,Signup,2024-03-31,0
E0000959,U00375,Install,2024-06-27,0
E0000960,U00375,Signup,2024-06-27,0
E0000961,U00375,Onboarding,2024-06-28,1
E0000962,U00375,First_Action,2024-06-30,3
E0000963,U00376,Install,2024-01-09,0
E0000964,U00376,Signup,2024-01-09,0
E0000965,U00377,Install,2024-02-13,0
E0000966,U00377,Signup,2024-02-13,0
E0000967,U00378,Install,2024-01-25,0
E0000968,U00378,Signup,2024-01-25,0
E0000969,U00378,Onboarding,2024-01-26,1
E0000970,U00379,Install,2024-05-25,0
E0000971,U00380,Install,2024-05-24,0
E0000972,U00380,Signup,2024-05-24,0
E0000973,U00380,Onboarding,2024-05-25,1
E0000974,U00380,First_Action,2024-05-27,3
E0000975,U00381,Install,2024-02-06,0
E0000976,U00382,Install,2024-03-02,0
E0000977,U00382,Signup,2024-03-02,0
E0000978,U00382,Onboarding,2024-03-03,1
E0000979,U00382,First_Action,2024-03-05,3
E0000980,U00383,Install,2024-02-05,0
E0000981,U00383,Signup,2024-02-05,0
E0000982,U00383,Onboarding,2024-02-06,1
E0000983,U00384,Install,2024-01-26,0
E0000984,U00385,Install,2024-04-11,0
E0000985,U00385,Signup,2024-04-11,0
E0000986,U00386,Install,2024-02-28,0
E0000987,U00386,Signup,2024-02-28,0
E0000988,U00386,Onboarding,2024-02-29,1
E0000989,U00386,First_Action,2024-03-02,3
E0000990,U00387,Install,2024-01-22,0
E0000991,U00387,Signup,2024-01-22,0
E0000992,U00387,Onboarding,2024-01-23,1
E0000993,U00388,Install,2024-04-07,0
E0000994,U00388,Signup,2024-04-07,0
E0000995,U00388,Onboarding,2024-04-08,1
E0000996,U00389,Install,2024-01-02,0
E0000997,U00389,Signup,2024-01-02,0
E0000998,U00389,Onboarding,2024-01-03,1
E0000999,U00390,Install,2024-04-20,0
E0001000,U00390,Signup,2024-04-20,0
E0001001,U00390,Onboarding,2024-04-21,1
E0001002,U00391,Install,2024-01-24,0
E0001003,U00391,Signup,2024-01-24,0
E0001004,U00391,Onboarding,2024-01-25,1
E0001005,U00391,First_Action,2024-01-27,3
E0001006,U00392,Install,2024-01-22,0
E0001007,U00392,Signup,2024-01-22,0
E0001008,U00392,Onboarding,2024-01-23,1
E0001009,U00393,Install,2024-06-24,0
E0001010,U00394,Install,2024-04-21,0
E0001011,U00394,Signup,2024-04-21,0
E0001012,U00394,Onboarding,2024-04-22,1
E0001013,U00394,First_Action,2024-04-24,3
E0001014,U00394,Day1_Active,2024-04-25,4
E0001015,U00395,Install,2024-06-09,0
E0001016,U00395,Signup,2024-06-09,0
E0001017,U00396,Install,2024-04-11,0
E0001018,U00396,Signup,2024-04-11,0
E0001019,U00397,Install,2024-06-15,0
E0001020,U00397,Signup,2024-06-15,0
E0001021,U00398,Install,2024-03-21,0
E0001022,U00398,Signup,2024-03-21,0
E0001023,U00398,Onboarding,2024-03-22,1
E0001024,U00399,Install,2024-05-27,0
E0001025,U00399,Signup,2024-05-27,0
E0001026,U00399,Onboarding,2024-05-28,1
E0001027,U00399,First_Action,2024-05-30,3
E0001028,U00399,Day1_Active,2024-05-31,4
E0001029,U00400,Install,2024-05-24,0
E0001030,U00400,Signup,2024-05-24,0
E0001031,U00400,Onboarding,2024-05-25,1
E0001032,U00401,Install,2024-04-28,0
E0001033,U00401,Signup,2024-04-28,0
E0001034,U00402,Install,2024-04-14,0
E0001035,U00402,Signup,2024-04-14,0
E0001036,U00403,Install,2024-04-18,0
E0001037,U00403,Signup,2024-04-18,0
E0001038,U00403,Onboarding,2024-04-19,1
E0001039,U00404,Install,2024-05-09,0
E0001040,U00405,Install,2024-06-28,0
E0001041,U00405,Signup,2024-06-28,0
E0001042,U00405,Onboarding,2024-06-29,1
E0001043,U00406,Install,2024-06-17,0
E0001044,U00406,Signup,2024-06-17,0
E0001045,U00406,Onboarding,2024-06-18,1
E0001046,U00406,First_Action,2024-06-20,3
E0001047,U00407,Install,2024-06-14,0
E0001048,U00408,Install,2024-03-07,0
E0001049,U00408,Signup,2024-03-07,0
E0001050,U00408,Onboarding,2024-03-08,1
E0001051,U00409,Install,2024-04-05,0
E0001052,U00409,Signup,2024-04-05,0
E0001053,U00409,Onboarding,2024-04-06,1
E0001054,U00410,Install,2024-01-07,0
E0001055,U00411,Install,2024-02-06,0
E0001056,U00411,Signup,2024-02-06,0
E0001057,U00411,Onboarding,2024-02-07,1
E0001058,U00411,First_Action,2024-02-09,3
E0001059,U00412,Install,2024-01-25,0
E0001060,U00412,Signup,2024-01-25,0
E0001061,U00413,Install,2024-01-30,0
E0001062,U00414,Install,2024-03-03,0
E0001063,U00414,Signup,2024-03-03,0
E0001064,U00414,Onboarding,2024-03-04,1
E0001065,U00414,First_Action,2024-03-06,3
E0001066,U00414,Day1_Active,2024-03-07,4
E0001067,U00415,Install,2024-04-13,0
E0001068,U00415,Signup,2024-04-13,0
E0001069,U00415,Onboarding,2024-04-14,1
E0001070,U00415,First_Action,2024-04-16,3
E0001071,U00416,Install,2024-02-20,0
E0001072,U00416,Signup,2024-02-20,0
E0001073,U00417,Install,2024-06-29,0
E0001074,U00417,Signup,2024-06-29,0
E0001075,U00417,Onboarding,2024-06-30,1
E0001076,U00418,Install,2024-03-24,0
E0001077,U00418,Signup,2024-03-24,0
E0001078,U00418,Onboarding,2024-03-25,1
E0001079,U00419,Install,2024-03-21,0
E0001080,U00419,Signup,2024-03-21,0
E0001081,U00419,Onboarding,2024-03-22,1
E0001082,U00419,First_Action,2024-03-24,3
E0001083,U00420,Install,2024-06-07,0
E0001084,U00420,Signup,2024-06-07,0
E0001085,U00421,Install,2024-06-21,0
E0001086,U00421,Signup,2024-06-21,0
E0001087,U00421,Onboarding,2024-06-22,1
E0001088,U00422,Install,2024-05-10,0
E0001089,U00422,Signup,2024-05-10,0
E0001090,U00422,Onboarding,2024-05-11,1
E0001091,U00422,First_Action,2024-05-13,3
E0001092,U00423,Install,2024-05-17,0
E0001093,U00423,Signup,2024-05-17,0
E0001094,U00423,Onboarding,2024-05-18,1
E0001095,U00424,Install,2024-02-05,0
E0001096,U00424,Signup,2024-02-05,0
E0001097,U00424,Onboarding,2024-02-06,1
E0001098,U00425,Install,2024-05-04,0
E0001099,U00425,Signup,2024-05-04,0
E0001100,U00425,Onboarding,2024-05-05,1
E0001101,U00426,Install,2024-06-24,0
E0001102,U00426,Signup,2024-06-24,0
E0001103,U00427,Install,2024-02-26,0
E0001104,U00427,Signup,2024-02-26,0
E0001105,U00428,Install,2024-05-06,0
E0001106,U00428,Signup,2024-05-06,0
E0001107,U00428,Onboarding,2024-05-07,1
E0001108,U00429,Install,2024-04-03,0
E0001109,U00430,Install,2024-04-18,0
E0001110,U00430,Signup,2024-04-18,0
E0001111,U00431,Install,2024-04-25,0
E0001112,U00431,Signup,2024-04-25,0
E0001113,U00432,Install,2024-03-01,0
E0001114,U00432,Signup,2024-03-01,0
E0001115,U00432,Onboarding,2024-03-02,1
E0001116,U00433,Install,2024-04-19,0
E0001117,U00433,Signup,2024-04-19,0
E0001118,U00433,Onboarding,2024-04-20,1
E0001119,U00434,Install,2024-03-30,0
E0001120,U00435,Install,2024-05-26,0
E0001121,U00435,Signup,2024-05-26,0
E0001122,U00435,Onboarding,2024-05-27,1
E0001123,U00436,Install,2024-04-15,0
E0001124,U00436,Signup,2024-04-15,0
E0001125,U00437,Install,2024-03-04,0
E0001126,U00437,Signup,2024-03-04,0
E0001127,U00438,Install,2024-02-06,0
E0001128,U00438,Signup,2024-02-06,0
E0001129,U00439,Install,2024-01-24,0
E0001130,U00439,Signup,2024-01-24,0
E0001131,U00439,Onboarding,2024-01-25,1
E0001132,U00440,Install,2024-05-04,0
E0001133,U00440,Signup,2024-05-04,0
E0001134,U00441,Install,2024-04-27,0
E0001135,U00442,Install,2024-04-19,0
E0001136,U00442,Signup,2024-04-19,0
E0001137,U00442,Onboarding,2024-04-20,1
E0001138,U00442,First_Action,2024-04-22,3
E0001139,U00442,Day1_Active,2024-04-23,4
E0001140,U00442,Day7_Active,2024-04-29,10
E0001141,U00443,Install,2024-02-03,0
E0001142,U00444,Install,2024-01-26,0
E0001143,U00444,Signup,2024-01-26,0
E0001144,U00445,Install,2024-04-26,0
E0001145,U00445,Signup,2024-04-26,0
E0001146,U00446,Install,2024-06-15,0
E0001147,U00447,Install,2024-01-22,0
E0001148,U00447,Signup,2024-01-22,0
E0001149,U00447,Onboarding,2024-01-23,1
E0001150,U00447,First_Action,2024-01-25,3
E0001151,U00448,Install,2024-06-28,0
E0001152,U00449,Install,2024-01-20,0
E0001153,U00449,Signup,2024-01-20,0
E0001154,U00450,Install,2024-01-31,0
E0001155,U00450,Signup,2024-01-31,0
E0001156,U00451,Install,2024-01-27,0
E0001157,U00451,Signup,2024-01-27,0
E0001158,U00451,Onboarding,2024-01-28,1
E0001159,U00452,Install,2024-02-04,0
E0001160,U00452,Signup,2024-02-04,0
E0001161,U00452,Onboarding,2024-02-05,1
E0001162,U00452,First_Action,2024-02-07,3
E0001163,U00453,Install,2024-02-12,0
E0001164,U00454,Install,2024-06-24,0
E0001165,U00454,Signup,2024-06-24,0
E0001166,U00455,Install,2024-04-08,0
E0001167,U00455,Signup,2024-04-08,0
E0001168,U00456,Install,2024-03-04,0
E0001169,U00456,Signup,2024-03-04,0
E0001170,U00456,Onboarding,2024-03-05,1
E0001171,U00457,Install,2024-06-17,0
E0001172,U00457,Signup,2024-06-17,0
E0001173,U00458,Install,2024-06-14,0
E0001174,U00459,Install,2024-05-07,0
E0001175,U00459,Signup,2024-05-07,0
E0001176,U00459,Onboarding,2024-05-08,1
E0001177,U00460,Install,2024-03-22,0
E0001178,U00460,Signup,2024-03-22,0
E0001179,U00460,Onboarding,2024-03-23,1
E0001180,U00460,First_Action,2024-03-25,3
E0001181,U00461,Install,2024-04-30,0
E0001182,U00461,Signup,2024-04-30,0
E0001183,U00461,Onboarding,2024-05-01,1
E0001184,U00462,Install,2024-01-11,0
E0001185,U00463,Install,2024-04-16,0
E0001186,U00463,Signup,2024-04-16,0
E0001187,U00463,Onboarding,2024-04-17,1
E0001188,U00464,Install,2024-01-22,0
E0001189,U00465,Install,2024-04-10,0
E0001190,U00465,Signup,2024-04-10,0
E0001191,U00465,Onboarding,2024-04-11,1
E0001192,U00466,Install,2024-04-21,0
E0001193,U00466,Signup,2024-04-21,0
E0001194,U00466,Onboarding,2024-04-22,1
E0001195,U00466,First_Action,2024-04-24,3
E0001196,U00467,Install,2024-04-26,0
E0001197,U00467,Signup,2024-04-26,0
E0001198,U00467,Onboarding,2024-04-27,1
E0001199,U00467,First_Action,2024-04-29,3
E0001200,U00467,Day1_Active,2024-04-30,4
E0001201,U00468,Install,2024-01-04,0
E0001202,U00468,Signup,2024-01-04,0
E0001203,U00468,Onboarding,2024-01-05,1
E0001204,U00469,Install,2024-03-07,0
E0001205,U00469,Signup,2024-03-07,0
E0001206,U00469,Onboarding,2024-03-08,1
E0001207,U00470,Install,2024-01-08,0
E0001208,U00470,Signup,2024-01-08,0
E0001209,U00471,Install,2024-06-09,0
E0001210,U00472,Install,2024-04-04,0
E0001211,U00472,Signup,2024-04-04,0
E0001212,U00473,Install,2024-05-10,0
E0001213,U00473,Signup,2024-05-10,0
E0001214,U00474,Install,2024-02-08,0
E0001215,U00474,Signup,2024-02-08,0
E0001216,U00474,Onboarding,2024-02-09,1
E0001217,U00475,Install,2024-06-16,0
E0001218,U00475,Signup,2024-06-16,0
E0001219,U00475,Onboarding,2024-06-17,1
E0001220,U00476,Install,2024-01-20,0
E0001221,U00477,Install,2024-05-12,0
E0001222,U00477,Signup,2024-05-12,0
E0001223,U00478,Install,2024-03-20,0
E0001224,U00478,Signup,2024-03-20,0
E0001225,U00478,Onboarding,2024-03-21,1
E0001226,U00479,Install,2024-03-18,0
E0001227,U00479,Signup,2024-03-18,0
E0001228,U00479,Onboarding,2024-03-19,1
E0001229,U00479,First_Action,2024-03-21,3
E0001230,U00480,Install,2024-02-20,0
E0001231,U00480,Signup,2024-02-20,0
E0001232,U00480,Onboarding,2024-02-21,1
E0001233,U00480,First_Action,2024-02-23,3
E0001234,U00481,Install,2024-01-07,0
E0001235,U00481,Signup,2024-01-07,0
E0001236,U00481,Onboarding,2024-01-08,1
E0001237,U00481,First_Action,2024-01-10,3
E0001238,U00482,Install,2024-01-01,0
E0001239,U00482,Signup,2024-01-01,0
E0001240,U00482,Onboarding,2024-01-02,1
E0001241,U00482,First_Action,2024-01-04,3
E0001242,U00483,Install,2024-03-01,0
E0001243,U00483,Signup,2024-03-01,0
E0001244,U00483,Onboarding,2024-03-02,1
E0001245,U00483,First_Action,2024-03-04,3
E0001246,U00484,Install,2024-01-12,0
E0001247,U00485,Install,2024-01-22,0
E0001248,U00485,Signup,2024-01-22,0
E0001249,U00485,Onboarding,2024-01-23,1
E0001250,U00486,Install,2024-01-16,0
E0001251,U00487,Install,2024-04-10,0
E0001252,U00488,Install,2024-02-21,0
E0001253,U00488,Signup,2024-02-21,0
E0001254,U00488,Onboarding,2024-02-22,1
E0001255,U00489,Install,2024-03-21,0
E0001256,U00490,Install,2024-03-08,0
E0001257,U00490,Signup,2024-03-08,0
E0001258,U00490,Onboarding,2024-03-09,1
E0001259,U00491,Install,2024-06-03,0
E0001260,U00491,Signup,2024-06-03,0
E0001261,U00492,Install,2024-04-01,0
E0001262,U00492,Signup,2024-04-01,0
E0001263,U00493,Install,2024-04-13,0
E0001264,U00493,Signup,2024-04-13,0
E0001265,U00493,Onboarding,2024-04-14,1
E0001266,U00493,First_Action,2024-04-16,3
E0001267,U00494,Install,2024-02-05,0
E0001268,U00494,Signup,2024-02-05,0
E0001269,U00495,Install,2024-04-12,0
E0001270,U00495,Signup,2024-04-12,0
E0001271,U00496,Install,2024-01-20,0
E0001272,U00496,Signup,2024-01-20,0
E0001273,U00496,Onboarding,2024-01-21,1
E0001274,U00496,First_Action,2024-01-23,3
E0001275,U00497,Install,2024-03-25,0
E0001276,U00497,Signup,2024-03-25,0
E0001277,U00497,Onboarding,2024-03-26,1
E0001278,U00498,Install,2024-04-11,0
E0001279,U00498,Signup,2024-04-11,0
E0001280,U00498,Onboarding,2024-04-12,1
E0001281,U00498,First_Action,2024-04-14,3
E0001282,U00499,Install,2024-03-11,0
E0001283,U00499,Signup,2024-03-11,0
E0001284,U00499,Onboarding,2024-03-12,1
E0001285,U00499,First_Action,2024-03-14,3
E0001286,U00500,Install,2024-03-16,0
E0001287,U00500,Signup,2024-03-16,0
E0001288,U00501,Install,2024-04-17,0
E0001289,U00501,Signup,2024-04-17,0
E0001290,U00501,Onboarding,2024-04-18,1
E0001291,U00501,First_Action,2024-04-20,3
E0001292,U00502,Install,2024-01-05,0
E0001293,U00503,Install,2024-05-24,0
E0001294,U00503,Signup,2024-05-24,0
E0001295,U00503,Onboarding,2024-05-25,1
E0001296,U00504,Install,2024-03-12,0
E0001297,U00504,Signup,2024-03-12,0
E0001298,U00504,Onboarding,2024-03-13,1
E0001299,U00504,First_Action,2024-03-15,3
E0001300,U00505,Install,2024-02-10,0
E0001301,U00505,Signup,2024-02-10,0
E0001302,U00506,Install,2024-01-15,0
E0001303,U00506,Signup,2024-01-15,0
E0001304,U00507,Install,2024-02-14,0
E0001305,U00507,Signup,2024-02-14,0
E0001306,U00508,Install,2024-01-08,0
E0001307,U00508,Signup,2024-01-08,0
E0001308,U00509,Install,2024-05-06,0
E0001309,U00509,Signup,2024-05-06,0
E0001310,U00510,Install,2024-01-06,0
E0001311,U00510,Signup,2024-01-06,0
E0001312,U00510,Onboarding,2024-01-07,1
E0001313,U00511,Install,2024-02-15,0
E0001314,U00511,Signup,2024-02-15,0
E0001315,U00511,Onboarding,2024-02-16,1
E0001316,U00511,First_Action,2024-02-18,3
E0001317,U00512,Install,2024-02-06,0
E0001318,U00513,Install,2024-06-18,0
E0001319,U00513,Signup,2024-06-18,0
E0001320,U00513,Onboarding,2024-06-19,1
E0001321,U00513,First_Action,2024-06-21,3
E0001322,U00514,Install,2024-04-21,0
E0001323,U00515,Install,2024-06-26,0
E0001324,U00515,Signup,2024-06-26,0
E0001325,U00516,Install,2024-04-06,0
E0001326,U00517,Install,2024-05-26,0
E0001327,U00518,Install,2024-06-05,0
E0001328,U00518,Signup,2024-06-05,0
E0001329,U00518,Onboarding,2024-06-06,1
E0001330,U00519,Install,2024-03-01,0
E0001331,U00519,Signup,2024-03-01,0
E0001332,U00519,Onboarding,2024-03-02,1
E0001333,U00519,First_Action,2024-03-04,3
E0001334,U00520,Install,2024-06-20,0
E0001335,U00520,Signup,2024-06-20,0
E0001336,U00520,Onboarding,2024-06-21,1
E0001337,U00521,Install,2024-01-18,0
E0001338,U00521,Signup,2024-01-18,0
E0001339,U00521,Onboarding,2024-01-19,1
E0001340,U00522,Install,2024-04-17,0
E0001341,U00522,Signup,2024-04-17,0
E0001342,U00523,Install,2024-01-26,0
E0001343,U00523,Signup,2024-01-26,0
E0001344,U00524,Install,2024-04-25,0
E0001345,U00524,Signup,2024-04-25,0
E0001346,U00524,Onboarding,2024-04-26,1
E0001347,U00525,Install,2024-01-19,0
E0001348,U00525,Signup,2024-01-19,0
E0001349,U00526,Install,2024-01-24,0
E0001350,U00526,Signup,2024-01-24,0
E0001351,U00527,Install,2024-06-16,0
E0001352,U00527,Signup,2024-06-16,0
E0001353,U00528,Install,2024-02-18,0
E0001354,U00528,Signup,2024-02-18,0
E0001355,U00528,Onboarding,2024-02-19,1
E0001356,U00528,First_Action,2024-02-21,3
E0001357,U00529,Install,2024-03-17,0
E0001358,U00529,Signup,2024-03-17,0
E0001359,U00529,Onboarding,2024-03-18,1
E0001360,U00530,Install,2024-04-02,0
E0001361,U00530,Signup,2024-04-02,0
E0001362,U00531,Install,2024-01-25,0
E0001363,U00532,Install,2024-03-19,0
E0001364,U00532,Signup,2024-03-19,0
E0001365,U00532,Onboarding,2024-03-20,1
E0001366,U00533,Install,2024-04-09,0
E0001367,U00533,Signup,2024-04-09,0
E0001368,U00534,Install,2024-04-29,0
E0001369,U00535,Install,2024-01-25,0
E0001370,U00535,Signup,2024-01-25,0
E0001371,U00536,Install,2024-05-21,0
E0001372,U00537,Install,2024-05-01,0
E0001373,U00537,Signup,2024-05-01,0
E0001374,U00537,Onboarding,2024-05-02,1
E0001375,U00537,First_Action,2024-05-04,3
E0001376,U00537,Day1_Active,2024-05-05,4
E0001377,U00538,Install,2024-01-09,0
E0001378,U00538,Signup,2024-01-09,0
E0001379,U00539,Install,2024-01-31,0
E0001380,U00539,Signup,2024-01-31,0
E0001381,U00540,Install,2024-02-19,0
E0001382,U00540,Signup,2024-02-19,0
E0001383,U00540,Onboarding,2024-02-20,1
E0001384,U00541,Install,2024-06-09,0
E0001385,U00541,Signup,2024-06-09,0
E0001386,U00541,Onboarding,2024-06-10,1
E0001387,U00542,Install,2024-01-23,0
E0001388,U00543,Install,2024-01-04,0
E0001389,U00544,Install,2024-02-07,0
E0001390,U00544,Signup,2024-02-07,0
E0001391,U00544,Onboarding,2024-02-08,1
E0001392,U00545,Install,2024-01-26,0
E0001393,U00546,Install,2024-06-16,0
E0001394,U00546,Signup,2024-06-16,0
E0001395,U00546,Onboarding,2024-06-17,1
E0001396,U00547,Install,2024-06-04,0
E0001397,U00547,Signup,2024-06-04,0
E0001398,U00547,Onboarding,2024-06-05,1
E0001399,U00547,First_Action,2024-06-07,3
E0001400,U00547,Day1_Active,2024-06-08,4
E0001401,U00547,Day7_Active,2024-06-14,10
E0001402,U00548,Install,2024-01-13,0
E0001403,U00548,Signup,2024-01-13,0
E0001404,U00549,Install,2024-03-18,0
E0001405,U00549,Signup,2024-03-18,0
E0001406,U00550,Install,2024-02-28,0
E0001407,U00550,Signup,2024-02-28,0
E0001408,U00551,Install,2024-04-16,0
E0001409,U00551,Signup,2024-04-16,0
E0001410,U00552,Install,2024-05-04,0
E0001411,U00552,Signup,2024-05-04,0
E0001412,U00552,Onboarding,2024-05-05,1
E0001413,U00553,Install,2024-03-20,0
E0001414,U00553,Signup,2024-03-20,0
E0001415,U00553,Onboarding,2024-03-21,1
E0001416,U00553,First_Action,2024-03-23,3
E0001417,U00554,Install,2024-02-14,0
E0001418,U00554,Signup,2024-02-14,0
E0001419,U00554,Onboarding,2024-02-15,1
E0001420,U00554,First_Action,2024-02-17,3
E0001421,U00554,Day1_Active,2024-02-18,4
E0001422,U00554,Day7_Active,2024-02-24,10
E0001423,U00555,Install,2024-04-02,0
E0001424,U00555,Signup,2024-04-02,0
E0001425,U00555,Onboarding,2024-04-03,1
E0001426,U00555,First_Action,2024-04-05,3
E0001427,U00555,Day1_Active,2024-04-06,4
E0001428,U00555,Day7_Active,2024-04-12,10
E0001429,U00556,Install,2024-02-01,0
E0001430,U00556,Signup,2024-02-01,0
E0001431,U00556,Onboarding,2024-02-02,1
E0001432,U00556,First_Action,2024-02-04,3
E0001433,U00556,Day1_Active,2024-02-05,4
E0001434,U00556,Day7_Active,2024-02-11,10
E0001435,U00557,Install,2024-05-01,0
E0001436,U00558,Install,2024-06-25,0
E0001437,U00558,Signup,2024-06-25,0
E0001438,U00558,Onboarding,2024-06-26,1
E0001439,U00559,Install,2024-02-24,0
E0001440,U00559,Signup,2024-02-24,0
E0001441,U00559,Onboarding,2024-02-25,1
E0001442,U00560,Install,2024-01-06,0
E0001443,U00560,Signup,2024-01-06,0
E0001444,U00561,Install,2024-02-14,0
E0001445,U00561,Signup,2024-02-14,0
E0001446,U00561,Onboarding,2024-02-15,1
E0001447,U00561,First_Action,2024-02-17,3
E0001448,U00561,Day1_Active,2024-02-18,4
E0001449,U00561,Day7_Active,2024-02-24,10
E0001450,U00562,Install,2024-06-30,0
E0001451,U00562,Signup,2024-06-30,0
E0001452,U00562,Onboarding,2024-07-01,1
E0001453,U00562,First_Action,2024-07-03,3
E0001454,U00562,Day1_Active,2024-07-04,4
E0001455,U00563,Install,2024-04-29,0
E0001456,U00563,Signup,2024-04-29,0
E0001457,U00564,Install,2024-06-18,0
E0001458,U00565,Install,2024-06-24,0
E0001459,U00565,Signup,2024-06-24,0
E0001460,U00566,Install,2024-03-07,0
E0001461,U00566,Signup,2024-03-07,0
E0001462,U00566,Onboarding,2024-03-08,1
E0001463,U00566,First_Action,2024-03-10,3
E0001464,U00567,Install,2024-03-02,0
E0001465,U00567,Signup,2024-03-02,0
E0001466,U00568,Install,2024-06-23,0
E0001467,U00568,Signup,2024-06-23,0
E0001468,U00569,Install,2024-04-13,0
E0001469,U00569,Signup,2024-04-13,0
E0001470,U00570,Install,2024-02-26,0
E0001471,U00570,Signup,2024-02-26,0
E0001472,U00570,Onboarding,2024-02-27,1
E0001473,U00571,Install,2024-03-17,0
E0001474,U00571,Signup,2024-03-17,0
E0001475,U00571,Onboarding,2024-03-18,1
E0001476,U00572,Install,2024-02-02,0
E0001477,U00572,Signup,2024-02-02,0
E0001478,U00573,Install,2024-03-26,0
E0001479,U00573,Signup,2024-03-26,0
E0001480,U00574,Install,2024-03-25,0
E0001481,U00575,Install,2024-06-11,0
E0001482,U00576,Install,2024-06-23,0
E0001483,U00576,Signup,2024-06-23,0
E0001484,U00577,Install,2024-02-21,0
E0001485,U00578,Install,2024-02-16,0
E0001486,U00578,Signup,2024-02-16,0
E0001487,U00578,Onboarding,2024-02-17,1
E0001488,U00578,First_Action,2024-02-19,3
E0001489,U00578,Day1_Active,2024-02-20,4
E0001490,U00578,Day7_Active,2024-02-26,10
E0001491,U00579,Install,2024-01-02,0
E0001492,U00579,Signup,2024-01-02,0
E0001493,U00579,Onboarding,2024-01-03,1
E0001494,U00579,First_Action,2024-01-05,3
E0001495,U00579,Day1_Active,2024-01-06,4
E0001496,U00580,Install,2024-01-23,0
E0001497,U00580,Signup,2024-01-23,0
E0001498,U00580,Onboarding,2024-01-24,1
E0001499,U00581,Install,2024-01-02,0
E0001500,U00581,Signup,2024-01-02,0
E0001501,U00581,Onboarding,2024-01-03,1
E0001502,U00581,First_Action,2024-01-05,3
E0001503,U00582,Install,2024-05-15,0
E0001504,U00583,Install,2024-03-29,0
E0001505,U00583,Signup,2024-03-29,0
E0001506,U00584,Install,2024-01-12,0
E0001507,U00584,Signup,2024-01-12,0
E0001508,U00585,Install,2024-06-24,0
E0001509,U00585,Signup,2024-06-24,0
E0001510,U00585,Onboarding,2024-06-25,1
E0001511,U00586,Install,2024-04-13,0
E0001512,U00587,Install,2024-05-09,0
E0001513,U00587,Signup,2024-05-09,0
E0001514,U00588,Install,2024-03-06,0
E0001515,U00588,Signup,2024-03-06,0
E0001516,U00589,Install,2024-01-06,0
E0001517,U00589,Signup,2024-01-06,0
E0001518,U00589,Onboarding,2024-01-07,1
E0001519,U00590,Install,2024-06-28,0
E0001520,U00590,Signup,2024-06-28,0
E0001521,U00590,Onboarding,2024-06-29,1
E0001522,U00590,First_Action,2024-07-01,3
E0001523,U00591,Install,2024-06-18,0
E0001524,U00592,Install,2024-05-10,0
E0001525,U00592,Signup,2024-05-10,0
E0001526,U00592,Onboarding,2024-05-11,1
E0001527,U00593,Install,2024-02-21,0
E0001528,U00593,Signup,2024-02-21,0
E0001529,U00593,Onboarding,2024-02-22,1
E0001530,U00593,First_Action,2024-02-24,3
E0001531,U00593,Day1_Active,2024-02-25,4
E0001532,U00593,Day7_Active,2024-03-02,10
E0001533,U00594,Install,2024-02-11,0
E0001534,U00594,Signup,2024-02-11,0
E0001535,U00594,Onboarding,2024-02-12,1
E0001536,U00595,Install,2024-01-01,0
E0001537,U00595,Signup,2024-01-01,0
E0001538,U00595,Onboarding,2024-01-02,1
E0001539,U00595,First_Action,2024-01-04,3
E0001540,U00596,Install,2024-01-24,0
E0001541,U00597,Install,2024-04-26,0
E0001542,U00597,Signup,2024-04-26,0
E0001543,U00598,Install,2024-01-11,0
E0001544,U00598,Signup,2024-01-11,0
E0001545,U00598,Onboarding,2024-01-12,1
E0001546,U00598,First_Action,2024-01-14,3
E0001547,U00598,Day1_Active,2024-01-15,4
E0001548,U00598,Day7_Active,2024-01-21,10
E0001549,U00599,Install,2024-01-12,0
E0001550,U00599,Signup,2024-01-12,0
E0001551,U00599,Onboarding,2024-01-13,1
E0001552,U00599,First_Action,2024-01-15,3
E0001553,U00599,Day1_Active,2024-01-16,4
E0001554,U00600,Install,2024-06-08,0
E0001555,U00600,Signup,2024-06-08,0
E0001556,U00601,Install,2024-04-12,0
E0001557,U00601,Signup,2024-04-12,0
E0001558,U00602,Install,2024-06-15,0
E0001559,U00602,Signup,2024-06-15,0
E0001560,U00602,Onboarding,2024-06-16,1
E0001561,U00603,Install,2024-02-10,0
E0001562,U00603,Signup,2024-02-10,0
E0001563,U00604,Install,2024-06-05,0
E0001564,U00604,Signup,2024-06-05,0
E0001565,U00604,Onboarding,2024-06-06,1
E0001566,U00605,Install,2024-02-03,0
E0001567,U00605,Signup,2024-02-03,0
E0001568,U00605,Onboarding,2024-02-04,1
E0001569,U00605,First_Action,2024-02-06,3
E0001570,U00606,Install,2024-06-16,0
E0001571,U00606,Signup,2024-06-16,0
E0001572,U00606,Onboarding,2024-06-17,1
E0001573,U00607,Install,2024-05-24,0
E0001574,U00607,Signup,2024-05-24,0
E0001575,U00608,Install,2024-06-07,0
E0001576,U00608,Signup,2024-06-07,0
E0001577,U00608,Onboarding,2024-06-08,1
E0001578,U00608,First_Action,2024-06-10,3
E0001579,U00608,Day1_Active,2024-06-11,4
E0001580,U00609,Install,2024-04-08,0
E0001581,U00609,Signup,2024-04-08,0
E0001582,U00609,Onboarding,2024-04-09,1
E0001583,U00609,First_Action,2024-04-11,3
E0001584,U00609,Day1_Active,2024-04-12,4
E0001585,U00610,Install,2024-02-10,0
E0001586,U00610,Signup,2024-02-10,0
E0001587,U00610,Onboarding,2024-02-11,1
E0001588,U00611,Install,2024-03-23,0
E0001589,U00612,Install,2024-04-13,0
E0001590,U00612,Signup,2024-04-13,0
E0001591,U00612,Onboarding,2024-04-14,1
E0001592,U00613,Install,2024-05-07,0
E0001593,U00614,Install,2024-04-15,0
E0001594,U00614,Signup,2024-04-15,0
E0001595,U00614,Onboarding,2024-04-16,1
E0001596,U00615,Install,2024-06-12,0
E0001597,U00616,Install,2024-04-03,0
E0001598,U00616,Signup,2024-04-03,0
E0001599,U00616,Onboarding,2024-04-04,1
E0001600,U00617,Install,2024-06-02,0
E0001601,U00618,Install,2024-02-26,0
E0001602,U00618,Signup,2024-02-26,0
E0001603,U00619,Install,2024-04-05,0
E0001604,U00619,Signup,2024-04-05,0
E0001605,U00620,Install,2024-04-14,0
E0001606,U00620,Signup,2024-04-14,0
E0001607,U00621,Install,2024-04-27,0
E0001608,U00621,Signup,2024-04-27,0
E0001609,U00621,Onboarding,2024-04-28,1
E0001610,U00622,Install,2024-06-11,0
E0001611,U00622,Signup,2024-06-11,0
E0001612,U00622,Onboarding,2024-06-12,1
E0001613,U00623,Install,2024-05-09,0
E0001614,U00623,Signup,2024-05-09,0
E0001615,U00623,Onboarding,2024-05-10,1
E0001616,U00624,Install,2024-05-29,0
E0001617,U00625,Install,2024-02-02,0
E0001618,U00625,Signup,2024-02-02,0
E0001619,U00626,Install,2024-04-17,0
E0001620,U00626,Signup,2024-04-17,0
E0001621,U00627,Install,2024-03-16,0
E0001622,U00627,Signup,2024-03-16,0
E0001623,U00628,Install,2024-03-17,0
E0001624,U00628,Signup,2024-03-17,0
E0001625,U00628,Onboarding,2024-03-18,1
E0001626,U00628,First_Action,2024-03-20,3
E0001627,U00628,Day1_Active,2024-03-21,4
E0001628,U00629,Install,2024-02-25,0
E0001629,U00629,Signup,2024-02-25,0
E0001630,U00629,Onboarding,2024-02-26,1
E0001631,U00630,Install,2024-06-30,0
E0001632,U00630,Signup,2024-06-30,0
E0001633,U00630,Onboarding,2024-07-01,1
E0001634,U00630,First_Action,2024-07-03,3
E0001635,U00630,Day1_Active,2024-07-04,4
E0001636,U00631,Install,2024-01-30,0
E0001637,U00631,Signup,2024-01-30,0
E0001638,U00631,Onboarding,2024-01-31,1
E0001639,U00632,Install,2024-06-21,0
E0001640,U00632,Signup,2024-06-21,0
E0001641,U00632,Onboarding,2024-06-22,1
E0001642,U00632,First_Action,2024-06-24,3
E0001643,U00633,Install,2024-05-13,0
E0001644,U00633,Signup,2024-05-13,0
E0001645,U00634,Install,2024-02-11,0
E0001646,U00634,Signup,2024-02-11,0
E0001647,U00635,Install,2024-02-22,0
E0001648,U00636,Install,2024-05-23,0
E0001649,U00637,Install,2024-06-27,0
E0001650,U00637,Signup,2024-06-27,0
E0001651,U00637,Onboarding,2024-06-28,1
E0001652,U00638,Install,2024-06-24,0
E0001653,U00638,Signup,2024-06-24,0
E0001654,U00638,Onboarding,2024-06-25,1
E0001655,U00638,First_Action,2024-06-27,3
E0001656,U00638,Day1_Active,2024-06-28,4
E0001657,U00639,Install,2024-04-23,0
E0001658,U00639,Signup,2024-04-23,0
E0001659,U00639,Onboarding,2024-04-24,1
E0001660,U00639,First_Action,2024-04-26,3
E0001661,U00639,Day1_Active,2024-04-27,4
E0001662,U00639,Day7_Active,2024-05-03,10
E0001663,U00640,Install,2024-05-19,0
E0001664,U00640,Signup,2024-05-19,0
E0001665,U00640,Onboarding,2024-05-20,1
E0001666,U00640,First_Action,2024-05-22,3
E0001667,U00641,Install,2024-06-23,0
E0001668,U00641,Signup,2024-06-23,0
E0001669,U00642,Install,2024-03-12,0
E0001670,U00642,Signup,2024-03-12,0
E0001671,U00643,Install,2024-06-30,0
E0001672,U00643,Signup,2024-06-30,0
E0001673,U00643,Onboarding,2024-07-01,1
E0001674,U00643,First_Action,2024-07-03,3
E0001675,U00644,Install,2024-06-09,0
E0001676,U00644,Signup,2024-06-09,0
E0001677,U00644,Onboarding,2024-06-10,1
E0001678,U00645,Install,2024-06-30,0
E0001679,U00645,Signup,2024-06-30,0
E0001680,U00645,Onboarding,2024-07-01,1
E0001681,U00646,Install,2024-04-16,0
E0001682,U00646,Signup,2024-04-16,0
E0001683,U00646,Onboarding,2024-04-17,1
E0001684,U00647,Install,2024-03-25,0
E0001685,U00647,Signup,2024-03-25,0
E0001686,U00647,Onboarding,2024-03-26,1
E0001687,U00647,First_Action,2024-03-28,3
E0001688,U00648,Install,2024-06-15,0
E0001689,U00649,Install,2024-06-08,0
E0001690,U00649,Signup,2024-06-08,0
E0001691,U00649,Onboarding,2024-06-09,1
E0001692,U00649,First_Action,2024-06-11,3
E0001693,U00649,Day1_Active,2024-06-12,4
E0001694,U00649,Day7_Active,2024-06-18,10
E0001695,U00650,Install,2024-01-30,0
E0001696,U00651,Install,2024-04-05,0
E0001697,U00651,Signup,2024-04-05,0
E0001698,U00651,Onboarding,2024-04-06,1
E0001699,U00652,Install,2024-03-23,0
E0001700,U00652,Signup,2024-03-23,0
E0001701,U00653,Install,2024-01-02,0
E0001702,U00653,Signup,2024-01-02,0
E0001703,U00654,Install,2024-01-27,0
E0001704,U00654,Signup,2024-01-27,0
E0001705,U00655,Install,2024-01-19,0
E0001706,U00655,Signup,2024-01-19,0
E0001707,U00655,Onboarding,2024-01-20,1
E0001708,U00655,First_Action,2024-01-22,3
E0001709,U00656,Install,2024-01-14,0
E0001710,U00656,Signup,2024-01-14,0
E0001711,U00657,Install,2024-04-14,0
E0001712,U00657,Signup,2024-04-14,0
E0001713,U00658,Install,2024-05-16,0
E0001714,U00659,Install,2024-01-19,0
E0001715,U00659,Signup,2024-01-19,0
E0001716,U00659,Onboarding,2024-01-20,1
E0001717,U00660,Install,2024-03-13,0
E0001718,U00660,Signup,2024-03-13,0
E0001719,U00661,Install,2024-05-16,0
E0001720,U00661,Signup,2024-05-16,0
E0001721,U00662,Install,2024-06-11,0
E0001722,U00662,Signup,2024-06-11,0
E0001723,U00662,Onboarding,2024-06-12,1
E0001724,U00663,Install,2024-04-05,0
E0001725,U00664,Install,2024-05-26,0
E0001726,U00664,Signup,2024-05-26,0
E0001727,U00664,Onboarding,2024-05-27,1
E0001728,U00664,First_Action,2024-05-29,3
E0001729,U00664,Day1_Active,2024-05-30,4
E0001730,U00665,Install,2024-03-29,0
E0001731,U00665,Signup,2024-03-29,0
E0001732,U00666,Install,2024-06-06,0
E0001733,U00666,Signup,2024-06-06,0
E0001734,U00666,Onboarding,2024-06-07,1
E0001735,U00666,First_Action,2024-06-09,3
E0001736,U00667,Install,2024-05-20,0
E0001737,U00668,Install,2024-05-28,0
E0001738,U00668,Signup,2024-05-28,0
E0001739,U00668,Onboarding,2024-05-29,1
E0001740,U00668,First_Action,2024-05-31,3
E0001741,U00669,Install,2024-06-07,0
E0001742,U00669,Signup,2024-06-07,0
E0001743,U00669,Onboarding,2024-06-08,1
E0001744,U00669,First_Action,2024-06-10,3
E0001745,U00669,Day1_Active,2024-06-11,4
E0001746,U00670,Install,2024-06-26,0
E0001747,U00670,Signup,2024-06-26,0
E0001748,U00670,Onboarding,2024-06-27,1
E0001749,U00671,Install,2024-01-02,0
E0001750,U00671,Signup,2024-01-02,0
E0001751,U00672,Install,2024-04-02,0
E0001752,U00672,Signup,2024-04-02,0
E0001753,U00672,Onboarding,2024-04-03,1
E0001754,U00673,Install,2024-03-19,0
E0001755,U00674,Install,2024-02-05,0
E0001756,U00675,Install,2024-01-05,0
E0001757,U00675,Signup,2024-01-05,0
E0001758,U00675,Onboarding,2024-01-06,1
E0001759,U00676,Install,2024-02-24,0
E0001760,U00676,Signup,2024-02-24,0
E0001761,U00676,Onboarding,2024-02-25,1
E0001762,U00677,Install,2024-02-08,0
E0001763,U00678,Install,2024-04-28,0
E0001764,U00678,Signup,2024-04-28,0
E0001765,U00678,Onboarding,2024-04-29,1
E0001766,U00679,Install,2024-06-06,0
E0001767,U00679,Signup,2024-06-06,0
E0001768,U00679,Onboarding,2024-06-07,1
E0001769,U00680,Install,2024-05-24,0
E0001770,U00680,Signup,2024-05-24,0
E0001771,U00680,Onboarding,2024-05-25,1
E0001772,U00680,First_Action,2024-05-27,3
E0001773,U00681,Install,2024-02-26,0
E0001774,U00681,Signup,2024-02-26,0
E0001775,U00681,Onboarding,2024-02-27,1
E0001776,U00682,Install,2024-05-12,0
E0001777,U00682,Signup,2024-05-12,0
E0001778,U00682,Onboarding,2024-05-13,1
E0001779,U00682,First_Action,2024-05-15,3
E0001780,U00682,Day1_Active,2024-05-16,4
E0001781,U00683,Install,2024-06-15,0
E0001782,U00684,Install,2024-03-08,0
E0001783,U00684,Signup,2024-03-08,0
E0001784,U00685,Install,2024-01-20,0
E0001785,U00685,Signup,2024-01-20,0
E0001786,U00685,Onboarding,2024-01-21,1
E0001787,U00685,First_Action,2024-01-23,3
E0001788,U00686,Install,2024-03-29,0
E0001789,U00686,Signup,2024-03-29,0
E0001790,U00686,Onboarding,2024-03-30,1
E0001791,U00686,First_Action,2024-04-01,3
E0001792,U00686,Day1_Active,2024-04-02,4
E0001793,U00687,Install,2024-02-12,0
E0001794,U00687,Signup,2024-02-12,0
E0001795,U00688,Install,2024-06-03,0
E0001796,U00688,Signup,2024-06-03,0
E0001797,U00688,Onboarding,2024-06-04,1
E0001798,U00688,First_Action,2024-06-06,3
E0001799,U00689,Install,2024-05-03,0
E0001800,U00689,Signup,2024-05-03,0
E0001801,U00689,Onboarding,2024-05-04,1
E0001802,U00689,First_Action,2024-05-06,3
E0001803,U00690,Install,2024-03-03,0
E0001804,U00690,Signup,2024-03-03,0
E0001805,U00690,Onboarding,2024-03-04,1
E0001806,U00691,Install,2024-05-26,0
E0001807,U00691,Signup,2024-05-26,0
E0001808,U00691,Onboarding,2024-05-27,1
E0001809,U00691,First_Action,2024-05-29,3
E0001810,U00692,Install,2024-05-24,0
E0001811,U00693,Install,2024-02-25,0
E0001812,U00694,Install,2024-06-02,0
E0001813,U00694,Signup,2024-06-02,0
E0001814,U00695,Install,2024-02-12,0
E0001815,U00695,Signup,2024-02-12,0
E0001816,U00695,Onboarding,2024-02-13,1
E0001817,U00696,Install,2024-04-08,0
E0001818,U00696,Signup,2024-04-08,0
E0001819,U00696,Onboarding,2024-04-09,1
E0001820,U00696,First_Action,2024-04-11,3
E0001821,U00697,Install,2024-02-08,0
E0001822,U00697,Signup,2024-02-08,0
E0001823,U00697,Onboarding,2024-02-09,1
E0001824,U00697,First_Action,2024-02-11,3
E0001825,U00697,Day1_Active,2024-02-12,4
E0001826,U00698,Install,2024-05-16,0
E0001827,U00698,Signup,2024-05-16,0
E0001828,U00699,Install,2024-01-01,0
E0001829,U00699,Signup,2024-01-01,0
E0001830,U00699,Onboarding,2024-01-02,1
E0001831,U00700,Install,2024-01-12,0
E0001832,U00700,Signup,2024-01-12,0
E0001833,U00700,Onboarding,2024-01-13,1
E0001834,U00701,Install,2024-03-30,0
E0001835,U00701,Signup,2024-03-30,0
E0001836,U00701,Onboarding,2024-03-31,1
E0001837,U00701,First_Action,2024-04-02,3
E0001838,U00701,Day1_Active,2024-04-03,4
E0001839,U00701,Day7_Active,2024-04-09,10
E0001840,U00702,Install,2024-02-04,0
E0001841,U00702,Signup,2024-02-04,0
E0001842,U00703,Install,2024-05-19,0
E0001843,U00703,Signup,2024-05-19,0
E0001844,U00703,Onboarding,2024-05-20,1
E0001845,U00704,Install,2024-01-31,0
E0001846,U00704,Signup,2024-01-31,0
E0001847,U00705,Install,2024-01-28,0
E0001848,U00705,Signup,2024-01-28,0
E0001849,U00705,Onboarding,2024-01-29,1
E0001850,U00706,Install,2024-04-03,0
E0001851,U00706,Signup,2024-04-03,0
E0001852,U00707,Install,2024-05-22,0
E0001853,U00707,Signup,2024-05-22,0
E0001854,U00707,Onboarding,2024-05-23,1
E0001855,U00708,Install,2024-03-29,0
E0001856,U00708,Signup,2024-03-29,0
E0001857,U00708,Onboarding,2024-03-30,1
E0001858,U00708,First_Action,2024-04-01,3
E0001859,U00708,Day1_Active,2024-04-02,4
E0001860,U00709,Install,2024-02-28,0
E0001861,U00709,Signup,2024-02-28,0
E0001862,U00710,Install,2024-03-27,0
E0001863,U00710,Signup,2024-03-27,0
E0001864,U00711,Install,2024-06-11,0
E0001865,U00711,Signup,2024-06-11,0
E0001866,U00711,Onboarding,2024-06-12,1
E0001867,U00711,First_Action,2024-06-14,3
E0001868,U00712,Install,2024-01-17,0
E0001869,U00712,Signup,2024-01-17,0
E0001870,U00712,Onboarding,2024-01-18,1
E0001871,U00712,First_Action,2024-01-20,3
E0001872,U00712,Day1_Active,2024-01-21,4
E0001873,U00713,Install,2024-04-12,0
E0001874,U00713,Signup,2024-04-12,0
E0001875,U00714,Install,2024-02-14,0
E0001876,U00714,Signup,2024-02-14,0
E0001877,U00714,Onboarding,2024-02-15,1
E0001878,U00714,First_Action,2024-02-17,3
E0001879,U00715,Install,2024-03-14,0
E0001880,U00715,Signup,2024-03-14,0
E0001881,U00715,Onboarding,2024-03-15,1
E0001882,U00716,Install,2024-06-21,0
E0001883,U00716,Signup,2024-06-21,0
E0001884,U00717,Install,2024-04-12,0
E0001885,U00717,Signup,2024-04-12,0
E0001886,U00718,Install,2024-01-18,0
E0001887,U00718,Signup,2024-01-18,0
E0001888,U00719,Install,2024-03-29,0
E0001889,U00719,Signup,2024-03-29,0
E0001890,U00720,Install,2024-05-27,0
E0001891,U00720,Signup,2024-05-27,0
E0001892,U00720,Onboarding,2024-05-28,1
E0001893,U00720,First_Action,2024-05-30,3
E0001894,U00720,Day1_Active,2024-05-31,4
E0001895,U00720,Day7_Active,2024-06-06,10
E0001896,U00721,Install,2024-03-28,0
E0001897,U00721,Signup,2024-03-28,0
E0001898,U00722,Install,2024-05-27,0
E0001899,U00722,Signup,2024-05-27,0
E0001900,U00722,Onboarding,2024-05-28,1
E0001901,U00723,Install,2024-03-27,0
E0001902,U00723,Signup,2024-03-27,0
E0001903,U00723,Onboarding,2024-03-28,1
E0001904,U00724,Install,2024-01-30,0
E0001905,U00724,Signup,2024-01-30,0
E0001906,U00724,Onboarding,2024-01-31,1
E0001907,U00725,Install,2024-03-21,0
E0001908,U00725,Signup,2024-03-21,0
E0001909,U00726,Install,2024-03-14,0
E0001910,U00726,Signup,2024-03-14,0
E0001911,U00727,Install,2024-05-01,0
E0001912,U00727,Signup,2024-05-01,0
E0001913,U00728,Install,2024-02-18,0
E0001914,U00729,Install,2024-02-21,0
E0001915,U00729,Signup,2024-02-21,0
E0001916,U00729,Onboarding,2024-02-22,1
E0001917,U00729,First_Action,2024-02-24,3
E0001918,U00730,Install,2024-01-21,0
E0001919,U00730,Signup,2024-01-21,0
E0001920,U00730,Onboarding,2024-01-22,1
E0001921,U00731,Install,2024-01-11,0
E0001922,U00731,Signup,2024-01-11,0
E0001923,U00731,Onboarding,2024-01-12,1
E0001924,U00731,First_Action,2024-01-14,3
E0001925,U00731,Day1_Active,2024-01-15,4
E0001926,U00731,Day7_Active,2024-01-21,10
E0001927,U00732,Install,2024-05-27,0
E0001928,U00733,Install,2024-02-26,0
E0001929,U00733,Signup,2024-02-26,0
E0001930,U00733,Onboarding,2024-02-27,1
E0001931,U00733,First_Action,2024-02-29,3
E0001932,U00734,Install,2024-01-09,0
E0001933,U00734,Signup,2024-01-09,0
E0001934,U00734,Onboarding,2024-01-10,1
E0001935,U00734,First_Action,2024-01-12,3
E0001936,U00735,Install,2024-06-27,0
E0001937,U00735,Signup,2024-06-27,0
E0001938,U00735,Onboarding,2024-06-28,1
E0001939,U00736,Install,2024-01-26,0
E0001940,U00736,Signup,2024-01-26,0
E0001941,U00736,Onboarding,2024-01-27,1
E0001942,U00737,Install,2024-04-30,0
E0001943,U00737,Signup,2024-04-30,0
E0001944,U00738,Install,2024-04-05,0
E0001945,U00739,Install,2024-06-24,0
E0001946,U00740,Install,2024-04-07,0
E0001947,U00740,Signup,2024-04-07,0
E0001948,U00740,Onboarding,2024-04-08,1
E0001949,U00741,Install,2024-04-17,0
E0001950,U00742,Install,2024-05-04,0
E0001951,U00742,Signup,2024-05-04,0
E0001952,U00742,Onboarding,2024-05-05,1
E0001953,U00742,First_Action,2024-05-07,3
E0001954,U00743,Install,2024-01-16,0
E0001955,U00743,Signup,2024-01-16,0
E0001956,U00743,Onboarding,2024-01-17,1
E0001957,U00744,Install,2024-03-07,0
E0001958,U00744,Signup,2024-03-07,0
E0001959,U00744,Onboarding,2024-03-08,1
E0001960,U00745,Install,2024-02-01,0
E0001961,U00745,Signup,2024-02-01,0
E0001962,U00745,Onboarding,2024-02-02,1
E0001963,U00746,Install,2024-05-17,0
E0001964,U00747,Install,2024-04-24,0
E0001965,U00747,Signup,2024-04-24,0
E0001966,U00747,Onboarding,2024-04-25,1
E0001967,U00747,First_Action,2024-04-27,3
E0001968,U00747,Day1_Active,2024-04-28,4
E0001969,U00747,Day7_Active,2024-05-04,10
E0001970,U00748,Install,2024-02-12,0
E0001971,U00748,Signup,2024-02-12,0
E0001972,U00748,Onboarding,2024-02-13,1
E0001973,U00749,Install,2024-01-19,0
E0001974,U00749,Signup,2024-01-19,0
E0001975,U00749,Onboarding,2024-01-20,1
E0001976,U00749,First_Action,2024-01-22,3
E0001977,U00750,Install,2024-06-03,0
E0001978,U00751,Install,2024-05-30,0
E0001979,U00752,Install,2024-03-01,0
E0001980,U00753,Install,2024-01-27,0
E0001981,U00753,Signup,2024-01-27,0
E0001982,U00753,Onboarding,2024-01-28,1
E0001983,U00754,Install,2024-05-14,0
E0001984,U00754,Signup,2024-05-14,0
E0001985,U00754,Onboarding,2024-05-15,1
E0001986,U00755,Install,2024-04-09,0
E0001987,U00755,Signup,2024-04-09,0
E0001988,U00755,Onboarding,2024-04-10,1
E0001989,U00756,Install,2024-02-13,0
E0001990,U00756,Signup,2024-02-13,0
E0001991,U00756,Onboarding,2024-02-14,1
E0001992,U00756,First_Action,2024-02-16,3
E0001993,U00756,Day1_Active,2024-02-17,4
E0001994,U00757,Install,2024-05-18,0
E0001995,U00757,Signup,2024-05-18,0
E0001996,U00758,Install,2024-05-31,0
E0001997,U00758,Signup,2024-05-31,0
E0001998,U00758,Onboarding,2024-06-01,1
E0001999,U00759,Install,2024-06-12,0
E0002000,U00760,Install,2024-03-19,0
E0002001,U00761,Install,2024-02-04,0
E0002002,U00761,Signup,2024-02-04,0
E0002003,U00762,Install,2024-05-02,0
E0002004,U00762,Signup,2024-05-02,0
E0002005,U00762,Onboarding,2024-05-03,1
E0002006,U00763,Install,2024-05-20,0
E0002007,U00763,Signup,2024-05-20,0
E0002008,U00764,Install,2024-06-14,0
E0002009,U00764,Signup,2024-06-14,0
E0002010,U00764,Onboarding,2024-06-15,1
E0002011,U00764,First_Action,2024-06-17,3
E0002012,U00765,Install,2024-06-05,0
E0002013,U00765,Signup,2024-06-05,0
E0002014,U00766,Install,2024-04-15,0
E0002015,U00766,Signup,2024-04-15,0
E0002016,U00767,Install,2024-04-25,0
E0002017,U00767,Signup,2024-04-25,0
E0002018,U00768,Install,2024-05-16,0
E0002019,U00768,Signup,2024-05-16,0
E0002020,U00769,Install,2024-01-03,0
E0002021,U00769,Signup,2024-01-03,0
E0002022,U00769,Onboarding,2024-01-04,1
E0002023,U00770,Install,2024-05-07,0
E0002024,U00771,Install,2024-02-07,0
E0002025,U00772,Install,2024-03-05,0
E0002026,U00773,Install,2024-04-23,0
E0002027,U00773,Signup,2024-04-23,0
E0002028,U00773,Onboarding,2024-04-24,1
E0002029,U00774,Install,2024-06-19,0
E0002030,U00774,Signup,2024-06-19,0
E0002031,U00774,Onboarding,2024-06-20,1
E0002032,U00775,Install,2024-06-10,0
E0002033,U00776,Install,2024-03-17,0
E0002034,U00776,Signup,2024-03-17,0
E0002035,U00777,Install,2024-06-11,0
E0002036,U00777,Signup,2024-06-11,0
E0002037,U00777,Onboarding,2024-06-12,1
E0002038,U00777,First_Action,2024-06-14,3
E0002039,U00778,Install,2024-03-03,0
E0002040,U00778,Signup,2024-03-03,0
E0002041,U00778,Onboarding,2024-03-04,1
E0002042,U00778,First_Action,2024-03-06,3
E0002043,U00779,Install,2024-04-05,0
E0002044,U00779,Signup,2024-04-05,0
E0002045,U00779,Onboarding,2024-04-06,1
E0002046,U00779,First_Action,2024-04-08,3
E0002047,U00779,Day1_Active,2024-04-09,4
E0002048,U00780,Install,2024-06-09,0
E0002049,U00780,Signup,2024-06-09,0
E0002050,U00780,Onboarding,2024-06-10,1
E0002051,U00781,Install,2024-05-04,0
E0002052,U00781,Signup,2024-05-04,0
E0002053,U00781,Onboarding,2024-05-05,1
E0002054,U00781,First_Action,2024-05-07,3
E0002055,U00781,Day1_Active,2024-05-08,4
E0002056,U00781,Day7_Active,2024-05-14,10
E0002057,U00782,Install,2024-04-22,0
E0002058,U00782,Signup,2024-04-22,0
E0002059,U00782,Onboarding,2024-04-23,1
E0002060,U00782,First_Action,2024-04-25,3
E0002061,U00783,Install,2024-01-11,0
E0002062,U00783,Signup,2024-01-11,0
E0002063,U00783,Onboarding,2024-01-12,1
E0002064,U00784,Install,2024-02-17,0
E0002065,U00784,Signup,2024-02-17,0
E0002066,U00785,Install,2024-05-21,0
E0002067,U00785,Signup,2024-05-21,0
E0002068,U00786,Install,2024-04-26,0
E0002069,U00786,Signup,2024-04-26,0
E0002070,U00786,Onboarding,2024-04-27,1
E0002071,U00786,First_Action,2024-04-29,3
E0002072,U00787,Install,2024-04-03,0
E0002073,U00787,Signup,2024-04-03,0
E0002074,U00787,Onboarding,2024-04-04,1
E0002075,U00787,First_Action,2024-04-06,3
E0002076,U00788,Install,2024-04-09,0
E0002077,U00788,Signup,2024-04-09,0
E0002078,U00789,Install,2024-04-14,0
E0002079,U00789,Signup,2024-04-14,0
E0002080,U00790,Install,2024-02-03,0
E0002081,U00790,Signup,2024-02-03,0
E0002082,U00790,Onboarding,2024-02-04,1
E0002083,U00791,Install,2024-06-13,0
E0002084,U00791,Signup,2024-06-13,0
E0002085,U00791,Onboarding,2024-06-14,1
E0002086,U00792,Install,2024-04-03,0
E0002087,U00792,Signup,2024-04-03,0
E0002088,U00792,Onboarding,2024-04-04,1
E0002089,U00793,Install,2024-01-21,0
E0002090,U00793,Signup,2024-01-21,0
E0002091,U00794,Install,2024-04-04,0
E0002092,U00794,Signup,2024-04-04,0
E0002093,U00794,Onboarding,2024-04-05,1
E0002094,U00794,First_Action,2024-04-07,3
E0002095,U00795,Install,2024-03-18,0
E0002096,U00796,Install,2024-04-08,0
E0002097,U00796,Signup,2024-04-08,0
E0002098,U00796,Onboarding,2024-04-09,1
E0002099,U00796,First_Action,2024-04-11,3
E0002100,U00797,Install,2024-05-22,0
E0002101,U00798,Install,2024-06-19,0
E0002102,U00798,Signup,2024-06-19,0
E0002103,U00798,Onboarding,2024-06-20,1
E0002104,U00799,Install,2024-06-17,0
E0002105,U00799,Signup,2024-06-17,0
E0002106,U00800,Install,2024-03-24,0
E0002107,U00800,Signup,2024-03-24,0
E0002108,U00801,Install,2024-03-02,0
E0002109,U00801,Signup,2024-03-02,0
E0002110,U00801,Onboarding,2024-03-03,1
E0002111,U00802,Install,2024-04-25,0
E0002112,U00802,Signup,2024-04-25,0
E0002113,U00802,Onboarding,2024-04-26,1
E0002114,U00802,First_Action,2024-04-28,3
E0002115,U00803,Install,2024-05-12,0
E0002116,U00804,Install,2024-03-21,0
E0002117,U00804,Signup,2024-03-21,0
E0002118,U00804,Onboarding,2024-03-22,1
E0002119,U00804,First_Action,2024-03-24,3
E0002120,U00804,Day1_Active,2024-03-25,4
E0002121,U00804,Day7_Active,2024-03-31,10
E0002122,U00805,Install,2024-05-22,0
E0002123,U00805,Signup,2024-05-22,0
E0002124,U00806,Install,2024-03-08,0
E0002125,U00807,Install,2024-04-12,0
E0002126,U00808,Install,2024-05-04,0
E0002127,U00808,Signup,2024-05-04,0
E0002128,U00808,Onboarding,2024-05-05,1
E0002129,U00808,First_Action,2024-05-07,3
E0002130,U00808,Day1_Active,2024-05-08,4
E0002131,U00809,Install,2024-03-17,0
E0002132,U00809,Signup,2024-03-17,0
E0002133,U00809,Onboarding,2024-03-18,1
E0002134,U00810,Install,2024-03-26,0
E0002135,U00811,Install,2024-02-28,0
E0002136,U00811,Signup,2024-02-28,0
E0002137,U00811,Onboarding,2024-02-29,1
E0002138,U00812,Install,2024-01-14,0
E0002139,U00813,Install,2024-02-26,0
E0002140,U00814,Install,2024-05-27,0
E0002141,U00814,Signup,2024-05-27,0
E0002142,U00814,Onboarding,2024-05-28,1
E0002143,U00815,Install,2024-01-22,0
E0002144,U00815,Signup,2024-01-22,0
E0002145,U00815,Onboarding,2024-01-23,1
E0002146,U00815,First_Action,2024-01-25,3
E0002147,U00816,Install,2024-04-21,0
E0002148,U00816,Signup,2024-04-21,0
E0002149,U00816,Onboarding,2024-04-22,1
E0002150,U00816,First_Action,2024-04-24,3
E0002151,U00817,Install,2024-06-15,0
E0002152,U00817,Signup,2024-06-15,0
E0002153,U00817,Onboarding,2024-06-16,1
E0002154,U00818,Install,2024-03-09,0
E0002155,U00818,Signup,2024-03-09,0
E0002156,U00819,Install,2024-04-18,0
E0002157,U00819,Signup,2024-04-18,0
E0002158,U00820,Install,2024-02-13,0
E0002159,U00820,Signup,2024-02-13,0
E0002160,U00820,Onboarding,2024-02-14,1
E0002161,U00820,First_Action,2024-02-16,3
E0002162,U00821,Install,2024-01-12,0
E0002163,U00821,Signup,2024-01-12,0
E0002164,U00821,Onboarding,2024-01-13,1
E0002165,U00821,First_Action,2024-01-15,3
E0002166,U00822,Install,2024-01-22,0
E0002167,U00823,Install,2024-03-14,0
E0002168,U00823,Signup,2024-03-14,0
E0002169,U00824,Install,2024-02-23,0
E0002170,U00824,Signup,2024-02-23,0
E0002171,U00824,Onboarding,2024-02-24,1
E0002172,U00825,Install,2024-06-08,0
E0002173,U00825,Signup,2024-06-08,0
E0002174,U00826,Install,2024-06-18,0
E0002175,U00826,Signup,2024-06-18,0
E0002176,U00827,Install,2024-03-10,0
E0002177,U00827,Signup,2024-03-10,0
E0002178,U00827,Onboarding,2024-03-11,1
E0002179,U00827,First_Action,2024-03-13,3
E0002180,U00828,Install,2024-06-17,0
E0002181,U00828,Signup,2024-06-17,0
E0002182,U00828,Onboarding,2024-06-18,1
E0002183,U00829,Install,2024-04-07,0
E0002184,U00829,Signup,2024-04-07,0
E0002185,U00830,Install,2024-01-23,0
E0002186,U00830,Signup,2024-01-23,0
E0002187,U00830,Onboarding,2024-01-24,1
E0002188,U00831,Install,2024-03-04,0
E0002189,U00832,Install,2024-06-24,0
E0002190,U00833,Install,2024-01-16,0
E0002191,U00833,Signup,2024-01-16,0
E0002192,U00833,Onboarding,2024-01-17,1
E0002193,U00833,First_Action,2024-01-19,3
E0002194,U00834,Install,2024-05-22,0
E0002195,U00834,Signup,2024-05-22,0
E0002196,U00834,Onboarding,2024-05-23,1
E0002197,U00834,First_Action,2024-05-25,3
E0002198,U00834,Day1_Active,2024-05-26,4
E0002199,U00834,Day7_Active,2024-06-01,10
E0002200,U00835,Install,2024-04-07,0
E0002201,U00835,Signup,2024-04-07,0
E0002202,U00835,Onboarding,2024-04-08,1
E0002203,U00836,Install,2024-05-26,0
E0002204,U00836,Signup,2024-05-26,0
E0002205,U00836,Onboarding,2024-05-27,1
E0002206,U00837,Install,2024-02-22,0
E0002207,U00837,Signup,2024-02-22,0
E0002208,U00838,Install,2024-06-25,0
E0002209,U00839,Install,2024-02-07,0
E0002210,U00839,Signup,2024-02-07,0
E0002211,U00839,Onboarding,2024-02-08,1
E0002212,U00839,First_Action,2024-02-10,3
E0002213,U00839,Day1_Active,2024-02-11,4
E0002214,U00840,Install,2024-01-31,0
E0002215,U00840,Signup,2024-01-31,0
E0002216,U00841,Install,2024-04-15,0
E0002217,U00841,Signup,2024-04-15,0
E0002218,U00841,Onboarding,2024-04-16,1
E0002219,U00841,First_Action,2024-04-18,3
E0002220,U00842,Install,2024-03-11,0
E0002221,U00842,Signup,2024-03-11,0
E0002222,U00843,Install,2024-06-06,0
E0002223,U00843,Signup,2024-06-06,0
E0002224,U00843,Onboarding,2024-06-07,1
E0002225,U00844,Install,2024-04-01,0
E0002226,U00844,Signup,2024-04-01,0
E0002227,U00844,Onboarding,2024-04-02,1
E0002228,U00845,Install,2024-06-15,0
E0002229,U00845,Signup,2024-06-15,0
E0002230,U00846,Install,2024-01-09,0
E0002231,U00847,Install,2024-06-20,0
E0002232,U00848,Install,2024-06-06,0
E0002233,U00849,Install,2024-01-11,0
E0002234,U00849,Signup,2024-01-11,0
E0002235,U00849,Onboarding,2024-01-12,1
E0002236,U00849,First_Action,2024-01-14,3
E0002237,U00849,Day1_Active,2024-01-15,4
E0002238,U00850,Install,2024-05-26,0
E0002239,U00850,Signup,2024-05-26,0
E0002240,U00850,Onboarding,2024-05-27,1
E0002241,U00851,Install,2024-04-25,0
E0002242,U00851,Signup,2024-04-25,0
E0002243,U00851,Onboarding,2024-04-26,1
E0002244,U00852,Install,2024-01-11,0
E0002245,U00853,Install,2024-04-11,0
E0002246,U00854,Install,2024-01-14,0
E0002247,U00854,Signup,2024-01-14,0
E0002248,U00854,Onboarding,2024-01-15,1
E0002249,U00854,First_Action,2024-01-17,3
E0002250,U00855,Install,2024-05-08,0
E0002251,U00855,Signup,2024-05-08,0
E0002252,U00856,Install,2024-04-15,0
E0002253,U00856,Signup,2024-04-15,0
E0002254,U00857,Install,2024-04-26,0
E0002255,U00857,Signup,2024-04-26,0
E0002256,U00857,Onboarding,2024-04-27,1
E0002257,U00857,First_Action,2024-04-29,3
E0002258,U00858,Install,2024-02-01,0
E0002259,U00858,Signup,2024-02-01,0
E0002260,U00859,Install,2024-05-10,0
E0002261,U00859,Signup,2024-05-10,0
E0002262,U00860,Install,2024-03-26,0
E0002263,U00860,Signup,2024-03-26,0
E0002264,U00861,Install,2024-01-14,0
E0002265,U00862,Install,2024-01-31,0
E0002266,U00863,Install,2024-05-07,0
E0002267,U00864,Install,2024-05-30,0
E0002268,U00864,Signup,2024-05-30,0
E0002269,U00864,Onboarding,2024-05-31,1
E0002270,U00865,Install,2024-05-20,0
E0002271,U00866,Install,2024-01-15,0
E0002272,U00867,Install,2024-03-17,0
E0002273,U00868,Install,2024-03-13,0
E0002274,U00868,Signup,2024-03-13,0
E0002275,U00869,Install,2024-04-26,0
E0002276,U00870,Install,2024-04-07,0
E0002277,U00870,Signup,2024-04-07,0
E0002278,U00871,Install,2024-02-01,0
E0002279,U00871,Signup,2024-02-01,0
E0002280,U00871,Onboarding,2024-02-02,1
E0002281,U00872,Install,2024-06-05,0
E0002282,U00872,Signup,2024-06-05,0
E0002283,U00872,Onboarding,2024-06-06,1
E0002284,U00873,Install,2024-06-25,0
E0002285,U00873,Signup,2024-06-25,0
E0002286,U00874,Install,2024-03-07,0
E0002287,U00874,Signup,2024-03-07,0
E0002288,U00875,Install,2024-05-13,0
E0002289,U00875,Signup,2024-05-13,0
E0002290,U00876,Install,2024-03-15,0
E0002291,U00876,Signup,2024-03-15,0
E0002292,U00877,Install,2024-02-23,0
E0002293,U00877,Signup,2024-02-23,0
E0002294,U00877,Onboarding,2024-02-24,1
E0002295,U00877,First_Action,2024-02-26,3
E0002296,U00878,Install,2024-06-12,0
E0002297,U00878,Signup,2024-06-12,0
E0002298,U00878,Onboarding,2024-06-13,1
E0002299,U00878,First_Action,2024-06-15,3
E0002300,U00879,Install,2024-03-17,0
E0002301,U00879,Signup,2024-03-17,0
E0002302,U00879,Onboarding,2024-03-18,1
E0002303,U00879,First_Action,2024-03-20,3
E0002304,U00879,Day1_Active,2024-03-21,4
E0002305,U00880,Install,2024-05-25,0
E0002306,U00880,Signup,2024-05-25,0
E0002307,U00880,Onboarding,2024-05-26,1
E0002308,U00880,First_Action,2024-05-28,3
E0002309,U00881,Install,2024-06-21,0
E0002310,U00882,Install,2024-04-27,0
E0002311,U00883,Install,2024-01-15,0
E0002312,U00883,Signup,2024-01-15,0
E0002313,U00883,Onboarding,2024-01-16,1
E0002314,U00883,First_Action,2024-01-18,3
E0002315,U00883,Day1_Active,2024-01-19,4
E0002316,U00884,Install,2024-02-23,0
E0002317,U00884,Signup,2024-02-23,0
E0002318,U00884,Onboarding,2024-02-24,1
E0002319,U00884,First_Action,2024-02-26,3
E0002320,U00885,Install,2024-02-08,0
E0002321,U00885,Signup,2024-02-08,0
E0002322,U00885,Onboarding,2024-02-09,1
E0002323,U00885,First_Action,2024-02-11,3
E0002324,U00885,Day1_Active,2024-02-12,4
E0002325,U00886,Install,2024-05-26,0
E0002326,U00886,Signup,2024-05-26,0
E0002327,U00886,Onboarding,2024-05-27,1
E0002328,U00887,Install,2024-03-21,0
E0002329,U00887,Signup,2024-03-21,0
E0002330,U00888,Install,2024-03-18,0
E0002331,U00888,Signup,2024-03-18,0
E0002332,U00889,Install,2024-01-24,0
E0002333,U00889,Signup,2024-01-24,0
E0002334,U00890,Install,2024-05-03,0
E0002335,U00890,Signup,2024-05-03,0
E0002336,U00890,Onboarding,2024-05-04,1
E0002337,U00890,First_Action,2024-05-06,3
E0002338,U00891,Install,2024-05-12,0
E0002339,U00891,Signup,2024-05-12,0
E0002340,U00891,Onboarding,2024-05-13,1
E0002341,U00891,First_Action,2024-05-15,3
E0002342,U00892,Install,2024-05-13,0
E0002343,U00892,Signup,2024-05-13,0
E0002344,U00892,Onboarding,2024-05-14,1
E0002345,U00892,First_Action,2024-05-16,3
E0002346,U00893,Install,2024-03-26,0
E0002347,U00893,Signup,2024-03-26,0
E0002348,U00894,Install,2024-05-27,0
E0002349,U00894,Signup,2024-05-27,0
E0002350,U00894,Onboarding,2024-05-28,1
E0002351,U00895,Install,2024-05-16,0
E0002352,U00895,Signup,2024-05-16,0
E0002353,U00896,Install,2024-01-04,0
E0002354,U00896,Signup,2024-01-04,0
E0002355,U00896,Onboarding,2024-01-05,1
E0002356,U00897,Install,2024-03-10,0
E0002357,U00897,Signup,2024-03-10,0
E0002358,U00898,Install,2024-06-05,0
E0002359,U00898,Signup,2024-06-05,0
E0002360,U00899,Install,2024-01-13,0
E0002361,U00900,Install,2024-05-31,0
E0002362,U00900,Signup,2024-05-31,0
E0002363,U00900,Onboarding,2024-06-01,1
E0002364,U00900,First_Action,2024-06-03,3
E0002365,U00901,Install,2024-02-20,0
E0002366,U00902,Install,2024-04-29,0
E0002367,U00902,Signup,2024-04-29,0
E0002368,U00903,Install,2024-03-20,0
E0002369,U00903,Signup,2024-03-20,0
E0002370,U00903,Onboarding,2024-03-21,1
E0002371,U00904,Install,2024-06-06,0
E0002372,U00904,Signup,2024-06-06,0
E0002373,U00904,Onboarding,2024-06-07,1
E0002374,U00905,Install,2024-03-24,0
E0002375,U00905,Signup,2024-03-24,0
E0002376,U00905,Onboarding,2024-03-25,1
E0002377,U00906,Install,2024-02-13,0
E0002378,U00906,Signup,2024-02-13,0
E0002379,U00906,Onboarding,2024-02-14,1
E0002380,U00906,First_Action,2024-02-16,3
E0002381,U00906,Day1_Active,2024-02-17,4
E0002382,U00907,Install,2024-01-28,0
E0002383,U00907,Signup,2024-01-28,0
E0002384,U00908,Install,2024-04-15,0
E0002385,U00908,Signup,2024-04-15,0
E0002386,U00908,Onboarding,2024-04-16,1
E0002387,U00909,Install,2024-02-23,0
E0002388,U00909,Signup,2024-02-23,0
E0002389,U00909,Onboarding,2024-02-24,1
E0002390,U00909,First_Action,2024-02-26,3
E0002391,U00910,Install,2024-05-19,0
E0002392,U00910,Signup,2024-05-19,0
E0002393,U00910,Onboarding,2024-05-20,1
E0002394,U00911,Install,2024-05-04,0
E0002395,U00911,Signup,2024-05-04,0
E0002396,U00911,Onboarding,2024-05-05,1
E0002397,U00912,Install,2024-03-19,0
E0002398,U00913,Install,2024-04-07,0
E0002399,U00914,Install,2024-05-28,0
E0002400,U00915,Install,2024-05-16,0
E0002401,U00915,Signup,2024-05-16,0
E0002402,U00915,Onboarding,2024-05-17,1
E0002403,U00915,First_Action,2024-05-19,3
E0002404,U00916,Install,2024-03-17,0
E0002405,U00916,Signup,2024-03-17,0
E0002406,U00916,Onboarding,2024-03-18,1
E0002407,U00917,Install,2024-03-29,0
E0002408,U00917,Signup,2024-03-29,0
E0002409,U00918,Install,2024-03-16,0
E0002410,U00918,Signup,2024-03-16,0
E0002411,U00918,Onboarding,2024-03-17,1
E0002412,U00919,Install,2024-04-01,0
E0002413,U00919,Signup,2024-04-01,0
E0002414,U00919,Onboarding,2024-04-02,1
E0002415,U00920,Install,2024-06-09,0
E0002416,U00920,Signup,2024-06-09,0
E0002417,U00920,Onboarding,2024-06-10,1
E0002418,U00921,Install,2024-05-01,0
E0002419,U00921,Signup,2024-05-01,0
E0002420,U00921,Onboarding,2024-05-02,1
E0002421,U00922,Install,2024-03-14,0
E0002422,U00923,Install,2024-05-04,0
E0002423,U00923,Signup,2024-05-04,0
E0002424,U00924,Install,2024-04-26,0
E0002425,U00924,Signup,2024-04-26,0
E0002426,U00925,Install,2024-04-18,0
E0002427,U00925,Signup,2024-04-18,0
E0002428,U00925,Onboarding,2024-04-19,1
E0002429,U00926,Install,2024-05-27,0
E0002430,U00926,Signup,2024-05-27,0
E0002431,U00927,Install,2024-05-27,0
E0002432,U00927,Signup,2024-05-27,0
E0002433,U00928,Install,2024-05-03,0
E0002434,U00928,Signup,2024-05-03,0
E0002435,U00928,Onboarding,2024-05-04,1
E0002436,U00929,Install,2024-03-12,0
E0002437,U00930,Install,2024-06-18,0
E0002438,U00931,Install,2024-01-14,0
E0002439,U00932,Install,2024-05-26,0
E0002440,U00932,Signup,2024-05-26,0
E0002441,U00932,Onboarding,2024-05-27,1
E0002442,U00933,Install,2024-01-10,0
E0002443,U00933,Signup,2024-01-10,0
E0002444,U00933,Onboarding,2024-01-11,1
E0002445,U00933,First_Action,2024-01-13,3
E0002446,U00933,Day1_Active,2024-01-14,4
E0002447,U00934,Install,2024-06-10,0
E0002448,U00935,Install,2024-06-08,0
E0002449,U00935,Signup,2024-06-08,0
E0002450,U00935,Onboarding,2024-06-09,1
E0002451,U00936,Install,2024-03-05,0
E0002452,U00936,Signup,2024-03-05,0
E0002453,U00937,Install,2024-02-14,0
E0002454,U00938,Install,2024-06-28,0
E0002455,U00939,Install,2024-02-07,0
E0002456,U00939,Signup,2024-02-07,0
E0002457,U00939,Onboarding,2024-02-08,1
E0002458,U00939,First_Action,2024-02-10,3
E0002459,U00940,Install,2024-04-08,0
E0002460,U00940,Signup,2024-04-08,0
E0002461,U00941,Install,2024-03-29,0
E0002462,U00941,Signup,2024-03-29,0
E0002463,U00941,Onboarding,2024-03-30,1
E0002464,U00941,First_Action,2024-04-01,3
E0002465,U00941,Day1_Active,2024-04-02,4
E0002466,U00942,Install,2024-05-01,0
E0002467,U00943,Install,2024-06-29,0
E0002468,U00943,Signup,2024-06-29,0
E0002469,U00943,Onboarding,2024-06-30,1
E0002470,U00943,First_Action,2024-07-02,3
E0002471,U00944,Install,2024-04-24,0
E0002472,U00944,Signup,2024-04-24,0
E0002473,U00944,Onboarding,2024-04-25,1
E0002474,U00945,Install,2024-05-16,0
E0002475,U00946,Install,2024-03-26,0
E0002476,U00947,Install,2024-06-21,0
E0002477,U00947,Signup,2024-06-21,0
E0002478,U00948,Install,2024-06-25,0
E0002479,U00948,Signup,2024-06-25,0
E0002480,U00948,Onboarding,2024-06-26,1
E0002481,U00948,First_Action,2024-06-28,3
E0002482,U00948,Day1_Active,2024-06-29,4
E0002483,U00949,Install,2024-04-15,0
E0002484,U00949,Signup,2024-04-15,0
E0002485,U00950,Install,2024-02-19,0
E0002486,U00950,Signup,2024-02-19,0
E0002487,U00950,Onboarding,2024-02-20,1
E0002488,U00951,Install,2024-02-25,0
E0002489,U00952,Install,2024-02-03,0
E0002490,U00952,Signup,2024-02-03,0
E0002491,U00952,Onboarding,2024-02-04,1
E0002492,U00953,Install,2024-01-29,0
E0002493,U00953,Signup,2024-01-29,0
E0002494,U00954,Install,2024-03-11,0
E0002495,U00954,Signup,2024-03-11,0
E0002496,U00954,Onboarding,2024-03-12,1
E0002497,U00954,First_Action,2024-03-14,3
E0002498,U00955,Install,2024-01-19,0
E0002499,U00956,Install,2024-03-08,0
E0002500,U00956,Signup,2024-03-08,0
E0002501,U00957,Install,2024-06-14,0
E0002502,U00957,Signup,2024-06-14,0
E0002503,U00958,Install,2024-04-23,0
E0002504,U00959,Install,2024-04-24,0
E0002505,U00959,Signup,2024-04-24,0
E0002506,U00959,Onboarding,2024-04-25,1
E0002507,U00960,Install,2024-04-09,0
E0002508,U00961,Install,2024-05-05,0
E0002509,U00961,Signup,2024-05-05,0
E0002510,U00962,Install,2024-02-27,0
E0002511,U00962,Signup,2024-02-27,0
E0002512,U00962,Onboarding,2024-02-28,1
E0002513,U00963,Install,2024-04-01,0
E0002514,U00964,Install,2024-04-03,0
E0002515,U00964,Signup,2024-04-03,0
E0002516,U00964,Onboarding,2024-04-04,1
E0002517,U00965,Install,2024-06-14,0
E0002518,U00965,Signup,2024-06-14,0
E0002519,U00965,Onboarding,2024-06-15,1
E0002520,U00965,First_Action,2024-06-17,3
E0002521,U00966,Install,2024-04-09,0
E0002522,U00966,Signup,2024-04-09,0
E0002523,U00966,Onboarding,2024-04-10,1
E0002524,U00967,Install,2024-02-18,0
E0002525,U00967,Signup,2024-02-18,0
E0002526,U00967,Onboarding,2024-02-19,1
E0002527,U00967,First_Action,2024-02-21,3
E0002528,U00967,Day1_Active,2024-02-22,4
E0002529,U00967,Day7_Active,2024-02-28,10
E0002530,U00968,Install,2024-01-17,0
E0002531,U00968,Signup,2024-01-17,0
E0002532,U00969,Install,2024-01-05,0
E0002533,U00969,Signup,2024-01-05,0
E0002534,U00969,Onboarding,2024-01-06,1
E0002535,U00970,Install,2024-06-16,0
E0002536,U00970,Signup,2024-06-16,0
E0002537,U00971,Install,2024-05-28,0
E0002538,U00971,Signup,2024-05-28,0
E0002539,U00972,Install,2024-06-07,0
E0002540,U00973,Install,2024-03-19,0
E0002541,U00973,Signup,2024-03-19,0
E0002542,U00973,Onboarding,2024-03-20,1
E0002543,U00973,First_Action,2024-03-22,3
E0002544,U00974,Install,2024-01-28,0
E0002545,U00975,Install,2024-03-27,0
E0002546,U00976,Install,2024-05-27,0
E0002547,U00976,Signup,2024-05-27,0
E0002548,U00977,Install,2024-02-14,0
E0002549,U00977,Signup,2024-02-14,0
E0002550,U00977,Onboarding,2024-02-15,1
E0002551,U00977,First_Action,2024-02-17,3
E0002552,U00978,Install,2024-05-21,0
E0002553,U00978,Signup,2024-05-21,0
E0002554,U00978,Onboarding,2024-05-22,1
E0002555,U00978,First_Action,2024-05-24,3
E0002556,U00978,Day1_Active,2024-05-25,4
E0002557,U00978,Day7_Active,2024-05-31,10
E0002558,U00979,Install,2024-06-10,0
E0002559,U00979,Signup,2024-06-10,0
E0002560,U00979,Onboarding,2024-06-11,1
E0002561,U00979,First_Action,2024-06-13,3
E0002562,U00980,Install,2024-02-15,0
E0002563,U00980,Signup,2024-02-15,0
E0002564,U00981,Install,2024-05-01,0
E0002565,U00981,Signup,2024-05-01,0
E0002566,U00981,Onboarding,2024-05-02,1
E0002567,U00981,First_Action,2024-05-04,3
E0002568,U00981,Day1_Active,2024-05-05,4
E0002569,U00982,Install,2024-02-14,0
E0002570,U00982,Signup,2024-02-14,0
E0002571,U00982,Onboarding,2024-02-15,1
E0002572,U00983,Install,2024-06-09,0
E0002573,U00983,Signup,2024-06-09,0
E0002574,U00983,Onboarding,2024-06-10,1
E0002575,U00983,First_Action,2024-06-12,3
E0002576,U00983,Day1_Active,2024-06-13,4
E0002577,U00984,Install,2024-05-15,0
E0002578,U00985,Install,2024-04-28,0
E0002579,U00985,Signup,2024-04-28,0
E0002580,U00986,Install,2024-06-24,0
E0002581,U00986,Signup,2024-06-24,0
E0002582,U00986,Onboarding,2024-06-25,1
E0002583,U00987,Install,2024-01-14,0
E0002584,U00987,Signup,2024-01-14,0
E0002585,U00987,Onboarding,2024-01-15,1
E0002586,U00987,First_Action,2024-01-17,3
E0002587,U00987,Day1_Active,2024-01-18,4
E0002588,U00987,Day7_Active,2024-01-24,10
E0002589,U00988,Install,2024-04-26,0
E0002590,U00989,Install,2024-05-04,0
E0002591,U00989,Signup,2024-05-04,0
E0002592,U00990,Install,2024-04-17,0
E0002593,U00990,Signup,2024-04-17,0
E0002594,U00990,Onboarding,2024-04-18,1
E0002595,U00990,First_Action,2024-04-20,3
E0002596,U00991,Install,2024-01-26,0
E0002597,U00991,Signup,2024-01-26,0
E0002598,U00991,Onboarding,2024-01-27,1
E0002599,U00992,Install,2024-05-29,0
E0002600,U00992,Signup,2024-05-29,0
E0002601,U00992,Onboarding,2024-05-30,1
E0002602,U00992,First_Action,2024-06-01,3
E0002603,U00993,Install,2024-04-09,0
E0002604,U00993,Signup,2024-04-09,0
E0002605,U00993,Onboarding,2024-04-10,1
E0002606,U00993,First_Action,2024-04-12,3
E0002607,U00994,Install,2024-03-26,0
E0002608,U00994,Signup,2024-03-26,0
E0002609,U00995,Install,2024-04-27,0
E0002610,U00996,Install,2024-06-12,0
E0002611,U00997,Install,2024-04-15,0
E0002612,U00997,Signup,2024-04-15,0
E0002613,U00997,Onboarding,2024-04-16,1
E0002614,U00997,First_Action,2024-04-18,3
E0002615,U00998,Install,2024-03-12,0
E0002616,U00998,Signup,2024-03-12,0
E0002617,U00998,Onboarding,2024-03-13,1
E0002618,U00999,Install,2024-02-26,0
E0002619,U00999,Signup,2024-02-26,0
E0002620,U00999,Onboarding,2024-02-27,1
E0002621,U01000,Install,2024-01-12,0
E0002622,U01000,Signup,2024-01-12,0
E0002623,U01000,Onboarding,2024-01-13,1
E0002624,U01000,First_Action,2024-01-15,3
E0002625,U01001,Install,2024-05-02,0
E0002626,U01001,Signup,2024-05-02,0
E0002627,U01001,Onboarding,2024-05-03,1
E0002628,U01002,Install,2024-01-04,0
E0002629,U01002,Signup,2024-01-04,0
E0002630,U01002,Onboarding,2024-01-05,1
E0002631,U01003,Install,2024-01-24,0
E0002632,U01003,Signup,2024-01-24,0
E0002633,U01004,Install,2024-05-29,0
E0002634,U01004,Signup,2024-05-29,0
E0002635,U01005,Install,2024-04-04,0
E0002636,U01005,Signup,2024-04-04,0
E0002637,U01005,Onboarding,2024-04-05,1
E0002638,U01005,First_Action,2024-04-07,3
E0002639,U01005,Day1_Active,2024-04-08,4
E0002640,U01006,Install,2024-06-25,0
E0002641,U01006,Signup,2024-06-25,0
E0002642,U01006,Onboarding,2024-06-26,1
E0002643,U01006,First_Action,2024-06-28,3
E0002644,U01007,Install,2024-05-18,0
E0002645,U01007,Signup,2024-05-18,0
E0002646,U01008,Install,2024-01-15,0
E0002647,U01009,Install,2024-04-29,0
E0002648,U01009,Signup,2024-04-29,0
E0002649,U01009,Onboarding,2024-04-30,1
E0002650,U01010,Install,2024-06-30,0
E0002651,U01010,Signup,2024-06-30,0
E0002652,U01010,Onboarding,2024-07-01,1
E0002653,U01011,Install,2024-05-28,0
E0002654,U01011,Signup,2024-05-28,0
E0002655,U01012,Install,2024-03-09,0
E0002656,U01012,Signup,2024-03-09,0
E0002657,U01013,Install,2024-05-08,0
E0002658,U01013,Signup,2024-05-08,0
E0002659,U01013,Onboarding,2024-05-09,1
E0002660,U01014,Install,2024-03-15,0
E0002661,U01014,Signup,2024-03-15,0
E0002662,U01015,Install,2024-01-17,0
E0002663,U01015,Signup,2024-01-17,0
E0002664,U01016,Install,2024-01-20,0
E0002665,U01016,Signup,2024-01-20,0
E0002666,U01016,Onboarding,2024-01-21,1
E0002667,U01016,First_Action,2024-01-23,3
E0002668,U01016,Day1_Active,2024-01-24,4
E0002669,U01017,Install,2024-05-13,0
E0002670,U01017,Signup,2024-05-13,0
E0002671,U01017,Onboarding,2024-05-14,1
E0002672,U01018,Install,2024-05-01,0
E0002673,U01018,Signup,2024-05-01,0
E0002674,U01018,Onboarding,2024-05-02,1
E0002675,U01019,Install,2024-02-29,0
E0002676,U01019,Signup,2024-02-29,0
E0002677,U01019,Onboarding,2024-03-01,1
E0002678,U01019,First_Action,2024-03-03,3
E0002679,U01019,Day1_Active,2024-03-04,4
E0002680,U01019,Day7_Active,2024-03-10,10
E0002681,U01020,Install,2024-03-24,0
E0002682,U01021,Install,2024-05-25,0
E0002683,U01021,Signup,2024-05-25,0
E0002684,U01021,Onboarding,2024-05-26,1
E0002685,U01021,First_Action,2024-05-28,3
E0002686,U01021,Day1_Active,2024-05-29,4
E0002687,U01021,Day7_Active,2024-06-04,10
E0002688,U01022,Install,2024-03-14,0
E0002689,U01022,Signup,2024-03-14,0
E0002690,U01022,Onboarding,2024-03-15,1
E0002691,U01023,Install,2024-02-11,0
E0002692,U01023,Signup,2024-02-11,0
E0002693,U01023,Onboarding,2024-02-12,1
E0002694,U01024,Install,2024-06-19,0
E0002695,U01024,Signup,2024-06-19,0
E0002696,U01025,Install,2024-04-22,0
E0002697,U01026,Install,2024-03-29,0
E0002698,U01026,Signup,2024-03-29,0
E0002699,U01026,Onboarding,2024-03-30,1
E0002700,U01027,Install,2024-01-07,0
E0002701,U01027,Signup,2024-01-07,0
E0002702,U01027,Onboarding,2024-01-08,1
E0002703,U01027,First_Action,2024-01-10,3
E0002704,U01028,Install,2024-01-02,0
E0002705,U01028,Signup,2024-01-02,0
E0002706,U01029,Install,2024-03-15,0
E0002707,U01029,Signup,2024-03-15,0
E0002708,U01029,Onboarding,2024-03-16,1
E0002709,U01030,Install,2024-04-23,0
E0002710,U01031,Install,2024-01-30,0
E0002711,U01031,Signup,2024-01-30,0
E0002712,U01031,Onboarding,2024-01-31,1
E0002713,U01032,Install,2024-01-15,0
E0002714,U01032,Signup,2024-01-15,0
E0002715,U01032,Onboarding,2024-01-16,1
E0002716,U01032,First_Action,2024-01-18,3
E0002717,U01032,Day1_Active,2024-01-19,4
E0002718,U01032,Day7_Active,2024-01-25,10
E0002719,U01033,Install,2024-02-20,0
E0002720,U01033,Signup,2024-02-20,0
E0002721,U01034,Install,2024-05-11,0
E0002722,U01034,Signup,2024-05-11,0
E0002723,U01035,Install,2024-06-19,0
E0002724,U01035,Signup,2024-06-19,0
E0002725,U01035,Onboarding,2024-06-20,1
E0002726,U01035,First_Action,2024-06-22,3
E0002727,U01035,Day1_Active,2024-06-23,4
E0002728,U01036,Install,2024-03-13,0
E0002729,U01036,Signup,2024-03-13,0
E0002730,U01036,Onboarding,2024-03-14,1
E0002731,U01036,First_Action,2024-03-16,3
E0002732,U01036,Day1_Active,2024-03-17,4
E0002733,U01037,Install,2024-04-23,0
E0002734,U01037,Signup,2024-04-23,0
E0002735,U01037,Onboarding,2024-04-24,1
E0002736,U01038,Install,2024-04-18,0
E0002737,U01038,Signup,2024-04-18,0
E0002738,U01039,Install,2024-03-18,0
E0002739,U01039,Signup,2024-03-18,0
E0002740,U01040,Install,2024-04-06,0
E0002741,U01040,Signup,2024-04-06,0
E0002742,U01040,Onboarding,2024-04-07,1
E0002743,U01040,First_Action,2024-04-09,3
E0002744,U01040,Day1_Active,2024-04-10,4
E0002745,U01040,Day7_Active,2024-04-16,10
E0002746,U01041,Install,2024-06-30,0
E0002747,U01042,Install,2024-05-05,0
E0002748,U01042,Signup,2024-05-05,0
E0002749,U01042,Onboarding,2024-05-06,1
E0002750,U01042,First_Action,2024-05-08,3
E0002751,U01042,Day1_Active,2024-05-09,4
E0002752,U01042,Day7_Active,2024-05-15,10
E0002753,U01043,Install,2024-04-28,0
E0002754,U01043,Signup,2024-04-28,0
E0002755,U01043,Onboarding,2024-04-29,1
E0002756,U01044,Install,2024-06-11,0
E0002757,U01045,Install,2024-06-25,0
E0002758,U01045,Signup,2024-06-25,0
E0002759,U01045,Onboarding,2024-06-26,1
E0002760,U01046,Install,2024-06-02,0
E0002761,U01046,Signup,2024-06-02,0
E0002762,U01047,Install,2024-05-01,0
E0002763,U01048,Install,2024-03-07,0
E0002764,U01048,Signup,2024-03-07,0
E0002765,U01048,Onboarding,2024-03-08,1
E0002766,U01048,First_Action,2024-03-10,3
E0002767,U01048,Day1_Active,2024-03-11,4
E0002768,U01049,Install,2024-02-11,0
E0002769,U01049,Signup,2024-02-11,0
E0002770,U01049,Onboarding,2024-02-12,1
E0002771,U01050,Install,2024-03-15,0
E0002772,U01051,Install,2024-01-25,0
E0002773,U01051,Signup,2024-01-25,0
E0002774,U01051,Onboarding,2024-01-26,1
E0002775,U01052,Install,2024-03-18,0
E0002776,U01052,Signup,2024-03-18,0
E0002777,U01052,Onboarding,2024-03-19,1
E0002778,U01052,First_Action,2024-03-21,3
E0002779,U01052,Day1_Active,2024-03-22,4
E0002780,U01053,Install,2024-02-06,0
E0002781,U01053,Signup,2024-02-06,0
E0002782,U01054,Install,2024-02-11,0
E0002783,U01054,Signup,2024-02-11,0
E0002784,U01055,Install,2024-06-06,0
E0002785,U01055,Signup,2024-06-06,0
E0002786,U01056,Install,2024-01-30,0
E0002787,U01056,Signup,2024-01-30,0
E0002788,U01057,Install,2024-03-30,0
E0002789,U01057,Signup,2024-03-30,0
E0002790,U01057,Onboarding,2024-03-31,1
E0002791,U01057,First_Action,2024-04-02,3
E0002792,U01057,Day1_Active,2024-04-03,4
E0002793,U01058,Install,2024-03-28,0
E0002794,U01058,Signup,2024-03-28,0
E0002795,U01059,Install,2024-06-26,0
E0002796,U01060,Install,2024-06-25,0
E0002797,U01060,Signup,2024-06-25,0
E0002798,U01061,Install,2024-02-20,0
E0002799,U01061,Signup,2024-02-20,0
E0002800,U01061,Onboarding,2024-02-21,1
E0002801,U01061,First_Action,2024-02-23,3
E0002802,U01062,Install,2024-03-05,0
E0002803,U01062,Signup,2024-03-05,0
E0002804,U01062,Onboarding,2024-03-06,1
E0002805,U01063,Install,2024-06-03,0
E0002806,U01063,Signup,2024-06-03,0
E0002807,U01063,Onboarding,2024-06-04,1
E0002808,U01063,First_Action,2024-06-06,3
E0002809,U01063,Day1_Active,2024-06-07,4
E0002810,U01064,Install,2024-03-12,0
E0002811,U01064,Signup,2024-03-12,0
E0002812,U01065,Install,2024-03-02,0
E0002813,U01065,Signup,2024-03-02,0
E0002814,U01065,Onboarding,2024-03-03,1
E0002815,U01066,Install,2024-02-19,0
E0002816,U01066,Signup,2024-02-19,0
E0002817,U01067,Install,2024-02-24,0
E0002818,U01067,Signup,2024-02-24,0
E0002819,U01068,Install,2024-06-21,0
E0002820,U01068,Signup,2024-06-21,0
E0002821,U01068,Onboarding,2024-06-22,1
E0002822,U01069,Install,2024-02-28,0
E0002823,U01069,Signup,2024-02-28,0
E0002824,U01069,Onboarding,2024-02-29,1
E0002825,U01069,First_Action,2024-03-02,3
E0002826,U01069,Day1_Active,2024-03-03,4
E0002827,U01070,Install,2024-05-06,0
E0002828,U01071,Install,2024-01-30,0
E0002829,U01071,Signup,2024-01-30,0
E0002830,U01071,Onboarding,2024-01-31,1
E0002831,U01071,First_Action,2024-02-02,3
E0002832,U01072,Install,2024-02-27,0
E0002833,U01072,Signup,2024-02-27,0
E0002834,U01072,Onboarding,2024-02-28,1
E0002835,U01072,First_Action,2024-03-01,3
E0002836,U01073,Install,2024-05-01,0
E0002837,U01073,Signup,2024-05-01,0
E0002838,U01073,Onboarding,2024-05-02,1
E0002839,U01074,Install,2024-04-11,0
E0002840,U01074,Signup,2024-04-11,0
E0002841,U01075,Install,2024-05-31,0
E0002842,U01075,Signup,2024-05-31,0
E0002843,U01075,Onboarding,2024-06-01,1
E0002844,U01076,Install,2024-02-20,0
E0002845,U01076,Signup,2024-02-20,0
E0002846,U01076,Onboarding,2024-02-21,1
E0002847,U01076,First_Action,2024-02-23,3
E0002848,U01077,Install,2024-05-07,0
E0002849,U01077,Signup,2024-05-07,0
E0002850,U01077,Onboarding,2024-05-08,1
E0002851,U01078,Install,2024-06-13,0
E0002852,U01078,Signup,2024-06-13,0
E0002853,U01078,Onboarding,2024-06-14,1
E0002854,U01079,Install,2024-05-10,0
E0002855,U01079,Signup,2024-05-10,0
E0002856,U01080,Install,2024-06-09,0
E0002857,U01081,Install,2024-01-07,0
E0002858,U01082,Install,2024-01-25,0
E0002859,U01082,Signup,2024-01-25,0
E0002860,U01082,Onboarding,2024-01-26,1
E0002861,U01082,First_Action,2024-01-28,3
E0002862,U01082,Day1_Active,2024-01-29,4
E0002863,U01083,Install,2024-03-16,0
E0002864,U01083,Signup,2024-03-16,0
E0002865,U01083,Onboarding,2024-03-17,1
E0002866,U01083,First_Action,2024-03-19,3
E0002867,U01084,Install,2024-05-19,0
E0002868,U01084,Signup,2024-05-19,0
E0002869,U01084,Onboarding,2024-05-20,1
E0002870,U01085,Install,2024-04-25,0
E0002871,U01085,Signup,2024-04-25,0
E0002872,U01086,Install,2024-03-18,0
E0002873,U01087,Install,2024-01-29,0
E0002874,U01087,Signup,2024-01-29,0
E0002875,U01088,Install,2024-05-23,0
E0002876,U01088,Signup,2024-05-23,0
E0002877,U01088,Onboarding,2024-05-24,1
E0002878,U01089,Install,2024-06-06,0
E0002879,U01089,Signup,2024-06-06,0
E0002880,U01090,Install,2024-02-02,0
E0002881,U01090,Signup,2024-02-02,0
E0002882,U01090,Onboarding,2024-02-03,1
E0002883,U01091,Install,2024-03-28,0
E0002884,U01091,Signup,2024-03-28,0
E0002885,U01092,Install,2024-03-03,0
E0002886,U01093,Install,2024-03-19,0
E0002887,U01093,Signup,2024-03-19,0
E0002888,U01093,Onboarding,2024-03-20,1
E0002889,U01093,First_Action,2024-03-22,3
E0002890,U01094,Install,2024-04-18,0
E0002891,U01094,Signup,2024-04-18,0
E0002892,U01094,Onboarding,2024-04-19,1
E0002893,U01094,First_Action,2024-04-21,3
E0002894,U01095,Install,2024-03-22,0
E0002895,U01095,Signup,2024-03-22,0
E0002896,U01095,Onboarding,2024-03-23,1
E0002897,U01096,Install,2024-06-21,0
E0002898,U01096,Signup,2024-06-21,0
E0002899,U01096,Onboarding,2024-06-22,1
E0002900,U01097,Install,2024-03-17,0
E0002901,U01097,Signup,2024-03-17,0
E0002902,U01098,Install,2024-05-17,0
E0002903,U01098,Signup,2024-05-17,0
E0002904,U01098,Onboarding,2024-05-18,1
E0002905,U01098,First_Action,2024-05-20,3
E0002906,U01098,Day1_Active,2024-05-21,4
E0002907,U01098,Day7_Active,2024-05-27,10
E0002908,U01099,Install,2024-06-08,0
E0002909,U01099,Signup,2024-06-08,0
E0002910,U01100,Install,2024-01-18,0
E0002911,U01100,Signup,2024-01-18,0
E0002912,U01100,Onboarding,2024-01-19,1
E0002913,U01100,First_Action,2024-01-21,3
E0002914,U01101,Install,2024-03-18,0
E0002915,U01101,Signup,2024-03-18,0
E0002916,U01101,Onboarding,2024-03-19,1
E0002917,U01101,First_Action,2024-03-21,3
E0002918,U01101,Day1_Active,2024-03-22,4
E0002919,U01102,Install,2024-03-05,0
E0002920,U01102,Signup,2024-03-05,0
E0002921,U01103,Install,2024-06-29,0
E0002922,U01103,Signup,2024-06-29,0
E0002923,U01103,Onboarding,2024-06-30,1
E0002924,U01103,First_Action,2024-07-02,3
E0002925,U01104,Install,2024-04-29,0
E0002926,U01104,Signup,2024-04-29,0
E0002927,U01104,Onboarding,2024-04-30,1
E0002928,U01105,Install,2024-05-24,0
E0002929,U01105,Signup,2024-05-24,0
E0002930,U01105,Onboarding,2024-05-25,1
E0002931,U01106,Install,2024-06-24,0
E0002932,U01107,Install,2024-06-11,0
E0002933,U01107,Signup,2024-06-11,0
E0002934,U01108,Install,2024-06-02,0
E0002935,U01108,Signup,2024-06-02,0
E0002936,U01108,Onboarding,2024-06-03,1
E0002937,U01108,First_Action,2024-06-05,3
E0002938,U01109,Install,2024-03-20,0
E0002939,U01109,Signup,2024-03-20,0
E0002940,U01110,Install,2024-02-10,0
E0002941,U01110,Signup,2024-02-10,0
E0002942,U01111,Install,2024-06-13,0
E0002943,U01111,Signup,2024-06-13,0
E0002944,U01111,Onboarding,2024-06-14,1
E0002945,U01112,Install,2024-01-22,0
E0002946,U01112,Signup,2024-01-22,0
E0002947,U01113,Install,2024-06-20,0
E0002948,U01113,Signup,2024-06-20,0
E0002949,U01113,Onboarding,2024-06-21,1
E0002950,U01114,Install,2024-01-29,0
E0002951,U01114,Signup,2024-01-29,0
E0002952,U01115,Install,2024-05-14,0
E0002953,U01116,Install,2024-03-25,0
E0002954,U01116,Signup,2024-03-25,0
E0002955,U01116,Onboarding,2024-03-26,1
E0002956,U01116,First_Action,2024-03-28,3
E0002957,U01116,Day1_Active,2024-03-29,4
E0002958,U01117,Install,2024-02-25,0
E0002959,U01117,Signup,2024-02-25,0
E0002960,U01117,Onboarding,2024-02-26,1
E0002961,U01117,First_Action,2024-02-28,3
E0002962,U01117,Day1_Active,2024-02-29,4
E0002963,U01118,Install,2024-05-30,0
E0002964,U01118,Signup,2024-05-30,0
E0002965,U01118,Onboarding,2024-05-31,1
E0002966,U01119,Install,2024-05-01,0
E0002967,U01120,Install,2024-04-04,0
E0002968,U01121,Install,2024-06-18,0
E0002969,U01121,Signup,2024-06-18,0
E0002970,U01121,Onboarding,2024-06-19,1
E0002971,U01122,Install,2024-04-08,0
E0002972,U01122,Signup,2024-04-08,0
E0002973,U01122,Onboarding,2024-04-09,1
E0002974,U01123,Install,2024-03-01,0
E0002975,U01123,Signup,2024-03-01,0
E0002976,U01123,Onboarding,2024-03-02,1
E0002977,U01123,First_Action,2024-03-04,3
E0002978,U01123,Day1_Active,2024-03-05,4
E0002979,U01124,Install,2024-03-06,0
E0002980,U01124,Signup,2024-03-06,0
E0002981,U01125,Install,2024-02-11,0
E0002982,U01125,Signup,2024-02-11,0
E0002983,U01126,Install,2024-01-09,0
E0002984,U01127,Install,2024-03-26,0
E0002985,U01127,Signup,2024-03-26,0
E0002986,U01128,Install,2024-05-09,0
E0002987,U01128,Signup,2024-05-09,0
E0002988,U01128,Onboarding,2024-05-10,1
E0002989,U01129,Install,2024-06-26,0
E0002990,U01129,Signup,2024-06-26,0
E0002991,U01129,Onboarding,2024-06-27,1
E0002992,U01129,First_Action,2024-06-29,3
E0002993,U01130,Install,2024-02-04,0
E0002994,U01130,Signup,2024-02-04,0
E0002995,U01131,Install,2024-03-04,0
E0002996,U01132,Install,2024-06-24,0
E0002997,U01133,Install,2024-02-14,0
E0002998,U01134,Install,2024-02-16,0
E0002999,U01134,Signup,2024-02-16,0
E0003000,U01134,Onboarding,2024-02-17,1
E0003001,U01135,Install,2024-01-06,0
E0003002,U01135,Signup,2024-01-06,0
E0003003,U01136,Install,2024-02-20,0
E0003004,U01137,Install,2024-02-08,0
E0003005,U01138,Install,2024-04-21,0
E0003006,U01138,Signup,2024-04-21,0
E0003007,U01138,Onboarding,2024-04-22,1
E0003008,U01138,First_Action,2024-04-24,3
E0003009,U01138,Day1_Active,2024-04-25,4
E0003010,U01138,Day7_Active,2024-05-01,10
E0003011,U01139,Install,2024-02-22,0
E0003012,U01139,Signup,2024-02-22,0
E0003013,U01139,Onboarding,2024-02-23,1
E0003014,U01139,First_Action,2024-02-25,3
E0003015,U01140,Install,2024-02-03,0
E0003016,U01141,Install,2024-02-18,0
E0003017,U01141,Signup,2024-02-18,0
E0003018,U01141,Onboarding,2024-02-19,1
E0003019,U01142,Install,2024-06-07,0
E0003020,U01142,Signup,2024-06-07,0
E0003021,U01143,Install,2024-04-30,0
E0003022,U01144,Install,2024-06-30,0
E0003023,U01145,Install,2024-03-01,0
E0003024,U01145,Signup,2024-03-01,0
E0003025,U01146,Install,2024-06-30,0
E0003026,U01146,Signup,2024-06-30,0
E0003027,U01146,Onboarding,2024-07-01,1
E0003028,U01146,First_Action,2024-07-03,3
E0003029,U01146,Day1_Active,2024-07-04,4
E0003030,U01147,Install,2024-04-11,0
E0003031,U01147,Signup,2024-04-11,0
E0003032,U01147,Onboarding,2024-04-12,1
E0003033,U01148,Install,2024-02-13,0
E0003034,U01149,Install,2024-05-15,0
E0003035,U01149,Signup,2024-05-15,0
E0003036,U01150,Install,2024-03-12,0
E0003037,U01150,Signup,2024-03-12,0
E0003038,U01150,Onboarding,2024-03-13,1
E0003039,U01150,First_Action,2024-03-15,3
E0003040,U01151,Install,2024-03-08,0
E0003041,U01151,Signup,2024-03-08,0
E0003042,U01151,Onboarding,2024-03-09,1
E0003043,U01151,First_Action,2024-03-11,3
E0003044,U01151,Day1_Active,2024-03-12,4
E0003045,U01151,Day7_Active,2024-03-18,10
E0003046,U01152,Install,2024-02-08,0
E0003047,U01152,Signup,2024-02-08,0
E0003048,U01153,Install,2024-01-14,0
E0003049,U01153,Signup,2024-01-14,0
E0003050,U01153,Onboarding,2024-01-15,1
E0003051,U01153,First_Action,2024-01-17,3
E0003052,U01154,Install,2024-05-06,0
E0003053,U01154,Signup,2024-05-06,0
E0003054,U01154,Onboarding,2024-05-07,1
E0003055,U01154,First_Action,2024-05-09,3
E0003056,U01155,Install,2024-02-07,0
E0003057,U01156,Install,2024-05-10,0
E0003058,U01156,Signup,2024-05-10,0
E0003059,U01156,Onboarding,2024-05-11,1
E0003060,U01157,Install,2024-01-02,0
E0003061,U01157,Signup,2024-01-02,0
E0003062,U01158,Install,2024-06-22,0
E0003063,U01158,Signup,2024-06-22,0
E0003064,U01159,Install,2024-04-05,0
E0003065,U01159,Signup,2024-04-05,0
E0003066,U01160,Install,2024-06-30,0
E0003067,U01160,Signup,2024-06-30,0
E0003068,U01160,Onboarding,2024-07-01,1
E0003069,U01161,Install,2024-01-12,0
E0003070,U01161,Signup,2024-01-12,0
E0003071,U01161,Onboarding,2024-01-13,1
E0003072,U01161,First_Action,2024-01-15,3
E0003073,U01162,Install,2024-05-25,0
E0003074,U01162,Signup,2024-05-25,0
E0003075,U01162,Onboarding,2024-05-26,1
E0003076,U01163,Install,2024-01-19,0
E0003077,U01163,Signup,2024-01-19,0
E0003078,U01164,Install,2024-04-12,0
E0003079,U01164,Signup,2024-04-12,0
E0003080,U01165,Install,2024-06-16,0
E0003081,U01165,Signup,2024-06-16,0
E0003082,U01165,Onboarding,2024-06-17,1
E0003083,U01165,First_Action,2024-06-19,3
E0003084,U01166,Install,2024-06-24,0
E0003085,U01166,Signup,2024-06-24,0
E0003086,U01167,Install,2024-04-24,0
E0003087,U01167,Signup,2024-04-24,0
E0003088,U01167,Onboarding,2024-04-25,1
E0003089,U01168,Install,2024-04-04,0
E0003090,U01168,Signup,2024-04-04,0
E0003091,U01169,Install,2024-04-28,0
E0003092,U01170,Install,2024-06-14,0
E0003093,U01171,Install,2024-02-08,0
E0003094,U01172,Install,2024-05-25,0
E0003095,U01172,Signup,2024-05-25,0
E0003096,U01172,Onboarding,2024-05-26,1
E0003097,U01172,First_Action,2024-05-28,3
E0003098,U01172,Day1_Active,2024-05-29,4
E0003099,U01173,Install,2024-01-25,0
E0003100,U01173,Signup,2024-01-25,0
E0003101,U01174,Install,2024-05-08,0
E0003102,U01175,Install,2024-01-12,0
E0003103,U01175,Signup,2024-01-12,0
E0003104,U01175,Onboarding,2024-01-13,1
E0003105,U01175,First_Action,2024-01-15,3
E0003106,U01175,Day1_Active,2024-01-16,4
E0003107,U01175,Day7_Active,2024-01-22,10
E0003108,U01176,Install,2024-06-20,0
E0003109,U01176,Signup,2024-06-20,0
E0003110,U01176,Onboarding,2024-06-21,1
E0003111,U01177,Install,2024-02-24,0
E0003112,U01177,Signup,2024-02-24,0
E0003113,U01177,Onboarding,2024-02-25,1
E0003114,U01178,Install,2024-05-16,0
E0003115,U01178,Signup,2024-05-16,0
E0003116,U01178,Onboarding,2024-05-17,1
E0003117,U01178,First_Action,2024-05-19,3
E0003118,U01179,Install,2024-04-13,0
E0003119,U01180,Install,2024-06-06,0
E0003120,U01180,Signup,2024-06-06,0
E0003121,U01181,Install,2024-02-02,0
E0003122,U01181,Signup,2024-02-02,0
E0003123,U01181,Onboarding,2024-02-03,1
E0003124,U01181,First_Action,2024-02-05,3
E0003125,U01181,Day1_Active,2024-02-06,4
E0003126,U01182,Install,2024-01-07,0
E0003127,U01182,Signup,2024-01-07,0
E0003128,U01183,Install,2024-05-17,0
E0003129,U01183,Signup,2024-05-17,0
E0003130,U01183,Onboarding,2024-05-18,1
E0003131,U01183,First_Action,2024-05-20,3
E0003132,U01183,Day1_Active,2024-05-21,4
E0003133,U01183,Day7_Active,2024-05-27,10
E0003134,U01184,Install,2024-02-12,0
E0003135,U01185,Install,2024-04-25,0
E0003136,U01186,Install,2024-01-03,0
E0003137,U01186,Signup,2024-01-03,0
E0003138,U01186,Onboarding,2024-01-04,1
E0003139,U01186,First_Action,2024-01-06,3
E0003140,U01187,Install,2024-05-28,0
E0003141,U01187,Signup,2024-05-28,0
E0003142,U01187,Onboarding,2024-05-29,1
E0003143,U01187,First_Action,2024-05-31,3
E0003144,U01187,Day1_Active,2024-06-01,4
E0003145,U01187,Day7_Active,2024-06-07,10
E0003146,U01188,Install,2024-05-31,0
E0003147,U01188,Signup,2024-05-31,0
E0003148,U01189,Install,2024-01-16,0
E0003149,U01189,Signup,2024-01-16,0
E0003150,U01189,Onboarding,2024-01-17,1
E0003151,U01190,Install,2024-04-16,0
E0003152,U01190,Signup,2024-04-16,0
E0003153,U01190,Onboarding,2024-04-17,1
E0003154,U01190,First_Action,2024-04-19,3
E0003155,U01191,Install,2024-04-21,0
E0003156,U01191,Signup,2024-04-21,0
E0003157,U01191,Onboarding,2024-04-22,1
E0003158,U01192,Install,2024-02-26,0
E0003159,U01192,Signup,2024-02-26,0
E0003160,U01192,Onboarding,2024-02-27,1
E0003161,U01192,First_Action,2024-02-29,3
E0003162,U01193,Install,2024-04-29,0
E0003163,U01193,Signup,2024-04-29,0
E0003164,U01193,Onboarding,2024-04-30,1
E0003165,U01193,First_Action,2024-05-02,3
E0003166,U01194,Install,2024-06-21,0
E0003167,U01194,Signup,2024-06-21,0
E0003168,U01195,Install,2024-02-23,0
E0003169,U01195,Signup,2024-02-23,0
E0003170,U01196,Install,2024-06-04,0
E0003171,U01196,Signup,2024-06-04,0
E0003172,U01197,Install,2024-05-22,0
E0003173,U01197,Signup,2024-05-22,0
E0003174,U01198,Install,2024-05-08,0
E0003175,U01198,Signup,2024-05-08,0
E0003176,U01198,Onboarding,2024-05-09,1
E0003177,U01198,First_Action,2024-05-11,3
E0003178,U01198,Day1_Active,2024-05-12,4
E0003179,U01199,Install,2024-02-27,0
E0003180,U01199,Signup,2024-02-27,0
E0003181,U01199,Onboarding,2024-02-28,1
E0003182,U01200,Install,2024-05-22,0
E0003183,U01200,Signup,2024-05-22,0
E0003184,U01201,Install,2024-06-29,0
E0003185,U01201,Signup,2024-06-29,0
E0003186,U01201,Onboarding,2024-06-30,1
E0003187,U01202,Install,2024-01-28,0
E0003188,U01203,Install,2024-05-09,0
E0003189,U01203,Signup,2024-05-09,0
E0003190,U01203,Onboarding,2024-05-10,1
E0003191,U01204,Install,2024-03-15,0
E0003192,U01205,Install,2024-04-03,0
E0003193,U01205,Signup,2024-04-03,0
E0003194,U01206,Install,2024-01-02,0
E0003195,U01206,Signup,2024-01-02,0
E0003196,U01206,Onboarding,2024-01-03,1
E0003197,U01207,Install,2024-04-05,0
E0003198,U01207,Signup,2024-04-05,0
E0003199,U01207,Onboarding,2024-04-06,1
E0003200,U01207,First_Action,2024-04-08,3
E0003201,U01208,Install,2024-05-15,0
E0003202,U01208,Signup,2024-05-15,0
E0003203,U01208,Onboarding,2024-05-16,1
E0003204,U01208,First_Action,2024-05-18,3
E0003205,U01208,Day1_Active,2024-05-19,4
E0003206,U01208,Day7_Active,2024-05-25,10
E0003207,U01209,Install,2024-04-27,0
E0003208,U01209,Signup,2024-04-27,0
E0003209,U01209,Onboarding,2024-04-28,1
E0003210,U01210,Install,2024-01-03,0
E0003211,U01210,Signup,2024-01-03,0
E0003212,U01210,Onboarding,2024-01-04,1
E0003213,U01210,First_Action,2024-01-06,3
E0003214,U01210,Day1_Active,2024-01-07,4
E0003215,U01210,Day7_Active,2024-01-13,10
E0003216,U01211,Install,2024-02-12,0
E0003217,U01212,Install,2024-05-27,0
E0003218,U01212,Signup,2024-05-27,0
E0003219,U01213,Install,2024-03-16,0
E0003220,U01213,Signup,2024-03-16,0
E0003221,U01214,Install,2024-03-21,0
E0003222,U01214,Signup,2024-03-21,0
E0003223,U01215,Install,2024-06-28,0
E0003224,U01215,Signup,2024-06-28,0
E0003225,U01216,Install,2024-04-23,0
E0003226,U01216,Signup,2024-04-23,0
E0003227,U01216,Onboarding,2024-04-24,1
E0003228,U01216,First_Action,2024-04-26,3
E0003229,U01216,Day1_Active,2024-04-27,4
E0003230,U01217,Install,2024-03-18,0
E0003231,U01217,Signup,2024-03-18,0
E0003232,U01217,Onboarding,2024-03-19,1
E0003233,U01217,First_Action,2024-03-21,3
E0003234,U01218,Install,2024-05-13,0
E0003235,U01219,Install,2024-06-11,0
E0003236,U01219,Signup,2024-06-11,0
E0003237,U01220,Install,2024-03-18,0
E0003238,U01221,Install,2024-06-09,0
E0003239,U01221,Signup,2024-06-09,0
E0003240,U01221,Onboarding,2024-06-10,1
E0003241,U01222,Install,2024-05-26,0
E0003242,U01222,Signup,2024-05-26,0
E0003243,U01222,Onboarding,2024-05-27,1
E0003244,U01223,Install,2024-05-24,0
E0003245,U01223,Signup,2024-05-24,0
E0003246,U01223,Onboarding,2024-05-25,1
E0003247,U01224,Install,2024-03-17,0
E0003248,U01224,Signup,2024-03-17,0
E0003249,U01225,Install,2024-05-13,0
E0003250,U01225,Signup,2024-05-13,0
E0003251,U01225,Onboarding,2024-05-14,1
E0003252,U01225,First_Action,2024-05-16,3
E0003253,U01226,Install,2024-04-26,0
E0003254,U01226,Signup,2024-04-26,0
E0003255,U01227,Install,2024-02-03,0
E0003256,U01227,Signup,2024-02-03,0
E0003257,U01228,Install,2024-05-12,0
E0003258,U01228,Signup,2024-05-12,0
E0003259,U01229,Install,2024-06-25,0
E0003260,U01229,Signup,2024-06-25,0
E0003261,U01230,Install,2024-02-02,0
E0003262,U01230,Signup,2024-02-02,0
E0003263,U01230,Onboarding,2024-02-03,1
E0003264,U01231,Install,2024-06-26,0
E0003265,U01231,Signup,2024-06-26,0
E0003266,U01232,Install,2024-01-31,0
E0003267,U01232,Signup,2024-01-31,0
E0003268,U01232,Onboarding,2024-02-01,1
E0003269,U01232,First_Action,2024-02-03,3
E0003270,U01232,Day1_Active,2024-02-04,4
E0003271,U01233,Install,2024-02-09,0
E0003272,U01233,Signup,2024-02-09,0
E0003273,U01233,Onboarding,2024-02-10,1
E0003274,U01233,First_Action,2024-02-12,3
E0003275,U01234,Install,2024-02-06,0
E0003276,U01234,Signup,2024-02-06,0
E0003277,U01234,Onboarding,2024-02-07,1
E0003278,U01235,Install,2024-02-25,0
E0003279,U01235,Signup,2024-02-25,0
E0003280,U01235,Onboarding,2024-02-26,1
E0003281,U01235,First_Action,2024-02-28,3
E0003282,U01236,Install,2024-01-12,0
E0003283,U01237,Install,2024-05-01,0
E0003284,U01237,Signup,2024-05-01,0
E0003285,U01237,Onboarding,2024-05-02,1
E0003286,U01237,First_Action,2024-05-04,3
E0003287,U01237,Day1_Active,2024-05-05,4
E0003288,U01238,Install,2024-04-25,0
E0003289,U01238,Signup,2024-04-25,0
E0003290,U01239,Install,2024-06-08,0
E0003291,U01240,Install,2024-04-23,0
E0003292,U01240,Signup,2024-04-23,0
E0003293,U01240,Onboarding,2024-04-24,1
E0003294,U01241,Install,2024-06-30,0
E0003295,U01241,Signup,2024-06-30,0
E0003296,U01241,Onboarding,2024-07-01,1
E0003297,U01242,Install,2024-05-18,0
E0003298,U01242,Signup,2024-05-18,0
E0003299,U01243,Install,2024-01-05,0
E0003300,U01244,Install,2024-03-03,0
E0003301,U01245,Install,2024-03-23,0
E0003302,U01245,Signup,2024-03-23,0
E0003303,U01245,Onboarding,2024-03-24,1
E0003304,U01246,Install,2024-04-16,0
E0003305,U01246,Signup,2024-04-16,0
E0003306,U01246,Onboarding,2024-04-17,1
E0003307,U01247,Install,2024-05-18,0
E0003308,U01247,Signup,2024-05-18,0
E0003309,U01247,Onboarding,2024-05-19,1
E0003310,U01248,Install,2024-04-14,0
E0003311,U01248,Signup,2024-04-14,0
E0003312,U01248,Onboarding,2024-04-15,1
E0003313,U01249,Install,2024-03-17,0
E0003314,U01249,Signup,2024-03-17,0
E0003315,U01249,Onboarding,2024-03-18,1
E0003316,U01250,Install,2024-01-31,0
E0003317,U01251,Install,2024-05-09,0
E0003318,U01251,Signup,2024-05-09,0
E0003319,U01252,Install,2024-05-03,0
E0003320,U01253,Install,2024-05-30,0
E0003321,U01253,Signup,2024-05-30,0
E0003322,U01253,Onboarding,2024-05-31,1
E0003323,U01254,Install,2024-04-14,0
E0003324,U01254,Signup,2024-04-14,0
E0003325,U01254,Onboarding,2024-04-15,1
E0003326,U01255,Install,2024-05-18,0
E0003327,U01256,Install,2024-04-25,0
E0003328,U01256,Signup,2024-04-25,0
E0003329,U01257,Install,2024-02-12,0
E0003330,U01257,Signup,2024-02-12,0
E0003331,U01257,Onboarding,2024-02-13,1
E0003332,U01258,Install,2024-04-07,0
E0003333,U01258,Signup,2024-04-07,0
E0003334,U01258,Onboarding,2024-04-08,1
E0003335,U01258,First_Action,2024-04-10,3
E0003336,U01258,Day1_Active,2024-04-11,4
E0003337,U01259,Install,2024-02-11,0
E0003338,U01259,Signup,2024-02-11,0
E0003339,U01259,Onboarding,2024-02-12,1
E0003340,U01260,Install,2024-02-05,0
E0003341,U01260,Signup,2024-02-05,0
E0003342,U01261,Install,2024-03-22,0
E0003343,U01262,Install,2024-03-10,0
E0003344,U01262,Signup,2024-03-10,0
E0003345,U01262,Onboarding,2024-03-11,1
E0003346,U01262,First_Action,2024-03-13,3
E0003347,U01263,Install,2024-01-05,0
E0003348,U01263,Signup,2024-01-05,0
E0003349,U01264,Install,2024-01-03,0
E0003350,U01264,Signup,2024-01-03,0
E0003351,U01264,Onboarding,2024-01-04,1
E0003352,U01265,Install,2024-05-17,0
E0003353,U01265,Signup,2024-05-17,0
E0003354,U01265,Onboarding,2024-05-18,1
E0003355,U01266,Install,2024-06-20,0
E0003356,U01266,Signup,2024-06-20,0
E0003357,U01266,Onboarding,2024-06-21,1
E0003358,U01267,Install,2024-04-09,0
E0003359,U01267,Signup,2024-04-09,0
E0003360,U01267,Onboarding,2024-04-10,1
E0003361,U01268,Install,2024-02-19,0
E0003362,U01268,Signup,2024-02-19,0
E0003363,U01268,Onboarding,2024-02-20,1
E0003364,U01269,Install,2024-04-01,0
E0003365,U01269,Signup,2024-04-01,0
E0003366,U01270,Install,2024-05-06,0
E0003367,U01270,Signup,2024-05-06,0
E0003368,U01270,Onboarding,2024-05-07,1
E0003369,U01271,Install,2024-01-02,0
E0003370,U01271,Signup,2024-01-02,0
E0003371,U01272,Install,2024-05-06,0
E0003372,U01272,Signup,2024-05-06,0
E0003373,U01272,Onboarding,2024-05-07,1
E0003374,U01273,Install,2024-02-14,0
E0003375,U01273,Signup,2024-02-14,0
E0003376,U01274,Install,2024-02-28,0
E0003377,U01275,Install,2024-06-26,0
E0003378,U01275,Signup,2024-06-26,0
E0003379,U01276,Install,2024-04-19,0
E0003380,U01277,Install,2024-04-14,0
E0003381,U01277,Signup,2024-04-14,0
E0003382,U01277,Onboarding,2024-04-15,1
E0003383,U01277,First_Action,2024-04-17,3
E0003384,U01278,Install,2024-02-27,0
E0003385,U01279,Install,2024-03-26,0
E0003386,U01279,Signup,2024-03-26,0
E0003387,U01279,Onboarding,2024-03-27,1
E0003388,U01279,First_Action,2024-03-29,3
E0003389,U01279,Day1_Active,2024-03-30,4
E0003390,U01279,Day7_Active,2024-04-05,10
E0003391,U01280,Install,2024-04-18,0
E0003392,U01281,Install,2024-06-09,0
E0003393,U01282,Install,2024-03-26,0
E0003394,U01282,Signup,2024-03-26,0
E0003395,U01282,Onboarding,2024-03-27,1
E0003396,U01283,Install,2024-03-26,0
E0003397,U01283,Signup,2024-03-26,0
E0003398,U01283,Onboarding,2024-03-27,1
E0003399,U01284,Install,2024-01-25,0
E0003400,U01284,Signup,2024-01-25,0
E0003401,U01284,Onboarding,2024-01-26,1
E0003402,U01285,Install,2024-03-21,0
E0003403,U01286,Install,2024-01-15,0
E0003404,U01287,Install,2024-03-16,0
E0003405,U01287,Signup,2024-03-16,0
E0003406,U01287,Onboarding,2024-03-17,1
E0003407,U01288,Install,2024-06-17,0
E0003408,U01288,Signup,2024-06-17,0
E0003409,U01288,Onboarding,2024-06-18,1
E0003410,U01288,First_Action,2024-06-20,3
E0003411,U01288,Day1_Active,2024-06-21,4
E0003412,U01288,Day7_Active,2024-06-27,10
E0003413,U01289,Install,2024-01-26,0
E0003414,U01289,Signup,2024-01-26,0
E0003415,U01289,Onboarding,2024-01-27,1
E0003416,U01290,Install,2024-02-19,0
E0003417,U01290,Signup,2024-02-19,0
E0003418,U01290,Onboarding,2024-02-20,1
E0003419,U01290,First_Action,2024-02-22,3
E0003420,U01290,Day1_Active,2024-02-23,4
E0003421,U01291,Install,2024-05-26,0
E0003422,U01291,Signup,2024-05-26,0
E0003423,U01292,Install,2024-02-17,0
E0003424,U01292,Signup,2024-02-17,0
E0003425,U01292,Onboarding,2024-02-18,1
E0003426,U01292,First_Action,2024-02-20,3
E0003427,U01293,Install,2024-06-15,0
E0003428,U01293,Signup,2024-06-15,0
E0003429,U01293,Onboarding,2024-06-16,1
E0003430,U01293,First_Action,2024-06-18,3
E0003431,U01293,Day1_Active,2024-06-19,4
E0003432,U01294,Install,2024-03-20,0
E0003433,U01294,Signup,2024-03-20,0
E0003434,U01294,Onboarding,2024-03-21,1
E0003435,U01295,Install,2024-02-07,0
E0003436,U01296,Install,2024-02-20,0
E0003437,U01296,Signup,2024-02-20,0
E0003438,U01296,Onboarding,2024-02-21,1
E0003439,U01296,First_Action,2024-02-23,3
E0003440,U01297,Install,2024-05-01,0
E0003441,U01297,Signup,2024-05-01,0
E0003442,U01297,Onboarding,2024-05-02,1
E0003443,U01297,First_Action,2024-05-04,3
E0003444,U01297,Day1_Active,2024-05-05,4
E0003445,U01297,Day7_Active,2024-05-11,10
E0003446,U01298,Install,2024-03-26,0
E0003447,U01298,Signup,2024-03-26,0
E0003448,U01298,Onboarding,2024-03-27,1
E0003449,U01299,Install,2024-01-11,0
E0003450,U01300,Install,2024-02-24,0
E0003451,U01301,Install,2024-02-22,0
E0003452,U01301,Signup,2024-02-22,0
E0003453,U01301,Onboarding,2024-02-23,1
E0003454,U01301,First_Action,2024-02-25,3
E0003455,U01302,Install,2024-05-22,0
E0003456,U01302,Signup,2024-05-22,0
E0003457,U01302,Onboarding,2024-05-23,1
E0003458,U01303,Install,2024-01-12,0
E0003459,U01304,Install,2024-02-14,0
E0003460,U01305,Install,2024-01-26,0
E0003461,U01305,Signup,2024-01-26,0
E0003462,U01306,Install,2024-02-23,0
E0003463,U01306,Signup,2024-02-23,0
E0003464,U01306,Onboarding,2024-02-24,1
E0003465,U01306,First_Action,2024-02-26,3
E0003466,U01307,Install,2024-06-08,0
E0003467,U01307,Signup,2024-06-08,0
E0003468,U01307,Onboarding,2024-06-09,1
E0003469,U01307,First_Action,2024-06-11,3
E0003470,U01308,Install,2024-02-18,0
E0003471,U01308,Signup,2024-02-18,0
E0003472,U01308,Onboarding,2024-02-19,1
E0003473,U01308,First_Action,2024-02-21,3
E0003474,U01308,Day1_Active,2024-02-22,4
E0003475,U01309,Install,2024-03-03,0
E0003476,U01310,Install,2024-02-08,0
E0003477,U01310,Signup,2024-02-08,0
E0003478,U01310,Onboarding,2024-02-09,1
E0003479,U01311,Install,2024-05-29,0
E0003480,U01311,Signup,2024-05-29,0
E0003481,U01312,Install,2024-01-17,0
E0003482,U01312,Signup,2024-01-17,0
E0003483,U01312,Onboarding,2024-01-18,1
E0003484,U01313,Install,2024-05-12,0
E0003485,U01313,Signup,2024-05-12,0
E0003486,U01313,Onboarding,2024-05-13,1
E0003487,U01314,Install,2024-05-06,0
E0003488,U01315,Install,2024-02-23,0
E0003489,U01315,Signup,2024-02-23,0
E0003490,U01315,Onboarding,2024-02-24,1
E0003491,U01315,First_Action,2024-02-26,3
E0003492,U01315,Day1_Active,2024-02-27,4
E0003493,U01316,Install,2024-04-06,0
E0003494,U01317,Install,2024-01-22,0
E0003495,U01318,Install,2024-03-27,0
E0003496,U01318,Signup,2024-03-27,0
E0003497,U01318,Onboarding,2024-03-28,1
E0003498,U01318,First_Action,2024-03-30,3
E0003499,U01319,Install,2024-04-07,0
E0003500,U01319,Signup,2024-04-07,0
E0003501,U01319,Onboarding,2024-04-08,1
E0003502,U01320,Install,2024-03-16,0
E0003503,U01320,Signup,2024-03-16,0
E0003504,U01321,Install,2024-01-26,0
E0003505,U01321,Signup,2024-01-26,0
E0003506,U01322,Install,2024-03-05,0
E0003507,U01322,Signup,2024-03-05,0
E0003508,U01322,Onboarding,2024-03-06,1
E0003509,U01323,Install,2024-02-05,0
E0003510,U01324,Install,2024-03-17,0
E0003511,U01325,Install,2024-06-16,0
E0003512,U01326,Install,2024-02-28,0
E0003513,U01326,Signup,2024-02-28,0
E0003514,U01327,Install,2024-04-29,0
E0003515,U01327,Signup,2024-04-29,0
E0003516,U01327,Onboarding,2024-04-30,1
E0003517,U01328,Install,2024-06-27,0
E0003518,U01328,Signup,2024-06-27,0
E0003519,U01328,Onboarding,2024-06-28,1
E0003520,U01328,First_Action,2024-06-30,3
E0003521,U01329,Install,2024-02-02,0
E0003522,U01329,Signup,2024-02-02,0
E0003523,U01330,Install,2024-02-27,0
E0003524,U01331,Install,2024-03-24,0
E0003525,U01331,Signup,2024-03-24,0
E0003526,U01331,Onboarding,2024-03-25,1
E0003527,U01331,First_Action,2024-03-27,3
E0003528,U01332,Install,2024-03-25,0
E0003529,U01332,Signup,2024-03-25,0
E0003530,U01333,Install,2024-04-07,0
E0003531,U01333,Signup,2024-04-07,0
E0003532,U01334,Install,2024-05-25,0
E0003533,U01335,Install,2024-02-15,0
E0003534,U01335,Signup,2024-02-15,0
E0003535,U01335,Onboarding,2024-02-16,1
E0003536,U01336,Install,2024-04-08,0
E0003537,U01336,Signup,2024-04-08,0
E0003538,U01337,Install,2024-05-12,0
E0003539,U01337,Signup,2024-05-12,0
E0003540,U01337,Onboarding,2024-05-13,1
E0003541,U01337,First_Action,2024-05-15,3
E0003542,U01337,Day1_Active,2024-05-16,4
E0003543,U01337,Day7_Active,2024-05-22,10
E0003544,U01338,Install,2024-02-03,0
E0003545,U01339,Install,2024-02-03,0
E0003546,U01339,Signup,2024-02-03,0
E0003547,U01340,Install,2024-05-27,0
E0003548,U01340,Signup,2024-05-27,0
E0003549,U01340,Onboarding,2024-05-28,1
E0003550,U01340,First_Action,2024-05-30,3
E0003551,U01341,Install,2024-01-02,0
E0003552,U01342,Install,2024-03-25,0
E0003553,U01342,Signup,2024-03-25,0
E0003554,U01342,Onboarding,2024-03-26,1
E0003555,U01343,Install,2024-03-14,0
E0003556,U01343,Signup,2024-03-14,0
E0003557,U01344,Install,2024-04-10,0
E0003558,U01345,Install,2024-04-20,0
E0003559,U01345,Signup,2024-04-20,0
E0003560,U01345,Onboarding,2024-04-21,1
E0003561,U01346,Install,2024-01-12,0
E0003562,U01346,Signup,2024-01-12,0
E0003563,U01346,Onboarding,2024-01-13,1
E0003564,U01346,First_Action,2024-01-15,3
E0003565,U01346,Day1_Active,2024-01-16,4
E0003566,U01347,Install,2024-01-18,0
E0003567,U01347,Signup,2024-01-18,0
E0003568,U01347,Onboarding,2024-01-19,1
E0003569,U01347,First_Action,2024-01-21,3
E0003570,U01347,Day1_Active,2024-01-22,4
E0003571,U01348,Install,2024-05-21,0
E0003572,U01348,Signup,2024-05-21,0
E0003573,U01348,Onboarding,2024-05-22,1
E0003574,U01349,Install,2024-04-14,0
E0003575,U01350,Install,2024-06-26,0
E0003576,U01351,Install,2024-01-10,0
E0003577,U01351,Signup,2024-01-10,0
E0003578,U01351,Onboarding,2024-01-11,1
E0003579,U01351,First_Action,2024-01-13,3
E0003580,U01352,Install,2024-05-04,0
E0003581,U01353,Install,2024-04-30,0
E0003582,U01354,Install,2024-03-16,0
E0003583,U01354,Signup,2024-03-16,0
E0003584,U01355,Install,2024-03-10,0
E0003585,U01355,Signup,2024-03-10,0
E0003586,U01356,Install,2024-02-25,0
E0003587,U01356,Signup,2024-02-25,0
E0003588,U01357,Install,2024-06-17,0
E0003589,U01357,Signup,2024-06-17,0
E0003590,U01358,Install,2024-04-06,0
E0003591,U01358,Signup,2024-04-06,0
E0003592,U01358,Onboarding,2024-04-07,1
E0003593,U01359,Install,2024-04-17,0
E0003594,U01359,Signup,2024-04-17,0
E0003595,U01360,Install,2024-01-25,0
E0003596,U01361,Install,2024-01-28,0
E0003597,U01361,Signup,2024-01-28,0
E0003598,U01361,Onboarding,2024-01-29,1
E0003599,U01362,Install,2024-04-11,0
E0003600,U01363,Install,2024-04-12,0
E0003601,U01363,Signup,2024-04-12,0
E0003602,U01364,Install,2024-03-12,0
E0003603,U01364,Signup,2024-03-12,0
E0003604,U01364,Onboarding,2024-03-13,1
E0003605,U01365,Install,2024-06-02,0
E0003606,U01365,Signup,2024-06-02,0
E0003607,U01365,Onboarding,2024-06-03,1
E0003608,U01365,First_Action,2024-06-05,3
E0003609,U01366,Install,2024-05-25,0
E0003610,U01366,Signup,2024-05-25,0
E0003611,U01366,Onboarding,2024-05-26,1
E0003612,U01366,First_Action,2024-05-28,3
E0003613,U01366,Day1_Active,2024-05-29,4
E0003614,U01367,Install,2024-06-22,0
E0003615,U01368,Install,2024-06-25,0
E0003616,U01368,Signup,2024-06-25,0
E0003617,U01369,Install,2024-05-29,0
E0003618,U01369,Signup,2024-05-29,0
E0003619,U01370,Install,2024-01-04,0
E0003620,U01371,Install,2024-03-03,0
E0003621,U01371,Signup,2024-03-03,0
E0003622,U01371,Onboarding,2024-03-04,1
E0003623,U01371,First_Action,2024-03-06,3
E0003624,U01371,Day1_Active,2024-03-07,4
E0003625,U01372,Install,2024-02-22,0
E0003626,U01373,Install,2024-03-25,0
E0003627,U01374,Install,2024-04-16,0
E0003628,U01374,Signup,2024-04-16,0
E0003629,U01374,Onboarding,2024-04-17,1
E0003630,U01374,First_Action,2024-04-19,3
E0003631,U01375,Install,2024-03-03,0
E0003632,U01376,Install,2024-06-27,0
E0003633,U01376,Signup,2024-06-27,0
E0003634,U01376,Onboarding,2024-06-28,1
E0003635,U01376,First_Action,2024-06-30,3
E0003636,U01376,Day1_Active,2024-07-01,4
E0003637,U01377,Install,2024-01-02,0
E0003638,U01378,Install,2024-02-22,0
E0003639,U01378,Signup,2024-02-22,0
E0003640,U01378,Onboarding,2024-02-23,1
E0003641,U01378,First_Action,2024-02-25,3
E0003642,U01379,Install,2024-05-09,0
E0003643,U01380,Install,2024-02-15,0
E0003644,U01380,Signup,2024-02-15,0
E0003645,U01380,Onboarding,2024-02-16,1
E0003646,U01381,Install,2024-05-03,0
E0003647,U01381,Signup,2024-05-03,0
E0003648,U01382,Install,2024-05-09,0
E0003649,U01383,Install,2024-04-07,0
E0003650,U01384,Install,2024-05-21,0
E0003651,U01384,Signup,2024-05-21,0
E0003652,U01384,Onboarding,2024-05-22,1
E0003653,U01384,First_Action,2024-05-24,3
E0003654,U01384,Day1_Active,2024-05-25,4
E0003655,U01384,Day7_Active,2024-05-31,10
E0003656,U01385,Install,2024-06-04,0
E0003657,U01385,Signup,2024-06-04,0
E0003658,U01386,Install,2024-01-02,0
E0003659,U01386,Signup,2024-01-02,0
E0003660,U01386,Onboarding,2024-01-03,1
E0003661,U01387,Install,2024-04-11,0
E0003662,U01388,Install,2024-04-14,0
E0003663,U01388,Signup,2024-04-14,0
E0003664,U01389,Install,2024-04-21,0
E0003665,U01390,Install,2024-06-11,0
E0003666,U01391,Install,2024-03-03,0
E0003667,U01392,Install,2024-06-19,0
E0003668,U01392,Signup,2024-06-19,0
E0003669,U01392,Onboarding,2024-06-20,1
E0003670,U01393,Install,2024-06-03,0
E0003671,U01393,Signup,2024-06-03,0
E0003672,U01393,Onboarding,2024-06-04,1
E0003673,U01394,Install,2024-04-08,0
E0003674,U01395,Install,2024-04-18,0
E0003675,U01395,Signup,2024-04-18,0
E0003676,U01395,Onboarding,2024-04-19,1
E0003677,U01395,First_Action,2024-04-21,3
E0003678,U01396,Install,2024-04-07,0
E0003679,U01396,Signup,2024-04-07,0
E0003680,U01396,Onboarding,2024-04-08,1
E0003681,U01397,Install,2024-01-28,0
E0003682,U01397,Signup,2024-01-28,0
E0003683,U01398,Install,2024-04-11,0
E0003684,U01398,Signup,2024-04-11,0
E0003685,U01398,Onboarding,2024-04-12,1
E0003686,U01398,First_Action,2024-04-14,3
E0003687,U01398,Day1_Active,2024-04-15,4
E0003688,U01399,Install,2024-06-27,0
E0003689,U01399,Signup,2024-06-27,0
E0003690,U01399,Onboarding,2024-06-28,1
E0003691,U01400,Install,2024-02-17,0
E0003692,U01400,Signup,2024-02-17,0
E0003693,U01400,Onboarding,2024-02-18,1
E0003694,U01400,First_Action,2024-02-20,3
E0003695,U01401,Install,2024-02-24,0
E0003696,U01401,Signup,2024-02-24,0
E0003697,U01402,Install,2024-04-14,0
E0003698,U01402,Signup,2024-04-14,0
E0003699,U01403,Install,2024-01-22,0
E0003700,U01403,Signup,2024-01-22,0
E0003701,U01404,Install,2024-06-21,0
E0003702,U01404,Signup,2024-06-21,0
E0003703,U01405,Install,2024-01-11,0
E0003704,U01405,Signup,2024-01-11,0
E0003705,U01405,Onboarding,2024-01-12,1
E0003706,U01406,Install,2024-03-09,0
E0003707,U01406,Signup,2024-03-09,0
E0003708,U01406,Onboarding,2024-03-10,1
E0003709,U01406,First_Action,2024-03-12,3
E0003710,U01407,Install,2024-03-28,0
E0003711,U01407,Signup,2024-03-28,0
E0003712,U01407,Onboarding,2024-03-29,1
E0003713,U01407,First_Action,2024-03-31,3
E0003714,U01408,Install,2024-01-15,0
E0003715,U01409,Install,2024-04-12,0
E0003716,U01409,Signup,2024-04-12,0
E0003717,U01409,Onboarding,2024-04-13,1
E0003718,U01409,First_Action,2024-04-15,3
E0003719,U01409,Day1_Active,2024-04-16,4
E0003720,U01410,Install,2024-03-12,0
E0003721,U01410,Signup,2024-03-12,0
E0003722,U01411,Install,2024-05-01,0
E0003723,U01411,Signup,2024-05-01,0
E0003724,U01412,Install,2024-03-23,0
E0003725,U01412,Signup,2024-03-23,0
E0003726,U01413,Install,2024-04-23,0
E0003727,U01413,Signup,2024-04-23,0
E0003728,U01414,Install,2024-05-01,0
E0003729,U01415,Install,2024-02-19,0
E0003730,U01415,Signup,2024-02-19,0
E0003731,U01415,Onboarding,2024-02-20,1
E0003732,U01416,Install,2024-01-09,0
E0003733,U01416,Signup,2024-01-09,0
E0003734,U01417,Install,2024-04-29,0
E0003735,U01417,Signup,2024-04-29,0
E0003736,U01417,Onboarding,2024-04-30,1
E0003737,U01417,First_Action,2024-05-02,3
E0003738,U01417,Day1_Active,2024-05-03,4
E0003739,U01418,Install,2024-02-24,0
E0003740,U01419,Install,2024-01-08,0
E0003741,U01419,Signup,2024-01-08,0
E0003742,U01419,Onboarding,2024-01-09,1
E0003743,U01419,First_Action,2024-01-11,3
E0003744,U01420,Install,2024-03-06,0
E0003745,U01420,Signup,2024-03-06,0
E0003746,U01420,Onboarding,2024-03-07,1
E0003747,U01420,First_Action,2024-03-09,3
E0003748,U01420,Day1_Active,2024-03-10,4
E0003749,U01421,Install,2024-06-11,0
E0003750,U01421,Signup,2024-06-11,0
E0003751,U01421,Onboarding,2024-06-12,1
E0003752,U01422,Install,2024-06-02,0
E0003753,U01422,Signup,2024-06-02,0
E0003754,U01423,Install,2024-06-16,0
E0003755,U01423,Signup,2024-06-16,0
E0003756,U01423,Onboarding,2024-06-17,1
E0003757,U01423,First_Action,2024-06-19,3
E0003758,U01424,Install,2024-01-30,0
E0003759,U01424,Signup,2024-01-30,0
E0003760,U01425,Install,2024-01-30,0
E0003761,U01425,Signup,2024-01-30,0
E0003762,U01425,Onboarding,2024-01-31,1
E0003763,U01425,First_Action,2024-02-02,3
E0003764,U01425,Day1_Active,2024-02-03,4
E0003765,U01426,Install,2024-03-20,0
E0003766,U01426,Signup,2024-03-20,0
E0003767,U01427,Install,2024-04-03,0
E0003768,U01427,Signup,2024-04-03,0
E0003769,U01428,Install,2024-01-28,0
E0003770,U01429,Install,2024-02-26,0
E0003771,U01429,Signup,2024-02-26,0
E0003772,U01430,Install,2024-06-28,0
E0003773,U01430,Signup,2024-06-28,0
E0003774,U01431,Install,2024-06-29,0
E0003775,U01431,Signup,2024-06-29,0
E0003776,U01431,Onboarding,2024-06-30,1
E0003777,U01432,Install,2024-01-16,0
E0003778,U01432,Signup,2024-01-16,0
E0003779,U01432,Onboarding,2024-01-17,1
E0003780,U01433,Install,2024-02-27,0
E0003781,U01433,Signup,2024-02-27,0
E0003782,U01433,Onboarding,2024-02-28,1
E0003783,U01434,Install,2024-04-10,0
E0003784,U01435,Install,2024-04-10,0
E0003785,U01435,Signup,2024-04-10,0
E0003786,U01436,Install,2024-05-15,0
E0003787,U01436,Signup,2024-05-15,0
E0003788,U01436,Onboarding,2024-05-16,1
E0003789,U01437,Install,2024-01-25,0
E0003790,U01437,Signup,2024-01-25,0
E0003791,U01437,Onboarding,2024-01-26,1
E0003792,U01438,Install,2024-06-30,0
E0003793,U01438,Signup,2024-06-30,0
E0003794,U01438,Onboarding,2024-07-01,1
E0003795,U01439,Install,2024-02-07,0
E0003796,U01439,Signup,2024-02-07,0
E0003797,U01440,Install,2024-05-27,0
E0003798,U01440,Signup,2024-05-27,0
E0003799,U01440,Onboarding,2024-05-28,1
E0003800,U01441,Install,2024-06-22,0
E0003801,U01442,Install,2024-01-14,0
E0003802,U01442,Signup,2024-01-14,0
E0003803,U01443,Install,2024-04-13,0
E0003804,U01443,Signup,2024-04-13,0
E0003805,U01443,Onboarding,2024-04-14,1
E0003806,U01443,First_Action,2024-04-16,3
E0003807,U01444,Install,2024-02-14,0
E0003808,U01444,Signup,2024-02-14,0
E0003809,U01445,Install,2024-04-28,0
E0003810,U01445,Signup,2024-04-28,0
E0003811,U01446,Install,2024-01-31,0
E0003812,U01446,Signup,2024-01-31,0
E0003813,U01446,Onboarding,2024-02-01,1
E0003814,U01447,Install,2024-05-30,0
E0003815,U01447,Signup,2024-05-30,0
E0003816,U01447,Onboarding,2024-05-31,1
E0003817,U01448,Install,2024-02-16,0
E0003818,U01448,Signup,2024-02-16,0
E0003819,U01448,Onboarding,2024-02-17,1
E0003820,U01448,First_Action,2024-02-19,3
E0003821,U01449,Install,2024-03-24,0
E0003822,U01450,Install,2024-01-06,0
E0003823,U01450,Signup,2024-01-06,0
E0003824,U01450,Onboarding,2024-01-07,1
E0003825,U01451,Install,2024-05-29,0
E0003826,U01452,Install,2024-06-17,0
E0003827,U01452,Signup,2024-06-17,0
E0003828,U01453,Install,2024-03-21,0
E0003829,U01454,Install,2024-01-09,0
E0003830,U01454,Signup,2024-01-09,0
E0003831,U01455,Install,2024-06-17,0
E0003832,U01455,Signup,2024-06-17,0
E0003833,U01455,Onboarding,2024-06-18,1
E0003834,U01456,Install,2024-06-17,0
E0003835,U01456,Signup,2024-06-17,0
E0003836,U01456,Onboarding,2024-06-18,1
E0003837,U01456,First_Action,2024-06-20,3
E0003838,U01457,Install,2024-03-31,0
E0003839,U01457,Signup,2024-03-31,0
E0003840,U01458,Install,2024-01-10,0
E0003841,U01458,Signup,2024-01-10,0
E0003842,U01459,Install,2024-02-25,0
E0003843,U01459,Signup,2024-02-25,0
E0003844,U01460,Install,2024-03-07,0
E0003845,U01460,Signup,2024-03-07,0
E0003846,U01460,Onboarding,2024-03-08,1
E0003847,U01461,Install,2024-04-18,0
E0003848,U01461,Signup,2024-04-18,0
E0003849,U01461,Onboarding,2024-04-19,1
E0003850,U01462,Install,2024-06-11,0
E0003851,U01462,Signup,2024-06-11,0
E0003852,U01462,Onboarding,2024-06-12,1
E0003853,U01462,First_Action,2024-06-14,3
E0003854,U01462,Day1_Active,2024-06-15,4
E0003855,U01462,Day7_Active,2024-06-21,10
E0003856,U01463,Install,2024-06-03,0
E0003857,U01463,Signup,2024-06-03,0
E0003858,U01463,Onboarding,2024-06-04,1
E0003859,U01464,Install,2024-06-03,0
E0003860,U01464,Signup,2024-06-03,0
E0003861,U01464,Onboarding,2024-06-04,1
E0003862,U01465,Install,2024-03-25,0
E0003863,U01465,Signup,2024-03-25,0
E0003864,U01465,Onboarding,2024-03-26,1
E0003865,U01465,First_Action,2024-03-28,3
E0003866,U01466,Install,2024-02-27,0
E0003867,U01466,Signup,2024-02-27,0
E0003868,U01467,Install,2024-02-01,0
E0003869,U01468,Install,2024-05-15,0
E0003870,U01468,Signup,2024-05-15,0
E0003871,U01469,Install,2024-01-13,0
E0003872,U01469,Signup,2024-01-13,0
E0003873,U01470,Install,2024-05-16,0
E0003874,U01470,Signup,2024-05-16,0
E0003875,U01471,Install,2024-06-24,0
E0003876,U01471,Signup,2024-06-24,0
E0003877,U01472,Install,2024-01-14,0
E0003878,U01473,Install,2024-04-17,0
E0003879,U01473,Signup,2024-04-17,0
E0003880,U01473,Onboarding,2024-04-18,1
E0003881,U01474,Install,2024-03-11,0
E0003882,U01475,Install,2024-06-11,0
E0003883,U01475,Signup,2024-06-11,0
E0003884,U01476,Install,2024-01-21,0
E0003885,U01476,Signup,2024-01-21,0
E0003886,U01476,Onboarding,2024-01-22,1
E0003887,U01476,First_Action,2024-01-24,3
E0003888,U01476,Day1_Active,2024-01-25,4
E0003889,U01476,Day7_Active,2024-01-31,10
E0003890,U01477,Install,2024-03-14,0
E0003891,U01477,Signup,2024-03-14,0
E0003892,U01478,Install,2024-05-10,0
E0003893,U01478,Signup,2024-05-10,0
E0003894,U01478,Onboarding,2024-05-11,1
E0003895,U01479,Install,2024-05-16,0
E0003896,U01479,Signup,2024-05-16,0
E0003897,U01479,Onboarding,2024-05-17,1
E0003898,U01480,Install,2024-04-18,0
E0003899,U01480,Signup,2024-04-18,0
E0003900,U01480,Onboarding,2024-04-19,1
E0003901,U01480,First_Action,2024-04-21,3
E0003902,U01480,Day1_Active,2024-04-22,4
E0003903,U01481,Install,2024-05-15,0
E0003904,U01481,Signup,2024-05-15,0
E0003905,U01481,Onboarding,2024-05-16,1
E0003906,U01481,First_Action,2024-05-18,3
E0003907,U01482,Install,2024-05-14,0
E0003908,U01482,Signup,2024-05-14,0
E0003909,U01482,Onboarding,2024-05-15,1
E0003910,U01483,Install,2024-01-14,0
E0003911,U01484,Install,2024-03-04,0
E0003912,U01484,Signup,2024-03-04,0
E0003913,U01484,Onboarding,2024-03-05,1
E0003914,U01485,Install,2024-03-08,0
E0003915,U01485,Signup,2024-03-08,0
E0003916,U01485,Onboarding,2024-03-09,1
E0003917,U01485,First_Action,2024-03-11,3
E0003918,U01485,Day1_Active,2024-03-12,4
E0003919,U01486,Install,2024-06-13,0
E0003920,U01487,Install,2024-01-15,0
E0003921,U01487,Signup,2024-01-15,0
E0003922,U01487,Onboarding,2024-01-16,1
E0003923,U01488,Install,2024-02-17,0
E0003924,U01488,Signup,2024-02-17,0
E0003925,U01488,Onboarding,2024-02-18,1
E0003926,U01488,First_Action,2024-02-20,3
E0003927,U01489,Install,2024-02-09,0
E0003928,U01489,Signup,2024-02-09,0
E0003929,U01489,Onboarding,2024-02-10,1
E0003930,U01489,First_Action,2024-02-12,3
E0003931,U01490,Install,2024-04-30,0
E0003932,U01490,Signup,2024-04-30,0
E0003933,U01491,Install,2024-01-28,0
E0003934,U01492,Install,2024-01-02,0
E0003935,U01493,Install,2024-04-11,0
E0003936,U01493,Signup,2024-04-11,0
E0003937,U01493,Onboarding,2024-04-12,1
E0003938,U01494,Install,2024-06-19,0
E0003939,U01494,Signup,2024-06-19,0
E0003940,U01495,Install,2024-02-02,0
E0003941,U01495,Signup,2024-02-02,0
E0003942,U01495,Onboarding,2024-02-03,1
E0003943,U01496,Install,2024-04-09,0
E0003944,U01496,Signup,2024-04-09,0
E0003945,U01497,Install,2024-01-04,0
E0003946,U01497,Signup,2024-01-04,0
E0003947,U01497,Onboarding,2024-01-05,1
E0003948,U01497,First_Action,2024-01-07,3
E0003949,U01498,Install,2024-01-03,0
E0003950,U01499,Install,2024-02-09,0
E0003951,U01499,Signup,2024-02-09,0
E0003952,U01499,Onboarding,2024-02-10,1
E0003953,U01500,Install,2024-06-28,0
E0003954,U01500,Signup,2024-06-28,0
E0003955,U01500,Onboarding,2024-06-29,1
E0003956,U01500,First_Action,2024-07-01,3
E0003957,U01501,Install,2024-06-28,0
E0003958,U01501,Signup,2024-06-28,0
E0003959,U01502,Install,2024-02-08,0
E0003960,U01502,Signup,2024-02-08,0
E0003961,U01502,Onboarding,2024-02-09,1
E0003962,U01503,Install,2024-04-19,0
E0003963,U01504,Install,2024-06-28,0
E0003964,U01504,Signup,2024-06-28,0
E0003965,U01504,Onboarding,2024-06-29,1
E0003966,U01505,Install,2024-06-13,0
E0003967,U01506,Install,2024-03-04,0
E0003968,U01507,Install,2024-02-24,0
E0003969,U01507,Signup,2024-02-24,0
E0003970,U01507,Onboarding,2024-02-25,1
E0003971,U01508,Install,2024-05-05,0
E0003972,U01508,Signup,2024-05-05,0
E0003973,U01508,Onboarding,2024-05-06,1
E0003974,U01508,First_Action,2024-05-08,3
E0003975,U01509,Install,2024-02-03,0
E0003976,U01509,Signup,2024-02-03,0
E0003977,U01509,Onboarding,2024-02-04,1
E0003978,U01509,First_Action,2024-02-06,3
E0003979,U01510,Install,2024-04-05,0
E0003980,U01510,Signup,2024-04-05,0
E0003981,U01511,Install,2024-06-10,0
E0003982,U01511,Signup,2024-06-10,0
E0003983,U01512,Install,2024-02-18,0
E0003984,U01513,Install,2024-03-18,0
E0003985,U01513,Signup,2024-03-18,0
E0003986,U01513,Onboarding,2024-03-19,1
E0003987,U01514,Install,2024-02-19,0
E0003988,U01515,Install,2024-05-23,0
E0003989,U01516,Install,2024-01-18,0
E0003990,U01516,Signup,2024-01-18,0
E0003991,U01516,Onboarding,2024-01-19,1
E0003992,U01516,First_Action,2024-01-21,3
E0003993,U01517,Install,2024-03-11,0
E0003994,U01517,Signup,2024-03-11,0
E0003995,U01517,Onboarding,2024-03-12,1
E0003996,U01518,Install,2024-06-26,0
E0003997,U01518,Signup,2024-06-26,0
E0003998,U01518,Onboarding,2024-06-27,1
E0003999,U01518,First_Action,2024-06-29,3
E0004000,U01519,Install,2024-01-20,0
E0004001,U01520,Install,2024-03-10,0
E0004002,U01520,Signup,2024-03-10,0
E0004003,U01520,Onboarding,2024-03-11,1
E0004004,U01520,First_Action,2024-03-13,3
E0004005,U01520,Day1_Active,2024-03-14,4
E0004006,U01521,Install,2024-05-11,0
E0004007,U01521,Signup,2024-05-11,0
E0004008,U01521,Onboarding,2024-05-12,1
E0004009,U01522,Install,2024-06-30,0
E0004010,U01522,Signup,2024-06-30,0
E0004011,U01522,Onboarding,2024-07-01,1
E0004012,U01522,First_Action,2024-07-03,3
E0004013,U01523,Install,2024-06-12,0
E0004014,U01523,Signup,2024-06-12,0
E0004015,U01523,Onboarding,2024-06-13,1
E0004016,U01523,First_Action,2024-06-15,3
E0004017,U01524,Install,2024-06-13,0
E0004018,U01525,Install,2024-06-10,0
E0004019,U01525,Signup,2024-06-10,0
E0004020,U01525,Onboarding,2024-06-11,1
E0004021,U01525,First_Action,2024-06-13,3
E0004022,U01525,Day1_Active,2024-06-14,4
E0004023,U01525,Day7_Active,2024-06-20,10
E0004024,U01526,Install,2024-02-04,0
E0004025,U01526,Signup,2024-02-04,0
E0004026,U01527,Install,2024-04-01,0
E0004027,U01527,Signup,2024-04-01,0
E0004028,U01528,Install,2024-05-29,0
E0004029,U01528,Signup,2024-05-29,0
E0004030,U01529,Install,2024-06-11,0
E0004031,U01529,Signup,2024-06-11,0
E0004032,U01529,Onboarding,2024-06-12,1
E0004033,U01530,Install,2024-06-10,0
E0004034,U01530,Signup,2024-06-10,0
E0004035,U01531,Install,2024-04-04,0
E0004036,U01531,Signup,2024-04-04,0
E0004037,U01531,Onboarding,2024-04-05,1
E0004038,U01531,First_Action,2024-04-07,3
E0004039,U01532,Install,2024-02-15,0
E0004040,U01532,Signup,2024-02-15,0
E0004041,U01532,Onboarding,2024-02-16,1
E0004042,U01533,Install,2024-02-11,0
E0004043,U01534,Install,2024-04-19,0
E0004044,U01534,Signup,2024-04-19,0
E0004045,U01535,Install,2024-01-04,0
E0004046,U01535,Signup,2024-01-04,0
E0004047,U01535,Onboarding,2024-01-05,1
E0004048,U01536,Install,2024-06-13,0
E0004049,U01536,Signup,2024-06-13,0
E0004050,U01536,Onboarding,2024-06-14,1
E0004051,U01536,First_Action,2024-06-16,3
E0004052,U01537,Install,2024-06-02,0
E0004053,U01538,Install,2024-03-27,0
E0004054,U01538,Signup,2024-03-27,0
E0004055,U01539,Install,2024-02-11,0
E0004056,U01539,Signup,2024-02-11,0
E0004057,U01539,Onboarding,2024-02-12,1
E0004058,U01539,First_Action,2024-02-14,3
E0004059,U01540,Install,2024-05-19,0
E0004060,U01540,Signup,2024-05-19,0
E0004061,U01541,Install,2024-04-16,0
E0004062,U01541,Signup,2024-04-16,0
E0004063,U01542,Install,2024-06-16,0
E0004064,U01543,Install,2024-01-29,0
E0004065,U01544,Install,2024-01-20,0
E0004066,U01544,Signup,2024-01-20,0
E0004067,U01545,Install,2024-06-03,0
E0004068,U01545,Signup,2024-06-03,0
E0004069,U01545,Onboarding,2024-06-04,1
E0004070,U01545,First_Action,2024-06-06,3
E0004071,U01546,Install,2024-06-19,0
E0004072,U01546,Signup,2024-06-19,0
E0004073,U01546,Onboarding,2024-06-20,1
E0004074,U01547,Install,2024-05-07,0
E0004075,U01547,Signup,2024-05-07,0
E0004076,U01547,Onboarding,2024-05-08,1
E0004077,U01548,Install,2024-01-01,0
E0004078,U01549,Install,2024-04-24,0
E0004079,U01550,Install,2024-03-12,0
E0004080,U01550,Signup,2024-03-12,0
E0004081,U01550,Onboarding,2024-03-13,1
E0004082,U01551,Install,2024-05-06,0
E0004083,U01552,Install,2024-06-16,0
E0004084,U01553,Install,2024-05-17,0
E0004085,U01553,Signup,2024-05-17,0
E0004086,U01553,Onboarding,2024-05-18,1
E0004087,U01554,Install,2024-06-26,0
E0004088,U01554,Signup,2024-06-26,0
E0004089,U01554,Onboarding,2024-06-27,1
E0004090,U01554,First_Action,2024-06-29,3
E0004091,U01555,Install,2024-01-05,0
E0004092,U01555,Signup,2024-01-05,0
E0004093,U01555,Onboarding,2024-01-06,1
E0004094,U01556,Install,2024-04-02,0
E0004095,U01556,Signup,2024-04-02,0
E0004096,U01556,Onboarding,2024-04-03,1
E0004097,U01557,Install,2024-05-21,0
E0004098,U01557,Signup,2024-05-21,0
E0004099,U01557,Onboarding,2024-05-22,1
E0004100,U01558,Install,2024-02-05,0
E0004101,U01559,Install,2024-04-18,0
E0004102,U01560,Install,2024-02-10,0
E0004103,U01560,Signup,2024-02-10,0
E0004104,U01560,Onboarding,2024-02-11,1
E0004105,U01560,First_Action,2024-02-13,3
E0004106,U01561,Install,2024-04-16,0
E0004107,U01561,Signup,2024-04-16,0
E0004108,U01562,Install,2024-03-17,0
E0004109,U01563,Install,2024-01-29,0
E0004110,U01563,Signup,2024-01-29,0
E0004111,U01563,Onboarding,2024-01-30,1
E0004112,U01564,Install,2024-01-03,0
E0004113,U01564,Signup,2024-01-03,0
E0004114,U01564,Onboarding,2024-01-04,1
E0004115,U01565,Install,2024-03-07,0
E0004116,U01566,Install,2024-01-24,0
E0004117,U01567,Install,2024-02-26,0
E0004118,U01567,Signup,2024-02-26,0
E0004119,U01568,Install,2024-06-26,0
E0004120,U01568,Signup,2024-06-26,0
E0004121,U01568,Onboarding,2024-06-27,1
E0004122,U01569,Install,2024-04-05,0
E0004123,U01569,Signup,2024-04-05,0
E0004124,U01569,Onboarding,2024-04-06,1
E0004125,U01569,First_Action,2024-04-08,3
E0004126,U01570,Install,2024-03-26,0
E0004127,U01570,Signup,2024-03-26,0
E0004128,U01570,Onboarding,2024-03-27,1
E0004129,U01570,First_Action,2024-03-29,3
E0004130,U01570,Day1_Active,2024-03-30,4
E0004131,U01571,Install,2024-03-20,0
E0004132,U01571,Signup,2024-03-20,0
E0004133,U01572,Install,2024-05-25,0
E0004134,U01573,Install,2024-03-20,0
E0004135,U01573,Signup,2024-03-20,0
E0004136,U01573,Onboarding,2024-03-21,1
E0004137,U01574,Install,2024-04-10,0
E0004138,U01574,Signup,2024-04-10,0
E0004139,U01574,Onboarding,2024-04-11,1
E0004140,U01575,Install,2024-05-08,0
E0004141,U01575,Signup,2024-05-08,0
E0004142,U01575,Onboarding,2024-05-09,1
E0004143,U01576,Install,2024-05-30,0
E0004144,U01576,Signup,2024-05-30,0
E0004145,U01576,Onboarding,2024-05-31,1
E0004146,U01576,First_Action,2024-06-02,3
E0004147,U01576,Day1_Active,2024-06-03,4
E0004148,U01577,Install,2024-06-09,0
E0004149,U01578,Install,2024-02-11,0
E0004150,U01578,Signup,2024-02-11,0
E0004151,U01578,Onboarding,2024-02-12,1
E0004152,U01579,Install,2024-03-28,0
E0004153,U01579,Signup,2024-03-28,0
E0004154,U01580,Install,2024-01-11,0
E0004155,U01581,Install,2024-01-20,0
E0004156,U01582,Install,2024-03-20,0
E0004157,U01582,Signup,2024-03-20,0
E0004158,U01583,Install,2024-03-21,0
E0004159,U01583,Signup,2024-03-21,0
E0004160,U01583,Onboarding,2024-03-22,1
E0004161,U01584,Install,2024-01-19,0
E0004162,U01585,Install,2024-04-23,0
E0004163,U01585,Signup,2024-04-23,0
E0004164,U01585,Onboarding,2024-04-24,1
E0004165,U01585,First_Action,2024-04-26,3
E0004166,U01586,Install,2024-03-14,0
E0004167,U01586,Signup,2024-03-14,0
E0004168,U01587,Install,2024-06-08,0
E0004169,U01587,Signup,2024-06-08,0
E0004170,U01588,Install,2024-06-23,0
E0004171,U01588,Signup,2024-06-23,0
E0004172,U01589,Install,2024-05-23,0
E0004173,U01589,Signup,2024-05-23,0
E0004174,U01590,Install,2024-01-19,0
E0004175,U01590,Signup,2024-01-19,0
E0004176,U01591,Install,2024-05-16,0
E0004177,U01591,Signup,2024-05-16,0
E0004178,U01592,Install,2024-04-11,0
E0004179,U01592,Signup,2024-04-11,0
E0004180,U01592,Onboarding,2024-04-12,1
E0004181,U01593,Install,2024-05-04,0
E0004182,U01593,Signup,2024-05-04,0
E0004183,U01594,Install,2024-04-30,0
E0004184,U01594,Signup,2024-04-30,0
E0004185,U01594,Onboarding,2024-05-01,1
E0004186,U01595,Install,2024-01-16,0
E0004187,U01595,Signup,2024-01-16,0
E0004188,U01596,Install,2024-01-06,0
E0004189,U01597,Install,2024-01-18,0
E0004190,U01597,Signup,2024-01-18,0
E0004191,U01597,Onboarding,2024-01-19,1
E0004192,U01597,First_Action,2024-01-21,3
E0004193,U01598,Install,2024-02-24,0
E0004194,U01599,Install,2024-03-28,0
E0004195,U01599,Signup,2024-03-28,0
E0004196,U01599,Onboarding,2024-03-29,1
E0004197,U01599,First_Action,2024-03-31,3
E0004198,U01600,Install,2024-05-17,0
E0004199,U01600,Signup,2024-05-17,0
E0004200,U01600,Onboarding,2024-05-18,1
E0004201,U01600,First_Action,2024-05-20,3
E0004202,U01600,Day1_Active,2024-05-21,4
E0004203,U01601,Install,2024-04-09,0
E0004204,U01602,Install,2024-05-28,0
E0004205,U01602,Signup,2024-05-28,0
E0004206,U01602,Onboarding,2024-05-29,1
E0004207,U01603,Install,2024-03-22,0
E0004208,U01604,Install,2024-06-21,0
E0004209,U01604,Signup,2024-06-21,0
E0004210,U01605,Install,2024-02-02,0
E0004211,U01605,Signup,2024-02-02,0
E0004212,U01605,Onboarding,2024-02-03,1
E0004213,U01605,First_Action,2024-02-05,3
E0004214,U01606,Install,2024-02-18,0
E0004215,U01606,Signup,2024-02-18,0
E0004216,U01606,Onboarding,2024-02-19,1
E0004217,U01606,First_Action,2024-02-21,3
E0004218,U01606,Day1_Active,2024-02-22,4
E0004219,U01606,Day7_Active,2024-02-28,10
E0004220,U01607,Install,2024-02-18,0
E0004221,U01607,Signup,2024-02-18,0
E0004222,U01608,Install,2024-03-19,0
E0004223,U01608,Signup,2024-03-19,0
E0004224,U01609,Install,2024-04-15,0
E0004225,U01609,Signup,2024-04-15,0
E0004226,U01610,Install,2024-02-15,0
E0004227,U01611,Install,2024-03-13,0
E0004228,U01611,Signup,2024-03-13,0
E0004229,U01611,Onboarding,2024-03-14,1
E0004230,U01611,First_Action,2024-03-16,3
E0004231,U01612,Install,2024-01-26,0
E0004232,U01613,Install,2024-04-15,0
E0004233,U01614,Install,2024-05-08,0
E0004234,U01615,Install,2024-04-26,0
E0004235,U01615,Signup,2024-04-26,0
E0004236,U01616,Install,2024-04-28,0
E0004237,U01616,Signup,2024-04-28,0
E0004238,U01616,Onboarding,2024-04-29,1
E0004239,U01616,First_Action,2024-05-01,3
E0004240,U01616,Day1_Active,2024-05-02,4
E0004241,U01616,Day7_Active,2024-05-08,10
E0004242,U01617,Install,2024-04-05,0
E0004243,U01617,Signup,2024-04-05,0
E0004244,U01617,Onboarding,2024-04-06,1
E0004245,U01618,Install,2024-04-16,0
E0004246,U01618,Signup,2024-04-16,0
E0004247,U01619,Install,2024-04-05,0
E0004248,U01619,Signup,2024-04-05,0
E0004249,U01619,Onboarding,2024-04-06,1
E0004250,U01619,First_Action,2024-04-08,3
E0004251,U01619,Day1_Active,2024-04-09,4
E0004252,U01620,Install,2024-05-26,0
E0004253,U01621,Install,2024-01-14,0
E0004254,U01621,Signup,2024-01-14,0
E0004255,U01621,Onboarding,2024-01-15,1
E0004256,U01621,First_Action,2024-01-17,3
E0004257,U01622,Install,2024-02-14,0
E0004258,U01622,Signup,2024-02-14,0
E0004259,U01622,Onboarding,2024-02-15,1
E0004260,U01623,Install,2024-02-02,0
E0004261,U01623,Signup,2024-02-02,0
E0004262,U01624,Install,2024-03-07,0
E0004263,U01624,Signup,2024-03-07,0
E0004264,U01624,Onboarding,2024-03-08,1
E0004265,U01625,Install,2024-01-03,0
E0004266,U01625,Signup,2024-01-03,0
E0004267,U01626,Install,2024-01-21,0
E0004268,U01626,Signup,2024-01-21,0
E0004269,U01627,Install,2024-04-01,0
E0004270,U01627,Signup,2024-04-01,0
E0004271,U01628,Install,2024-04-06,0
E0004272,U01629,Install,2024-06-12,0
E0004273,U01630,Install,2024-02-06,0
E0004274,U01630,Signup,2024-02-06,0
E0004275,U01631,Install,2024-02-23,0
E0004276,U01631,Signup,2024-02-23,0
E0004277,U01632,Install,2024-01-20,0
E0004278,U01632,Signup,2024-01-20,0
E0004279,U01632,Onboarding,2024-01-21,1
E0004280,U01632,First_Action,2024-01-23,3
E0004281,U01632,Day1_Active,2024-01-24,4
E0004282,U01633,Install,2024-02-11,0
E0004283,U01633,Signup,2024-02-11,0
E0004284,U01633,Onboarding,2024-02-12,1
E0004285,U01633,First_Action,2024-02-14,3
E0004286,U01633,Day1_Active,2024-02-15,4
E0004287,U01634,Install,2024-01-09,0
E0004288,U01635,Install,2024-01-02,0
E0004289,U01635,Signup,2024-01-02,0
E0004290,U01636,Install,2024-01-06,0
E0004291,U01637,Install,2024-01-08,0
E0004292,U01637,Signup,2024-01-08,0
E0004293,U01638,Install,2024-05-03,0
E0004294,U01638,Signup,2024-05-03,0
E0004295,U01638,Onboarding,2024-05-04,1
E0004296,U01638,First_Action,2024-05-06,3
E0004297,U01638,Day1_Active,2024-05-07,4
E0004298,U01638,Day7_Active,2024-05-13,10
E0004299,U01639,Install,2024-05-06,0
E0004300,U01640,Install,2024-03-12,0
E0004301,U01641,Install,2024-02-22,0
E0004302,U01642,Install,2024-03-22,0
E0004303,U01642,Signup,2024-03-22,0
E0004304,U01642,Onboarding,2024-03-23,1
E0004305,U01643,Install,2024-06-10,0
E0004306,U01643,Signup,2024-06-10,0
E0004307,U01644,Install,2024-04-14,0
E0004308,U01645,Install,2024-01-08,0
E0004309,U01646,Install,2024-02-25,0
E0004310,U01646,Signup,2024-02-25,0
E0004311,U01647,Install,2024-01-03,0
E0004312,U01647,Signup,2024-01-03,0
E0004313,U01647,Onboarding,2024-01-04,1
E0004314,U01647,First_Action,2024-01-06,3
E0004315,U01648,Install,2024-01-17,0
E0004316,U01648,Signup,2024-01-17,0
E0004317,U01648,Onboarding,2024-01-18,1
E0004318,U01648,First_Action,2024-01-20,3
E0004319,U01648,Day1_Active,2024-01-21,4
E0004320,U01649,Install,2024-06-04,0
E0004321,U01649,Signup,2024-06-04,0
E0004322,U01650,Install,2024-06-23,0
E0004323,U01651,Install,2024-05-07,0
E0004324,U01651,Signup,2024-05-07,0
E0004325,U01651,Onboarding,2024-05-08,1
E0004326,U01652,Install,2024-05-31,0
E0004327,U01652,Signup,2024-05-31,0
E0004328,U01652,Onboarding,2024-06-01,1
E0004329,U01653,Install,2024-01-02,0
E0004330,U01653,Signup,2024-01-02,0
E0004331,U01653,Onboarding,2024-01-03,1
E0004332,U01653,First_Action,2024-01-05,3
E0004333,U01653,Day1_Active,2024-01-06,4
E0004334,U01653,Day7_Active,2024-01-12,10
E0004335,U01654,Install,2024-05-15,0
E0004336,U01654,Signup,2024-05-15,0
E0004337,U01654,Onboarding,2024-05-16,1
E0004338,U01655,Install,2024-03-18,0
E0004339,U01656,Install,2024-06-05,0
E0004340,U01656,Signup,2024-06-05,0
E0004341,U01656,Onboarding,2024-06-06,1
E0004342,U01657,Install,2024-02-01,0
E0004343,U01657,Signup,2024-02-01,0
E0004344,U01657,Onboarding,2024-02-02,1
E0004345,U01658,Install,2024-02-05,0
E0004346,U01658,Signup,2024-02-05,0
E0004347,U01658,Onboarding,2024-02-06,1
E0004348,U01658,First_Action,2024-02-08,3
E0004349,U01659,Install,2024-02-18,0
E0004350,U01659,Signup,2024-02-18,0
E0004351,U01659,Onboarding,2024-02-19,1
E0004352,U01659,First_Action,2024-02-21,3
E0004353,U01659,Day1_Active,2024-02-22,4
E0004354,U01660,Install,2024-06-25,0
E0004355,U01661,Install,2024-01-20,0
E0004356,U01661,Signup,2024-01-20,0
E0004357,U01661,Onboarding,2024-01-21,1
E0004358,U01662,Install,2024-02-05,0
E0004359,U01663,Install,2024-04-15,0
E0004360,U01663,Signup,2024-04-15,0
E0004361,U01663,Onboarding,2024-04-16,1
E0004362,U01663,First_Action,2024-04-18,3
E0004363,U01664,Install,2024-05-05,0
E0004364,U01665,Install,2024-03-16,0
E0004365,U01665,Signup,2024-03-16,0
E0004366,U01665,Onboarding,2024-03-17,1
E0004367,U01666,Install,2024-02-22,0
E0004368,U01666,Signup,2024-02-22,0
E0004369,U01666,Onboarding,2024-02-23,1
E0004370,U01667,Install,2024-04-29,0
E0004371,U01667,Signup,2024-04-29,0
E0004372,U01668,Install,2024-05-15,0
E0004373,U01668,Signup,2024-05-15,0
E0004374,U01668,Onboarding,2024-05-16,1
E0004375,U01668,First_Action,2024-05-18,3
E0004376,U01668,Day1_Active,2024-05-19,4
E0004377,U01668,Day7_Active,2024-05-25,10
E0004378,U01669,Install,2024-05-09,0
E0004379,U01669,Signup,2024-05-09,0
E0004380,U01669,Onboarding,2024-05-10,1
E0004381,U01670,Install,2024-06-07,0
E0004382,U01670,Signup,2024-06-07,0
E0004383,U01671,Install,2024-03-19,0
E0004384,U01671,Signup,2024-03-19,0
E0004385,U01671,Onboarding,2024-03-20,1
E0004386,U01671,First_Action,2024-03-22,3
E0004387,U01672,Install,2024-01-29,0
E0004388,U01672,Signup,2024-01-29,0
E0004389,U01673,Install,2024-04-25,0
E0004390,U01673,Signup,2024-04-25,0
E0004391,U01674,Install,2024-04-11,0
E0004392,U01674,Signup,2024-04-11,0
E0004393,U01674,Onboarding,2024-04-12,1
E0004394,U01675,Install,2024-06-15,0
E0004395,U01675,Signup,2024-06-15,0
E0004396,U01676,Install,2024-03-11,0
E0004397,U01676,Signup,2024-03-11,0
E0004398,U01676,Onboarding,2024-03-12,1
E0004399,U01676,First_Action,2024-03-14,3
E0004400,U01677,Install,2024-01-29,0
E0004401,U01677,Signup,2024-01-29,0
E0004402,U01677,Onboarding,2024-01-30,1
E0004403,U01677,First_Action,2024-02-01,3
E0004404,U01678,Install,2024-01-26,0
E0004405,U01678,Signup,2024-01-26,0
E0004406,U01678,Onboarding,2024-01-27,1
E0004407,U01678,First_Action,2024-01-29,3
E0004408,U01679,Install,2024-02-26,0
E0004409,U01680,Install,2024-03-29,0
E0004410,U01681,Install,2024-06-28,0
E0004411,U01681,Signup,2024-06-28,0
E0004412,U01682,Install,2024-06-23,0
E0004413,U01683,Install,2024-05-01,0
E0004414,U01684,Install,2024-01-03,0
E0004415,U01684,Signup,2024-01-03,0
E0004416,U01684,Onboarding,2024-01-04,1
E0004417,U01685,Install,2024-01-29,0
E0004418,U01685,Signup,2024-01-29,0
E0004419,U01686,Install,2024-05-08,0
E0004420,U01686,Signup,2024-05-08,0
E0004421,U01687,Install,2024-04-25,0
E0004422,U01687,Signup,2024-04-25,0
E0004423,U01687,Onboarding,2024-04-26,1
E0004424,U01688,Install,2024-04-27,0
E0004425,U01689,Install,2024-06-01,0
E0004426,U01690,Install,2024-04-15,0
E0004427,U01691,Install,2024-06-27,0
E0004428,U01691,Signup,2024-06-27,0
E0004429,U01692,Install,2024-06-12,0
E0004430,U01692,Signup,2024-06-12,0
E0004431,U01693,Install,2024-05-14,0
E0004432,U01693,Signup,2024-05-14,0
E0004433,U01693,Onboarding,2024-05-15,1
E0004434,U01694,Install,2024-03-11,0
E0004435,U01694,Signup,2024-03-11,0
E0004436,U01695,Install,2024-04-20,0
E0004437,U01696,Install,2024-01-03,0
E0004438,U01696,Signup,2024-01-03,0
E0004439,U01696,Onboarding,2024-01-04,1
E0004440,U01697,Install,2024-06-08,0
E0004441,U01697,Signup,2024-06-08,0
E0004442,U01698,Install,2024-04-26,0
E0004443,U01698,Signup,2024-04-26,0
E0004444,U01699,Install,2024-04-20,0
E0004445,U01699,Signup,2024-04-20,0
E0004446,U01700,Install,2024-05-08,0
E0004447,U01700,Signup,2024-05-08,0
E0004448,U01700,Onboarding,2024-05-09,1
E0004449,U01701,Install,2024-02-20,0
E0004450,U01702,Install,2024-03-04,0
E0004451,U01702,Signup,2024-03-04,0
E0004452,U01703,Install,2024-03-07,0
E0004453,U01703,Signup,2024-03-07,0
E0004454,U01704,Install,2024-05-28,0
E0004455,U01704,Signup,2024-05-28,0
E0004456,U01704,Onboarding,2024-05-29,1
E0004457,U01705,Install,2024-03-19,0
E0004458,U01706,Install,2024-04-21,0
E0004459,U01707,Install,2024-04-01,0
E0004460,U01707,Signup,2024-04-01,0
E0004461,U01707,Onboarding,2024-04-02,1
E0004462,U01707,First_Action,2024-04-04,3
E0004463,U01707,Day1_Active,2024-04-05,4
E0004464,U01708,Install,2024-05-23,0
E0004465,U01708,Signup,2024-05-23,0
E0004466,U01708,Onboarding,2024-05-24,1
E0004467,U01708,First_Action,2024-05-26,3
E0004468,U01709,Install,2024-03-03,0
E0004469,U01709,Signup,2024-03-03,0
E0004470,U01709,Onboarding,2024-03-04,1
E0004471,U01710,Install,2024-01-14,0
E0004472,U01711,Install,2024-05-12,0
E0004473,U01712,Install,2024-03-26,0
E0004474,U01712,Signup,2024-03-26,0
E0004475,U01712,Onboarding,2024-03-27,1
E0004476,U01712,First_Action,2024-03-29,3
E0004477,U01713,Install,2024-02-01,0
E0004478,U01714,Install,2024-02-06,0
E0004479,U01715,Install,2024-02-09,0
E0004480,U01716,Install,2024-06-25,0
E0004481,U01717,Install,2024-03-04,0
E0004482,U01717,Signup,2024-03-04,0
E0004483,U01718,Install,2024-02-01,0
E0004484,U01719,Install,2024-03-07,0
E0004485,U01719,Signup,2024-03-07,0
E0004486,U01719,Onboarding,2024-03-08,1
E0004487,U01719,First_Action,2024-03-10,3
E0004488,U01720,Install,2024-06-11,0
E0004489,U01721,Install,2024-06-28,0
E0004490,U01722,Install,2024-05-06,0
E0004491,U01722,Signup,2024-05-06,0
E0004492,U01722,Onboarding,2024-05-07,1
E0004493,U01722,First_Action,2024-05-09,3
E0004494,U01723,Install,2024-04-18,0
E0004495,U01723,Signup,2024-04-18,0
E0004496,U01723,Onboarding,2024-04-19,1
E0004497,U01723,First_Action,2024-04-21,3
E0004498,U01724,Install,2024-01-09,0
E0004499,U01724,Signup,2024-01-09,0
E0004500,U01724,Onboarding,2024-01-10,1
E0004501,U01725,Install,2024-02-05,0
E0004502,U01725,Signup,2024-02-05,0
E0004503,U01726,Install,2024-05-08,0
E0004504,U01726,Signup,2024-05-08,0
E0004505,U01726,Onboarding,2024-05-09,1
E0004506,U01727,Install,2024-02-08,0
E0004507,U01728,Install,2024-03-12,0
E0004508,U01728,Signup,2024-03-12,0
E0004509,U01729,Install,2024-05-03,0
E0004510,U01730,Install,2024-06-17,0
E0004511,U01731,Install,2024-06-07,0
E0004512,U01731,Signup,2024-06-07,0
E0004513,U01731,Onboarding,2024-06-08,1
E0004514,U01731,First_Action,2024-06-10,3
E0004515,U01732,Install,2024-06-19,0
E0004516,U01732,Signup,2024-06-19,0
E0004517,U01733,Install,2024-03-01,0
E0004518,U01733,Signup,2024-03-01,0
E0004519,U01734,Install,2024-01-17,0
E0004520,U01735,Install,2024-04-05,0
E0004521,U01735,Signup,2024-04-05,0
E0004522,U01735,Onboarding,2024-04-06,1
E0004523,U01736,Install,2024-04-06,0
E0004524,U01736,Signup,2024-04-06,0
E0004525,U01737,Install,2024-06-22,0
E0004526,U01737,Signup,2024-06-22,0
E0004527,U01738,Install,2024-02-19,0
E0004528,U01738,Signup,2024-02-19,0
E0004529,U01739,Install,2024-02-05,0
E0004530,U01739,Signup,2024-02-05,0
E0004531,U01740,Install,2024-02-17,0
E0004532,U01740,Signup,2024-02-17,0
E0004533,U01741,Install,2024-02-23,0
E0004534,U01741,Signup,2024-02-23,0
E0004535,U01741,Onboarding,2024-02-24,1
E0004536,U01742,Install,2024-02-05,0
E0004537,U01742,Signup,2024-02-05,0
E0004538,U01742,Onboarding,2024-02-06,1
E0004539,U01742,First_Action,2024-02-08,3
E0004540,U01743,Install,2024-02-02,0
E0004541,U01743,Signup,2024-02-02,0
E0004542,U01743,Onboarding,2024-02-03,1
E0004543,U01743,First_Action,2024-02-05,3
E0004544,U01744,Install,2024-03-25,0
E0004545,U01744,Signup,2024-03-25,0
E0004546,U01744,Onboarding,2024-03-26,1
E0004547,U01744,First_Action,2024-03-28,3
E0004548,U01745,Install,2024-04-01,0
E0004549,U01746,Install,2024-05-12,0
E0004550,U01747,Install,2024-01-29,0
E0004551,U01748,Install,2024-04-17,0
E0004552,U01749,Install,2024-03-25,0
E0004553,U01749,Signup,2024-03-25,0
E0004554,U01750,Install,2024-05-24,0
E0004555,U01750,Signup,2024-05-24,0
E0004556,U01751,Install,2024-04-16,0
E0004557,U01751,Signup,2024-04-16,0
E0004558,U01752,Install,2024-03-10,0
E0004559,U01752,Signup,2024-03-10,0
E0004560,U01752,Onboarding,2024-03-11,1
E0004561,U01753,Install,2024-05-02,0
E0004562,U01753,Signup,2024-05-02,0
E0004563,U01754,Install,2024-02-20,0
E0004564,U01755,Install,2024-01-14,0
E0004565,U01756,Install,2024-01-30,0
E0004566,U01757,Install,2024-04-21,0
E0004567,U01758,Install,2024-05-17,0
E0004568,U01759,Install,2024-01-20,0
E0004569,U01759,Signup,2024-01-20,0
E0004570,U01759,Onboarding,2024-01-21,1
E0004571,U01759,First_Action,2024-01-23,3
E0004572,U01759,Day1_Active,2024-01-24,4
E0004573,U01760,Install,2024-03-03,0
E0004574,U01760,Signup,2024-03-03,0
E0004575,U01760,Onboarding,2024-03-04,1
E0004576,U01761,Install,2024-01-20,0
E0004577,U01761,Signup,2024-01-20,0
E0004578,U01761,Onboarding,2024-01-21,1
E0004579,U01761,First_Action,2024-01-23,3
E0004580,U01762,Install,2024-02-26,0
E0004581,U01763,Install,2024-03-03,0
E0004582,U01763,Signup,2024-03-03,0
E0004583,U01763,Onboarding,2024-03-04,1
E0004584,U01764,Install,2024-04-15,0
E0004585,U01764,Signup,2024-04-15,0
E0004586,U01764,Onboarding,2024-04-16,1
E0004587,U01764,First_Action,2024-04-18,3
E0004588,U01764,Day1_Active,2024-04-19,4
E0004589,U01764,Day7_Active,2024-04-25,10
E0004590,U01765,Install,2024-05-13,0
E0004591,U01765,Signup,2024-05-13,0
E0004592,U01765,Onboarding,2024-05-14,1
E0004593,U01765,First_Action,2024-05-16,3
E0004594,U01765,Day1_Active,2024-05-17,4
E0004595,U01765,Day7_Active,2024-05-23,10
E0004596,U01766,Install,2024-02-06,0
E0004597,U01766,Signup,2024-02-06,0
E0004598,U01767,Install,2024-01-06,0
E0004599,U01767,Signup,2024-01-06,0
E0004600,U01768,Install,2024-01-22,0
E0004601,U01769,Install,2024-04-23,0
E0004602,U01769,Signup,2024-04-23,0
E0004603,U01769,Onboarding,2024-04-24,1
E0004604,U01769,First_Action,2024-04-26,3
E0004605,U01769,Day1_Active,2024-04-27,4
E0004606,U01770,Install,2024-03-19,0
E0004607,U01770,Signup,2024-03-19,0
E0004608,U01771,Install,2024-03-27,0
E0004609,U01772,Install,2024-03-28,0
E0004610,U01772,Signup,2024-03-28,0
E0004611,U01773,Install,2024-01-15,0
E0004612,U01774,Install,2024-05-16,0
E0004613,U01774,Signup,2024-05-16,0
E0004614,U01775,Install,2024-04-07,0
E0004615,U01775,Signup,2024-04-07,0
E0004616,U01776,Install,2024-06-23,0
E0004617,U01776,Signup,2024-06-23,0
E0004618,U01776,Onboarding,2024-06-24,1
E0004619,U01777,Install,2024-04-11,0
E0004620,U01777,Signup,2024-04-11,0
E0004621,U01777,Onboarding,2024-04-12,1
E0004622,U01777,First_Action,2024-04-14,3
E0004623,U01778,Install,2024-06-04,0
E0004624,U01778,Signup,2024-06-04,0
E0004625,U01778,Onboarding,2024-06-05,1
E0004626,U01778,First_Action,2024-06-07,3
E0004627,U01779,Install,2024-04-23,0
E0004628,U01779,Signup,2024-04-23,0
E0004629,U01779,Onboarding,2024-04-24,1
E0004630,U01779,First_Action,2024-04-26,3
E0004631,U01780,Install,2024-05-22,0
E0004632,U01780,Signup,2024-05-22,0
E0004633,U01780,Onboarding,2024-05-23,1
E0004634,U01781,Install,2024-03-21,0
E0004635,U01781,Signup,2024-03-21,0
E0004636,U01782,Install,2024-05-06,0
E0004637,U01782,Signup,2024-05-06,0
E0004638,U01782,Onboarding,2024-05-07,1
E0004639,U01783,Install,2024-01-30,0
E0004640,U01783,Signup,2024-01-30,0
E0004641,U01783,Onboarding,2024-01-31,1
E0004642,U01784,Install,2024-05-21,0
E0004643,U01784,Signup,2024-05-21,0
E0004644,U01784,Onboarding,2024-05-22,1
E0004645,U01784,First_Action,2024-05-24,3
E0004646,U01784,Day1_Active,2024-05-25,4
E0004647,U01785,Install,2024-06-22,0
E0004648,U01785,Signup,2024-06-22,0
E0004649,U01785,Onboarding,2024-06-23,1
E0004650,U01786,Install,2024-01-28,0
E0004651,U01786,Signup,2024-01-28,0
E0004652,U01787,Install,2024-04-05,0
E0004653,U01787,Signup,2024-04-05,0
E0004654,U01787,Onboarding,2024-04-06,1
E0004655,U01788,Install,2024-01-07,0
E0004656,U01789,Install,2024-04-30,0
E0004657,U01789,Signup,2024-04-30,0
E0004658,U01789,Onboarding,2024-05-01,1
E0004659,U01789,First_Action,2024-05-03,3
E0004660,U01790,Install,2024-02-08,0
E0004661,U01790,Signup,2024-02-08,0
E0004662,U01791,Install,2024-05-10,0
E0004663,U01791,Signup,2024-05-10,0
E0004664,U01791,Onboarding,2024-05-11,1
E0004665,U01792,Install,2024-06-17,0
E0004666,U01792,Signup,2024-06-17,0
E0004667,U01792,Onboarding,2024-06-18,1
E0004668,U01792,First_Action,2024-06-20,3
E0004669,U01792,Day1_Active,2024-06-21,4
E0004670,U01793,Install,2024-02-27,0
E0004671,U01793,Signup,2024-02-27,0
E0004672,U01794,Install,2024-02-01,0
E0004673,U01794,Signup,2024-02-01,0
E0004674,U01794,Onboarding,2024-02-02,1
E0004675,U01794,First_Action,2024-02-04,3
E0004676,U01795,Install,2024-04-22,0
E0004677,U01795,Signup,2024-04-22,0
E0004678,U01796,Install,2024-04-02,0
E0004679,U01796,Signup,2024-04-02,0
E0004680,U01796,Onboarding,2024-04-03,1
E0004681,U01797,Install,2024-04-14,0
E0004682,U01797,Signup,2024-04-14,0
E0004683,U01797,Onboarding,2024-04-15,1
E0004684,U01798,Install,2024-06-03,0
E0004685,U01798,Signup,2024-06-03,0
E0004686,U01798,Onboarding,2024-06-04,1
E0004687,U01799,Install,2024-05-17,0
E0004688,U01799,Signup,2024-05-17,0
E0004689,U01799,Onboarding,2024-05-18,1
E0004690,U01799,First_Action,2024-05-20,3
E0004691,U01800,Install,2024-03-14,0
E0004692,U01800,Signup,2024-03-14,0
E0004693,U01800,Onboarding,2024-03-15,1
E0004694,U01800,First_Action,2024-03-17,3
E0004695,U01801,Install,2024-05-06,0
E0004696,U01802,Install,2024-01-31,0
E0004697,U01803,Install,2024-01-09,0
E0004698,U01803,Signup,2024-01-09,0
E0004699,U01804,Install,2024-05-15,0
E0004700,U01805,Install,2024-03-16,0
E0004701,U01805,Signup,2024-03-16,0
E0004702,U01805,Onboarding,2024-03-17,1
E0004703,U01806,Install,2024-01-12,0
E0004704,U01806,Signup,2024-01-12,0
E0004705,U01806,Onboarding,2024-01-13,1
E0004706,U01806,First_Action,2024-01-15,3
E0004707,U01807,Install,2024-04-21,0
E0004708,U01807,Signup,2024-04-21,0
E0004709,U01808,Install,2024-05-10,0
E0004710,U01808,Signup,2024-05-10,0
E0004711,U01808,Onboarding,2024-05-11,1
E0004712,U01808,First_Action,2024-05-13,3
E0004713,U01808,Day1_Active,2024-05-14,4
E0004714,U01809,Install,2024-04-07,0
E0004715,U01809,Signup,2024-04-07,0
E0004716,U01809,Onboarding,2024-04-08,1
E0004717,U01809,First_Action,2024-04-10,3
E0004718,U01810,Install,2024-02-29,0
E0004719,U01810,Signup,2024-02-29,0
E0004720,U01810,Onboarding,2024-03-01,1
E0004721,U01811,Install,2024-04-19,0
E0004722,U01811,Signup,2024-04-19,0
E0004723,U01811,Onboarding,2024-04-20,1
E0004724,U01812,Install,2024-02-23,0
E0004725,U01812,Signup,2024-02-23,0
E0004726,U01812,Onboarding,2024-02-24,1
E0004727,U01813,Install,2024-02-12,0
E0004728,U01813,Signup,2024-02-12,0
E0004729,U01814,Install,2024-03-07,0
E0004730,U01815,Install,2024-02-22,0
E0004731,U01815,Signup,2024-02-22,0
E0004732,U01816,Install,2024-05-18,0
E0004733,U01817,Install,2024-03-13,0
E0004734,U01818,Install,2024-03-16,0
E0004735,U01818,Signup,2024-03-16,0
E0004736,U01819,Install,2024-05-06,0
E0004737,U01820,Install,2024-03-31,0
E0004738,U01820,Signup,2024-03-31,0
E0004739,U01821,Install,2024-03-26,0
E0004740,U01822,Install,2024-03-21,0
E0004741,U01822,Signup,2024-03-21,0
E0004742,U01823,Install,2024-02-18,0
E0004743,U01824,Install,2024-01-03,0
E0004744,U01824,Signup,2024-01-03,0
E0004745,U01824,Onboarding,2024-01-04,1
E0004746,U01825,Install,2024-04-30,0
E0004747,U01825,Signup,2024-04-30,0
E0004748,U01825,Onboarding,2024-05-01,1
E0004749,U01826,Install,2024-01-23,0
E0004750,U01826,Signup,2024-01-23,0
E0004751,U01826,Onboarding,2024-01-24,1
E0004752,U01826,First_Action,2024-01-26,3
E0004753,U01827,Install,2024-05-22,0
E0004754,U01827,Signup,2024-05-22,0
E0004755,U01827,Onboarding,2024-05-23,1
E0004756,U01828,Install,2024-06-10,0
E0004757,U01829,Install,2024-03-17,0
E0004758,U01829,Signup,2024-03-17,0
E0004759,U01830,Install,2024-06-02,0
E0004760,U01831,Install,2024-03-14,0
E0004761,U01831,Signup,2024-03-14,0
E0004762,U01831,Onboarding,2024-03-15,1
E0004763,U01832,Install,2024-03-22,0
E0004764,U01832,Signup,2024-03-22,0
E0004765,U01832,Onboarding,2024-03-23,1
E0004766,U01833,Install,2024-05-05,0
E0004767,U01833,Signup,2024-05-05,0
E0004768,U01833,Onboarding,2024-05-06,1
E0004769,U01833,First_Action,2024-05-08,3
E0004770,U01834,Install,2024-04-14,0
E0004771,U01834,Signup,2024-04-14,0
E0004772,U01834,Onboarding,2024-04-15,1
E0004773,U01835,Install,2024-04-23,0
E0004774,U01835,Signup,2024-04-23,0
E0004775,U01835,Onboarding,2024-04-24,1
E0004776,U01836,Install,2024-06-11,0
E0004777,U01836,Signup,2024-06-11,0
E0004778,U01837,Install,2024-02-22,0
E0004779,U01837,Signup,2024-02-22,0
E0004780,U01838,Install,2024-05-18,0
E0004781,U01838,Signup,2024-05-18,0
E0004782,U01839,Install,2024-03-31,0
E0004783,U01839,Signup,2024-03-31,0
E0004784,U01839,Onboarding,2024-04-01,1
E0004785,U01840,Install,2024-02-20,0
E0004786,U01841,Install,2024-02-11,0
E0004787,U01841,Signup,2024-02-11,0
E0004788,U01842,Install,2024-01-10,0
E0004789,U01842,Signup,2024-01-10,0
E0004790,U01843,Install,2024-01-11,0
E0004791,U01843,Signup,2024-01-11,0
E0004792,U01844,Install,2024-03-10,0
E0004793,U01844,Signup,2024-03-10,0
E0004794,U01844,Onboarding,2024-03-11,1
E0004795,U01845,Install,2024-03-10,0
E0004796,U01845,Signup,2024-03-10,0
E0004797,U01845,Onboarding,2024-03-11,1
E0004798,U01845,First_Action,2024-03-13,3
E0004799,U01846,Install,2024-01-06,0
E0004800,U01847,Install,2024-04-10,0
E0004801,U01847,Signup,2024-04-10,0
E0004802,U01847,Onboarding,2024-04-11,1
E0004803,U01848,Install,2024-01-06,0
E0004804,U01849,Install,2024-04-06,0
E0004805,U01849,Signup,2024-04-06,0
E0004806,U01849,Onboarding,2024-04-07,1
E0004807,U01850,Install,2024-06-28,0
E0004808,U01850,Signup,2024-06-28,0
E0004809,U01851,Install,2024-04-05,0
E0004810,U01851,Signup,2024-04-05,0
E0004811,U01851,Onboarding,2024-04-06,1
E0004812,U01851,First_Action,2024-04-08,3
E0004813,U01851,Day1_Active,2024-04-09,4
E0004814,U01852,Install,2024-02-29,0
E0004815,U01852,Signup,2024-02-29,0
E0004816,U01853,Install,2024-06-10,0
E0004817,U01853,Signup,2024-06-10,0
E0004818,U01854,Install,2024-03-04,0
E0004819,U01854,Signup,2024-03-04,0
E0004820,U01854,Onboarding,2024-03-05,1
E0004821,U01854,First_Action,2024-03-07,3
E0004822,U01855,Install,2024-02-29,0
E0004823,U01855,Signup,2024-02-29,0
E0004824,U01855,Onboarding,2024-03-01,1
E0004825,U01856,Install,2024-01-10,0
E0004826,U01856,Signup,2024-01-10,0
E0004827,U01856,Onboarding,2024-01-11,1
E0004828,U01856,First_Action,2024-01-13,3
E0004829,U01857,Install,2024-05-23,0
E0004830,U01857,Signup,2024-05-23,0
E0004831,U01858,Install,2024-06-30,0
E0004832,U01858,Signup,2024-06-30,0
E0004833,U01858,Onboarding,2024-07-01,1
E0004834,U01858,First_Action,2024-07-03,3
E0004835,U01859,Install,2024-04-18,0
E0004836,U01860,Install,2024-02-12,0
E0004837,U01860,Signup,2024-02-12,0
E0004838,U01861,Install,2024-06-09,0
E0004839,U01861,Signup,2024-06-09,0
E0004840,U01861,Onboarding,2024-06-10,1
E0004841,U01862,Install,2024-03-16,0
E0004842,U01862,Signup,2024-03-16,0
E0004843,U01862,Onboarding,2024-03-17,1
E0004844,U01862,First_Action,2024-03-19,3
E0004845,U01863,Install,2024-03-23,0
E0004846,U01863,Signup,2024-03-23,0
E0004847,U01864,Install,2024-02-22,0
E0004848,U01864,Signup,2024-02-22,0
E0004849,U01864,Onboarding,2024-02-23,1
E0004850,U01864,First_Action,2024-02-25,3
E0004851,U01865,Install,2024-02-23,0
E0004852,U01866,Install,2024-05-14,0
E0004853,U01866,Signup,2024-05-14,0
E0004854,U01867,Install,2024-01-02,0
E0004855,U01867,Signup,2024-01-02,0
E0004856,U01867,Onboarding,2024-01-03,1
E0004857,U01867,First_Action,2024-01-05,3
E0004858,U01868,Install,2024-01-16,0
E0004859,U01868,Signup,2024-01-16,0
E0004860,U01868,Onboarding,2024-01-17,1
E0004861,U01869,Install,2024-03-29,0
E0004862,U01869,Signup,2024-03-29,0
E0004863,U01869,Onboarding,2024-03-30,1
E0004864,U01870,Install,2024-05-29,0
E0004865,U01870,Signup,2024-05-29,0
E0004866,U01870,Onboarding,2024-05-30,1
E0004867,U01871,Install,2024-06-13,0
E0004868,U01871,Signup,2024-06-13,0
E0004869,U01871,Onboarding,2024-06-14,1
E0004870,U01872,Install,2024-03-08,0
E0004871,U01872,Signup,2024-03-08,0
E0004872,U01873,Install,2024-05-27,0
E0004873,U01873,Signup,2024-05-27,0
E0004874,U01873,Onboarding,2024-05-28,1
E0004875,U01873,First_Action,2024-05-30,3
E0004876,U01873,Day1_Active,2024-05-31,4
E0004877,U01874,Install,2024-06-20,0
E0004878,U01874,Signup,2024-06-20,0
E0004879,U01875,Install,2024-06-06,0
E0004880,U01875,Signup,2024-06-06,0
E0004881,U01875,Onboarding,2024-06-07,1
E0004882,U01875,First_Action,2024-06-09,3
E0004883,U01875,Day1_Active,2024-06-10,4
E0004884,U01876,Install,2024-01-14,0
E0004885,U01876,Signup,2024-01-14,0
E0004886,U01877,Install,2024-01-31,0
E0004887,U01877,Signup,2024-01-31,0
E0004888,U01877,Onboarding,2024-02-01,1
E0004889,U01878,Install,2024-05-13,0
E0004890,U01878,Signup,2024-05-13,0
E0004891,U01878,Onboarding,2024-05-14,1
E0004892,U01879,Install,2024-06-11,0
E0004893,U01879,Signup,2024-06-11,0
E0004894,U01879,Onboarding,2024-06-12,1
E0004895,U01879,First_Action,2024-06-14,3
E0004896,U01879,Day1_Active,2024-06-15,4
E0004897,U01879,Day7_Active,2024-06-21,10
E0004898,U01880,Install,2024-03-05,0
E0004899,U01880,Signup,2024-03-05,0
E0004900,U01880,Onboarding,2024-03-06,1
E0004901,U01880,First_Action,2024-03-08,3
E0004902,U01881,Install,2024-04-03,0
E0004903,U01881,Signup,2024-04-03,0
E0004904,U01881,Onboarding,2024-04-04,1
E0004905,U01882,Install,2024-02-18,0
E0004906,U01883,Install,2024-05-14,0
E0004907,U01883,Signup,2024-05-14,0
E0004908,U01883,Onboarding,2024-05-15,1
E0004909,U01884,Install,2024-05-08,0
E0004910,U01885,Install,2024-01-12,0
E0004911,U01886,Install,2024-01-08,0
E0004912,U01886,Signup,2024-01-08,0
E0004913,U01887,Install,2024-05-01,0
E0004914,U01887,Signup,2024-05-01,0
E0004915,U01888,Install,2024-06-05,0
E0004916,U01889,Install,2024-04-17,0
E0004917,U01889,Signup,2024-04-17,0
E0004918,U01889,Onboarding,2024-04-18,1
E0004919,U01890,Install,2024-05-19,0
E0004920,U01890,Signup,2024-05-19,0
E0004921,U01891,Install,2024-06-21,0
E0004922,U01891,Signup,2024-06-21,0
E0004923,U01891,Onboarding,2024-06-22,1
E0004924,U01891,First_Action,2024-06-24,3
E0004925,U01891,Day1_Active,2024-06-25,4
E0004926,U01891,Day7_Active,2024-07-01,10
E0004927,U01892,Install,2024-04-03,0
E0004928,U01893,Install,2024-01-17,0
E0004929,U01893,Signup,2024-01-17,0
E0004930,U01893,Onboarding,2024-01-18,1
E0004931,U01894,Install,2024-01-12,0
E0004932,U01894,Signup,2024-01-12,0
E0004933,U01895,Install,2024-01-01,0
E0004934,U01895,Signup,2024-01-01,0
E0004935,U01896,Install,2024-01-23,0
E0004936,U01896,Signup,2024-01-23,0
E0004937,U01896,Onboarding,2024-01-24,1
E0004938,U01896,First_Action,2024-01-26,3
E0004939,U01897,Install,2024-02-17,0
E0004940,U01897,Signup,2024-02-17,0
E0004941,U01898,Install,2024-06-12,0
E0004942,U01898,Signup,2024-06-12,0
E0004943,U01898,Onboarding,2024-06-13,1
E0004944,U01899,Install,2024-06-13,0
E0004945,U01900,Install,2024-04-07,0
E0004946,U01900,Signup,2024-04-07,0
E0004947,U01900,Onboarding,2024-04-08,1
E0004948,U01900,First_Action,2024-04-10,3
E0004949,U01900,Day1_Active,2024-04-11,4
E0004950,U01900,Day7_Active,2024-04-17,10
E0004951,U01901,Install,2024-02-18,0
E0004952,U01901,Signup,2024-02-18,0
E0004953,U01901,Onboarding,2024-02-19,1
E0004954,U01901,First_Action,2024-02-21,3
E0004955,U01902,Install,2024-01-24,0
E0004956,U01902,Signup,2024-01-24,0
E0004957,U01902,Onboarding,2024-01-25,1
E0004958,U01902,First_Action,2024-01-27,3
E0004959,U01902,Day1_Active,2024-01-28,4
E0004960,U01903,Install,2024-06-10,0
E0004961,U01903,Signup,2024-06-10,0
E0004962,U01903,Onboarding,2024-06-11,1
E0004963,U01903,First_Action,2024-06-13,3
E0004964,U01903,Day1_Active,2024-06-14,4
E0004965,U01904,Install,2024-05-25,0
E0004966,U01905,Install,2024-02-23,0
E0004967,U01906,Install,2024-05-11,0
E0004968,U01906,Signup,2024-05-11,0
E0004969,U01906,Onboarding,2024-05-12,1
E0004970,U01906,First_Action,2024-05-14,3
E0004971,U01907,Install,2024-06-17,0
E0004972,U01908,Install,2024-06-17,0
E0004973,U01908,Signup,2024-06-17,0
E0004974,U01908,Onboarding,2024-06-18,1
E0004975,U01908,First_Action,2024-06-20,3
E0004976,U01909,Install,2024-01-03,0
E0004977,U01909,Signup,2024-01-03,0
E0004978,U01909,Onboarding,2024-01-04,1
E0004979,U01910,Install,2024-04-01,0
E0004980,U01911,Install,2024-04-26,0
E0004981,U01911,Signup,2024-04-26,0
E0004982,U01911,Onboarding,2024-04-27,1
E0004983,U01911,First_Action,2024-04-29,3
E0004984,U01911,Day1_Active,2024-04-30,4
E0004985,U01912,Install,2024-04-05,0
E0004986,U01912,Signup,2024-04-05,0
E0004987,U01913,Install,2024-02-29,0
E0004988,U01913,Signup,2024-02-29,0
E0004989,U01913,Onboarding,2024-03-01,1
E0004990,U01914,Install,2024-05-27,0
E0004991,U01915,Install,2024-06-27,0
E0004992,U01915,Signup,2024-06-27,0
E0004993,U01915,Onboarding,2024-06-28,1
E0004994,U01916,Install,2024-03-26,0
E0004995,U01916,Signup,2024-03-26,0
E0004996,U01917,Install,2024-03-29,0
E0004997,U01917,Signup,2024-03-29,0
E0004998,U01918,Install,2024-03-18,0
E0004999,U01919,Install,2024-02-09,0
E0005000,U01919,Signup,2024-02-09,0
E0005001,U01919,Onboarding,2024-02-10,1
E0005002,U01919,First_Action,2024-02-12,3
E0005003,U01919,Day1_Active,2024-02-13,4
E0005004,U01920,Install,2024-04-30,0
E0005005,U01920,Signup,2024-04-30,0
E0005006,U01920,Onboarding,2024-05-01,1
E0005007,U01920,First_Action,2024-05-03,3
E0005008,U01920,Day1_Active,2024-05-04,4
E0005009,U01920,Day7_Active,2024-05-10,10
E0005010,U01921,Install,2024-04-28,0
E0005011,U01922,Install,2024-02-04,0
E0005012,U01922,Signup,2024-02-04,0
E0005013,U01922,Onboarding,2024-02-05,1
E0005014,U01923,Install,2024-06-01,0
E0005015,U01924,Install,2024-02-26,0
E0005016,U01924,Signup,2024-02-26,0
E0005017,U01925,Install,2024-01-01,0
E0005018,U01925,Signup,2024-01-01,0
E0005019,U01925,Onboarding,2024-01-02,1
E0005020,U01926,Install,2024-02-18,0
E0005021,U01926,Signup,2024-02-18,0
E0005022,U01927,Install,2024-02-08,0
E0005023,U01927,Signup,2024-02-08,0
E0005024,U01927,Onboarding,2024-02-09,1
E0005025,U01928,Install,2024-04-17,0
E0005026,U01928,Signup,2024-04-17,0
E0005027,U01928,Onboarding,2024-04-18,1
E0005028,U01928,First_Action,2024-04-20,3
E0005029,U01928,Day1_Active,2024-04-21,4
E0005030,U01929,Install,2024-03-29,0
E0005031,U01929,Signup,2024-03-29,0
E0005032,U01930,Install,2024-03-22,0
E0005033,U01930,Signup,2024-03-22,0
E0005034,U01930,Onboarding,2024-03-23,1
E0005035,U01931,Install,2024-06-20,0
E0005036,U01932,Install,2024-06-03,0
E0005037,U01932,Signup,2024-06-03,0
E0005038,U01933,Install,2024-05-16,0
E0005039,U01933,Signup,2024-05-16,0
E0005040,U01934,Install,2024-06-21,0
E0005041,U01934,Signup,2024-06-21,0
E0005042,U01934,Onboarding,2024-06-22,1
E0005043,U01934,First_Action,2024-06-24,3
E0005044,U01934,Day1_Active,2024-06-25,4
E0005045,U01934,Day7_Active,2024-07-01,10
E0005046,U01935,Install,2024-05-11,0
E0005047,U01936,Install,2024-02-01,0
E0005048,U01936,Signup,2024-02-01,0
E0005049,U01937,Install,2024-04-18,0
E0005050,U01937,Signup,2024-04-18,0
E0005051,U01937,Onboarding,2024-04-19,1
E0005052,U01938,Install,2024-04-01,0
E0005053,U01938,Signup,2024-04-01,0
E0005054,U01939,Install,2024-01-10,0
E0005055,U01939,Signup,2024-01-10,0
E0005056,U01939,Onboarding,2024-01-11,1
E0005057,U01939,First_Action,2024-01-13,3
E0005058,U01939,Day1_Active,2024-01-14,4
E0005059,U01939,Day7_Active,2024-01-20,10
E0005060,U01940,Install,2024-02-07,0
E0005061,U01940,Signup,2024-02-07,0
E0005062,U01941,Install,2024-03-03,0
E0005063,U01941,Signup,2024-03-03,0
E0005064,U01941,Onboarding,2024-03-04,1
E0005065,U01941,First_Action,2024-03-06,3
E0005066,U01942,Install,2024-01-11,0
E0005067,U01943,Install,2024-01-26,0
E0005068,U01944,Install,2024-04-18,0
E0005069,U01945,Install,2024-01-21,0
E0005070,U01945,Signup,2024-01-21,0
E0005071,U01946,Install,2024-03-18,0
E0005072,U01946,Signup,2024-03-18,0
E0005073,U01946,Onboarding,2024-03-19,1
E0005074,U01946,First_Action,2024-03-21,3
E0005075,U01946,Day1_Active,2024-03-22,4
E0005076,U01946,Day7_Active,2024-03-28,10
E0005077,U01947,Install,2024-05-26,0
E0005078,U01947,Signup,2024-05-26,0
E0005079,U01947,Onboarding,2024-05-27,1
E0005080,U01947,First_Action,2024-05-29,3
E0005081,U01948,Install,2024-03-11,0
E0005082,U01948,Signup,2024-03-11,0
E0005083,U01948,Onboarding,2024-03-12,1
E0005084,U01949,Install,2024-01-02,0
E0005085,U01949,Signup,2024-01-02,0
E0005086,U01950,Install,2024-06-02,0
E0005087,U01950,Signup,2024-06-02,0
E0005088,U01950,Onboarding,2024-06-03,1
E0005089,U01951,Install,2024-02-26,0
E0005090,U01951,Signup,2024-02-26,0
E0005091,U01952,Install,2024-06-11,0
E0005092,U01952,Signup,2024-06-11,0
E0005093,U01953,Install,2024-03-22,0
E0005094,U01953,Signup,2024-03-22,0
E0005095,U01953,Onboarding,2024-03-23,1
E0005096,U01954,Install,2024-06-27,0
E0005097,U01954,Signup,2024-06-27,0
E0005098,U01954,Onboarding,2024-06-28,1
E0005099,U01955,Install,2024-01-21,0
E0005100,U01955,Signup,2024-01-21,0
E0005101,U01956,Install,2024-04-04,0
E0005102,U01956,Signup,2024-04-04,0
E0005103,U01957,Install,2024-05-29,0
E0005104,U01957,Signup,2024-05-29,0
E0005105,U01957,Onboarding,2024-05-30,1
E0005106,U01958,Install,2024-03-13,0
E0005107,U01959,Install,2024-06-04,0
E0005108,U01960,Install,2024-03-15,0
E0005109,U01960,Signup,2024-03-15,0
E0005110,U01960,Onboarding,2024-03-16,1
E0005111,U01960,First_Action,2024-03-18,3
E0005112,U01961,Install,2024-04-14,0
E0005113,U01961,Signup,2024-04-14,0
E0005114,U01961,Onboarding,2024-04-15,1
E0005115,U01962,Install,2024-06-10,0
E0005116,U01962,Signup,2024-06-10,0
E0005117,U01962,Onboarding,2024-06-11,1
E0005118,U01962,First_Action,2024-06-13,3
E0005119,U01963,Install,2024-05-17,0
E0005120,U01963,Signup,2024-05-17,0
E0005121,U01964,Install,2024-04-25,0
E0005122,U01964,Signup,2024-04-25,0
E0005123,U01964,Onboarding,2024-04-26,1
E0005124,U01965,Install,2024-04-28,0
E0005125,U01966,Install,2024-04-17,0
E0005126,U01966,Signup,2024-04-17,0
E0005127,U01966,Onboarding,2024-04-18,1
E0005128,U01967,Install,2024-01-21,0
E0005129,U01967,Signup,2024-01-21,0
E0005130,U01967,Onboarding,2024-01-22,1
E0005131,U01967,First_Action,2024-01-24,3
E0005132,U01968,Install,2024-05-25,0
E0005133,U01968,Signup,2024-05-25,0
E0005134,U01968,Onboarding,2024-05-26,1
E0005135,U01968,First_Action,2024-05-28,3
E0005136,U01968,Day1_Active,2024-05-29,4
E0005137,U01969,Install,2024-06-16,0
E0005138,U01969,Signup,2024-06-16,0
E0005139,U01970,Install,2024-03-02,0
E0005140,U01970,Signup,2024-03-02,0
E0005141,U01970,Onboarding,2024-03-03,1
E0005142,U01970,First_Action,2024-03-05,3
E0005143,U01971,Install,2024-01-08,0
E0005144,U01971,Signup,2024-01-08,0
E0005145,U01971,Onboarding,2024-01-09,1
E0005146,U01972,Install,2024-02-15,0
E0005147,U01972,Signup,2024-02-15,0
E0005148,U01973,Install,2024-02-10,0
E0005149,U01974,Install,2024-04-14,0
E0005150,U01974,Signup,2024-04-14,0
E0005151,U01975,Install,2024-03-07,0
E0005152,U01975,Signup,2024-03-07,0
E0005153,U01975,Onboarding,2024-03-08,1
E0005154,U01976,Install,2024-01-07,0
E0005155,U01976,Signup,2024-01-07,0
E0005156,U01977,Install,2024-01-11,0
E0005157,U01977,Signup,2024-01-11,0
E0005158,U01978,Install,2024-02-01,0
E0005159,U01978,Signup,2024-02-01,0
E0005160,U01978,Onboarding,2024-02-02,1
E0005161,U01979,Install,2024-02-13,0
E0005162,U01980,Install,2024-03-08,0
E0005163,U01980,Signup,2024-03-08,0
E0005164,U01980,Onboarding,2024-03-09,1
E0005165,U01981,Install,2024-03-03,0
E0005166,U01981,Signup,2024-03-03,0
E0005167,U01981,Onboarding,2024-03-04,1
E0005168,U01982,Install,2024-03-07,0
E0005169,U01982,Signup,2024-03-07,0
E0005170,U01983,Install,2024-02-26,0
E0005171,U01984,Install,2024-05-25,0
E0005172,U01985,Install,2024-06-26,0
E0005173,U01985,Signup,2024-06-26,0
E0005174,U01985,Onboarding,2024-06-27,1
E0005175,U01985,First_Action,2024-06-29,3
E0005176,U01986,Install,2024-02-24,0
E0005177,U01986,Signup,2024-02-24,0
E0005178,U01987,Install,2024-05-12,0
E0005179,U01987,Signup,2024-05-12,0
E0005180,U01988,Install,2024-05-08,0
E0005181,U01989,Install,2024-05-14,0
E0005182,U01990,Install,2024-02-27,0
E0005183,U01990,Signup,2024-02-27,0
E0005184,U01990,Onboarding,2024-02-28,1
E0005185,U01991,Install,2024-06-15,0
E0005186,U01991,Signup,2024-06-15,0
E0005187,U01991,Onboarding,2024-06-16,1
E0005188,U01992,Install,2024-05-14,0
E0005189,U01993,Install,2024-03-25,0
E0005190,U01994,Install,2024-01-21,0
E0005191,U01995,Install,2024-02-16,0
E0005192,U01995,Signup,2024-02-16,0
E0005193,U01996,Install,2024-01-11,0
E0005194,U01996,Signup,2024-01-11,0
E0005195,U01997,Install,2024-01-17,0
E0005196,U01998,Install,2024-05-28,0
E0005197,U01999,Install,2024-01-19,0
E0005198,U01999,Signup,2024-01-19,0
E0005199,U02000,Install,2024-02-25,0
E0005200,U02000,Signup,2024-02-25,0
E0005201,U02001,Install,2024-04-23,0
E0005202,U02001,Signup,2024-04-23,0
E0005203,U02001,Onboarding,2024-04-24,1
E0005204,U02001,First_Action,2024-04-26,3
E0005205,U02002,Install,2024-01-01,0
E0005206,U02002,Signup,2024-01-01,0
E0005207,U02002,Onboarding,2024-01-02,1
E0005208,U02003,Install,2024-05-03,0
E0005209,U02003,Signup,2024-05-03,0
E0005210,U02004,Install,2024-03-11,0
E0005211,U02005,Install,2024-02-16,0
E0005212,U02005,Signup,2024-02-16,0
E0005213,U02005,Onboarding,2024-02-17,1
E0005214,U02006,Install,2024-01-17,0
E0005215,U02006,Signup,2024-01-17,0
E0005216,U02006,Onboarding,2024-01-18,1
E0005217,U02006,First_Action,2024-01-20,3
E0005218,U02007,Install,2024-06-24,0
E0005219,U02007,Signup,2024-06-24,0
E0005220,U02007,Onboarding,2024-06-25,1
E0005221,U02008,Install,2024-05-08,0
E0005222,U02009,Install,2024-02-23,0
E0005223,U02009,Signup,2024-02-23,0
E0005224,U02010,Install,2024-02-10,0
E0005225,U02010,Signup,2024-02-10,0
E0005226,U02011,Install,2024-04-16,0
E0005227,U02011,Signup,2024-04-16,0
E0005228,U02011,Onboarding,2024-04-17,1
E0005229,U02011,First_Action,2024-04-19,3
E0005230,U02012,Install,2024-03-18,0
E0005231,U02013,Install,2024-03-19,0
E0005232,U02013,Signup,2024-03-19,0
E0005233,U02014,Install,2024-04-14,0
E0005234,U02014,Signup,2024-04-14,0
E0005235,U02015,Install,2024-06-29,0
E0005236,U02015,Signup,2024-06-29,0
E0005237,U02015,Onboarding,2024-06-30,1
E0005238,U02015,First_Action,2024-07-02,3
E0005239,U02016,Install,2024-04-19,0
E0005240,U02016,Signup,2024-04-19,0
E0005241,U02016,Onboarding,2024-04-20,1
E0005242,U02016,First_Action,2024-04-22,3
E0005243,U02017,Install,2024-05-08,0
E0005244,U02017,Signup,2024-05-08,0
E0005245,U02017,Onboarding,2024-05-09,1
E0005246,U02018,Install,2024-05-31,0
E0005247,U02018,Signup,2024-05-31,0
E0005248,U02019,Install,2024-06-29,0
E0005249,U02019,Signup,2024-06-29,0
E0005250,U02020,Install,2024-06-12,0
E0005251,U02020,Signup,2024-06-12,0
E0005252,U02020,Onboarding,2024-06-13,1
E0005253,U02020,First_Action,2024-06-15,3
E0005254,U02021,Install,2024-01-19,0
E0005255,U02021,Signup,2024-01-19,0
E0005256,U02022,Install,2024-03-17,0
E0005257,U02022,Signup,2024-03-17,0
E0005258,U02022,Onboarding,2024-03-18,1
E0005259,U02023,Install,2024-06-18,0
E0005260,U02023,Signup,2024-06-18,0
E0005261,U02023,Onboarding,2024-06-19,1
E0005262,U02024,Install,2024-01-18,0
E0005263,U02024,Signup,2024-01-18,0
E0005264,U02025,Install,2024-04-24,0
E0005265,U02025,Signup,2024-04-24,0
E0005266,U02026,Install,2024-02-20,0
E0005267,U02026,Signup,2024-02-20,0
E0005268,U02026,Onboarding,2024-02-21,1
E0005269,U02026,First_Action,2024-02-23,3
E0005270,U02027,Install,2024-01-31,0
E0005271,U02027,Signup,2024-01-31,0
E0005272,U02027,Onboarding,2024-02-01,1
E0005273,U02028,Install,2024-01-16,0
E0005274,U02028,Signup,2024-01-16,0
E0005275,U02028,Onboarding,2024-01-17,1
E0005276,U02028,First_Action,2024-01-19,3
E0005277,U02029,Install,2024-05-09,0
E0005278,U02030,Install,2024-01-18,0
E0005279,U02030,Signup,2024-01-18,0
E0005280,U02031,Install,2024-05-11,0
E0005281,U02031,Signup,2024-05-11,0
E0005282,U02031,Onboarding,2024-05-12,1
E0005283,U02032,Install,2024-01-19,0
E0005284,U02032,Signup,2024-01-19,0
E0005285,U02032,Onboarding,2024-01-20,1
E0005286,U02033,Install,2024-02-08,0
E0005287,U02033,Signup,2024-02-08,0
E0005288,U02033,Onboarding,2024-02-09,1
E0005289,U02033,First_Action,2024-02-11,3
E0005290,U02033,Day1_Active,2024-02-12,4
E0005291,U02034,Install,2024-06-26,0
E0005292,U02034,Signup,2024-06-26,0
E0005293,U02034,Onboarding,2024-06-27,1
E0005294,U02034,First_Action,2024-06-29,3
E0005295,U02034,Day1_Active,2024-06-30,4
E0005296,U02034,Day7_Active,2024-07-06,10
E0005297,U02035,Install,2024-06-08,0
E0005298,U02035,Signup,2024-06-08,0
E0005299,U02035,Onboarding,2024-06-09,1
E0005300,U02035,First_Action,2024-06-11,3
E0005301,U02035,Day1_Active,2024-06-12,4
E0005302,U02036,Install,2024-02-27,0
E0005303,U02037,Install,2024-05-27,0
E0005304,U02038,Install,2024-02-07,0
E0005305,U02038,Signup,2024-02-07,0
E0005306,U02038,Onboarding,2024-02-08,1
E0005307,U02038,First_Action,2024-02-10,3
E0005308,U02039,Install,2024-02-02,0
E0005309,U02040,Install,2024-02-23,0
E0005310,U02041,Install,2024-03-31,0
E0005311,U02041,Signup,2024-03-31,0
E0005312,U02042,Install,2024-01-07,0
E0005313,U02042,Signup,2024-01-07,0
E0005314,U02043,Install,2024-04-12,0
E0005315,U02043,Signup,2024-04-12,0
E0005316,U02044,Install,2024-05-09,0
E0005317,U02044,Signup,2024-05-09,0
E0005318,U02045,Install,2024-05-05,0
E0005319,U02045,Signup,2024-05-05,0
E0005320,U02045,Onboarding,2024-05-06,1
E0005321,U02045,First_Action,2024-05-08,3
E0005322,U02045,Day1_Active,2024-05-09,4
E0005323,U02045,Day7_Active,2024-05-15,10
E0005324,U02046,Install,2024-01-24,0
E0005325,U02046,Signup,2024-01-24,0
E0005326,U02047,Install,2024-01-02,0
E0005327,U02047,Signup,2024-01-02,0
E0005328,U02047,Onboarding,2024-01-03,1
E0005329,U02048,Install,2024-03-20,0
E0005330,U02048,Signup,2024-03-20,0
E0005331,U02048,Onboarding,2024-03-21,1
E0005332,U02049,Install,2024-01-22,0
E0005333,U02049,Signup,2024-01-22,0
E0005334,U02049,Onboarding,2024-01-23,1
E0005335,U02050,Install,2024-06-14,0
E0005336,U02050,Signup,2024-06-14,0
E0005337,U02051,Install,2024-05-12,0
E0005338,U02051,Signup,2024-05-12,0
E0005339,U02051,Onboarding,2024-05-13,1
E0005340,U02052,Install,2024-06-18,0
E0005341,U02052,Signup,2024-06-18,0
E0005342,U02052,Onboarding,2024-06-19,1
E0005343,U02052,First_Action,2024-06-21,3
E0005344,U02052,Day1_Active,2024-06-22,4
E0005345,U02053,Install,2024-05-12,0
E0005346,U02053,Signup,2024-05-12,0
E0005347,U02053,Onboarding,2024-05-13,1
E0005348,U02054,Install,2024-01-29,0
E0005349,U02054,Signup,2024-01-29,0
E0005350,U02054,Onboarding,2024-01-30,1
E0005351,U02055,Install,2024-03-08,0
E0005352,U02055,Signup,2024-03-08,0
E0005353,U02055,Onboarding,2024-03-09,1
E0005354,U02056,Install,2024-02-06,0
E0005355,U02056,Signup,2024-02-06,0
E0005356,U02056,Onboarding,2024-02-07,1
E0005357,U02056,First_Action,2024-02-09,3
E0005358,U02057,Install,2024-02-10,0
E0005359,U02058,Install,2024-05-01,0
E0005360,U02058,Signup,2024-05-01,0
E0005361,U02059,Install,2024-06-12,0
E0005362,U02059,Signup,2024-06-12,0
E0005363,U02059,Onboarding,2024-06-13,1
E0005364,U02060,Install,2024-05-18,0
E0005365,U02060,Signup,2024-05-18,0
E0005366,U02060,Onboarding,2024-05-19,1
E0005367,U02060,First_Action,2024-05-21,3
E0005368,U02061,Install,2024-05-26,0
E0005369,U02062,Install,2024-01-22,0
E0005370,U02062,Signup,2024-01-22,0
E0005371,U02062,Onboarding,2024-01-23,1
E0005372,U02062,First_Action,2024-01-25,3
E0005373,U02062,Day1_Active,2024-01-26,4
E0005374,U02062,Day7_Active,2024-02-01,10
E0005375,U02063,Install,2024-03-05,0
E0005376,U02064,Install,2024-05-13,0
E0005377,U02064,Signup,2024-05-13,0
E0005378,U02065,Install,2024-04-05,0
E0005379,U02065,Signup,2024-04-05,0
E0005380,U02066,Install,2024-04-08,0
E0005381,U02066,Signup,2024-04-08,0
E0005382,U02067,Install,2024-03-01,0
E0005383,U02067,Signup,2024-03-01,0
E0005384,U02067,Onboarding,2024-03-02,1
E0005385,U02067,First_Action,2024-03-04,3
E0005386,U02067,Day1_Active,2024-03-05,4
E0005387,U02068,Install,2024-06-09,0
E0005388,U02068,Signup,2024-06-09,0
E0005389,U02068,Onboarding,2024-06-10,1
E0005390,U02069,Install,2024-03-08,0
E0005391,U02069,Signup,2024-03-08,0
E0005392,U02069,Onboarding,2024-03-09,1
E0005393,U02069,First_Action,2024-03-11,3
E0005394,U02070,Install,2024-03-27,0
E0005395,U02070,Signup,2024-03-27,0
E0005396,U02070,Onboarding,2024-03-28,1
E0005397,U02070,First_Action,2024-03-30,3
E0005398,U02071,Install,2024-04-26,0
E0005399,U02071,Signup,2024-04-26,0
E0005400,U02071,Onboarding,2024-04-27,1
E0005401,U02071,First_Action,2024-04-29,3
E0005402,U02071,Day1_Active,2024-04-30,4
E0005403,U02072,Install,2024-04-03,0
E0005404,U02072,Signup,2024-04-03,0
E0005405,U02073,Install,2024-01-29,0
E0005406,U02073,Signup,2024-01-29,0
E0005407,U02074,Install,2024-05-21,0
E0005408,U02075,Install,2024-05-10,0
E0005409,U02075,Signup,2024-05-10,0
E0005410,U02075,Onboarding,2024-05-11,1
E0005411,U02076,Install,2024-03-31,0
E0005412,U02077,Install,2024-05-16,0
E0005413,U02077,Signup,2024-05-16,0
E0005414,U02077,Onboarding,2024-05-17,1
E0005415,U02077,First_Action,2024-05-19,3
E0005416,U02078,Install,2024-01-26,0
E0005417,U02078,Signup,2024-01-26,0
E0005418,U02078,Onboarding,2024-01-27,1
E0005419,U02078,First_Action,2024-01-29,3
E0005420,U02078,Day1_Active,2024-01-30,4
E0005421,U02079,Install,2024-02-08,0
E0005422,U02080,Install,2024-04-12,0
E0005423,U02080,Signup,2024-04-12,0
E0005424,U02081,Install,2024-02-04,0
E0005425,U02081,Signup,2024-02-04,0
E0005426,U02081,Onboarding,2024-02-05,1
E0005427,U02081,First_Action,2024-02-07,3
E0005428,U02082,Install,2024-02-23,0
E0005429,U02083,Install,2024-02-06,0
E0005430,U02083,Signup,2024-02-06,0
E0005431,U02083,Onboarding,2024-02-07,1
E0005432,U02083,First_Action,2024-02-09,3
E0005433,U02083,Day1_Active,2024-02-10,4
E0005434,U02084,Install,2024-04-10,0
E0005435,U02084,Signup,2024-04-10,0
E0005436,U02084,Onboarding,2024-04-11,1
E0005437,U02084,First_Action,2024-04-13,3
E0005438,U02085,Install,2024-01-19,0
E0005439,U02085,Signup,2024-01-19,0
E0005440,U02086,Install,2024-05-29,0
E0005441,U02086,Signup,2024-05-29,0
E0005442,U02086,Onboarding,2024-05-30,1
E0005443,U02086,First_Action,2024-06-01,3
E0005444,U02086,Day1_Active,2024-06-02,4
E0005445,U02087,Install,2024-01-03,0
E0005446,U02087,Signup,2024-01-03,0
E0005447,U02087,Onboarding,2024-01-04,1
E0005448,U02088,Install,2024-02-29,0
E0005449,U02088,Signup,2024-02-29,0
E0005450,U02089,Install,2024-01-19,0
E0005451,U02090,Install,2024-01-11,0
E0005452,U02091,Install,2024-06-30,0
E0005453,U02091,Signup,2024-06-30,0
E0005454,U02092,Install,2024-06-03,0
E0005455,U02092,Signup,2024-06-03,0
E0005456,U02092,Onboarding,2024-06-04,1
E0005457,U02093,Install,2024-06-28,0
E0005458,U02093,Signup,2024-06-28,0
E0005459,U02093,Onboarding,2024-06-29,1
E0005460,U02094,Install,2024-03-11,0
E0005461,U02094,Signup,2024-03-11,0
E0005462,U02094,Onboarding,2024-03-12,1
E0005463,U02095,Install,2024-04-01,0
E0005464,U02095,Signup,2024-04-01,0
E0005465,U02096,Install,2024-05-31,0
E0005466,U02097,Install,2024-06-04,0
E0005467,U02098,Install,2024-06-03,0
E0005468,U02098,Signup,2024-06-03,0
E0005469,U02099,Install,2024-03-02,0
E0005470,U02099,Signup,2024-03-02,0
E0005471,U02100,Install,2024-01-11,0
E0005472,U02100,Signup,2024-01-11,0
E0005473,U02100,Onboarding,2024-01-12,1
E0005474,U02100,First_Action,2024-01-14,3
E0005475,U02101,Install,2024-04-12,0
E0005476,U02101,Signup,2024-04-12,0
E0005477,U02101,Onboarding,2024-04-13,1
E0005478,U02102,Install,2024-05-25,0
E0005479,U02102,Signup,2024-05-25,0
E0005480,U02103,Install,2024-01-08,0
E0005481,U02104,Install,2024-03-04,0
E0005482,U02105,Install,2024-02-11,0
E0005483,U02105,Signup,2024-02-11,0
E0005484,U02105,Onboarding,2024-02-12,1
E0005485,U02106,Install,2024-03-30,0
E0005486,U02106,Signup,2024-03-30,0
E0005487,U02106,Onboarding,2024-03-31,1
E0005488,U02107,Install,2024-05-17,0
E0005489,U02107,Signup,2024-05-17,0
E0005490,U02107,Onboarding,2024-05-18,1
E0005491,U02107,First_Action,2024-05-20,3
E0005492,U02107,Day1_Active,2024-05-21,4
E0005493,U02107,Day7_Active,2024-05-27,10
E0005494,U02108,Install,2024-01-24,0
E0005495,U02108,Signup,2024-01-24,0
E0005496,U02108,Onboarding,2024-01-25,1
E0005497,U02109,Install,2024-03-08,0
E0005498,U02109,Signup,2024-03-08,0
E0005499,U02109,Onboarding,2024-03-09,1
E0005500,U02109,First_Action,2024-03-11,3
E0005501,U02110,Install,2024-02-10,0
E0005502,U02111,Install,2024-06-28,0
E0005503,U02111,Signup,2024-06-28,0
E0005504,U02112,Install,2024-01-20,0
E0005505,U02112,Signup,2024-01-20,0
E0005506,U02112,Onboarding,2024-01-21,1
E0005507,U02112,First_Action,2024-01-23,3
E0005508,U02112,Day1_Active,2024-01-24,4
E0005509,U02113,Install,2024-03-08,0
E0005510,U02113,Signup,2024-03-08,0
E0005511,U02113,Onboarding,2024-03-09,1
E0005512,U02113,First_Action,2024-03-11,3
E0005513,U02114,Install,2024-03-16,0
E0005514,U02114,Signup,2024-03-16,0
E0005515,U02115,Install,2024-03-03,0
E0005516,U02115,Signup,2024-03-03,0
E0005517,U02115,Onboarding,2024-03-04,1
E0005518,U02115,First_Action,2024-03-06,3
E0005519,U02116,Install,2024-02-26,0
E0005520,U02116,Signup,2024-02-26,0
E0005521,U02116,Onboarding,2024-02-27,1
E0005522,U02117,Install,2024-03-03,0
E0005523,U02117,Signup,2024-03-03,0
E0005524,U02118,Install,2024-05-25,0
E0005525,U02118,Signup,2024-05-25,0
E0005526,U02118,Onboarding,2024-05-26,1
E0005527,U02118,First_Action,2024-05-28,3
E0005528,U02118,Day1_Active,2024-05-29,4
E0005529,U02118,Day7_Active,2024-06-04,10
E0005530,U02119,Install,2024-04-09,0
E0005531,U02119,Signup,2024-04-09,0
E0005532,U02119,Onboarding,2024-04-10,1
E0005533,U02120,Install,2024-04-04,0
E0005534,U02121,Install,2024-06-26,0
E0005535,U02121,Signup,2024-06-26,0
E0005536,U02122,Install,2024-02-02,0
E0005537,U02122,Signup,2024-02-02,0
E0005538,U02123,Install,2024-01-27,0
E0005539,U02123,Signup,2024-01-27,0
E0005540,U02123,Onboarding,2024-01-28,1
E0005541,U02124,Install,2024-05-21,0
E0005542,U02124,Signup,2024-05-21,0
E0005543,U02125,Install,2024-04-22,0
E0005544,U02125,Signup,2024-04-22,0
E0005545,U02125,Onboarding,2024-04-23,1
E0005546,U02126,Install,2024-05-23,0
E0005547,U02126,Signup,2024-05-23,0
E0005548,U02126,Onboarding,2024-05-24,1
E0005549,U02126,First_Action,2024-05-26,3
E0005550,U02127,Install,2024-03-31,0
E0005551,U02127,Signup,2024-03-31,0
E0005552,U02127,Onboarding,2024-04-01,1
E0005553,U02127,First_Action,2024-04-03,3
E0005554,U02128,Install,2024-06-02,0
E0005555,U02129,Install,2024-04-25,0
E0005556,U02129,Signup,2024-04-25,0
E0005557,U02130,Install,2024-05-10,0
E0005558,U02130,Signup,2024-05-10,0
E0005559,U02131,Install,2024-01-02,0
E0005560,U02131,Signup,2024-01-02,0
E0005561,U02131,Onboarding,2024-01-03,1
E0005562,U02131,First_Action,2024-01-05,3
E0005563,U02132,Install,2024-01-19,0
E0005564,U02132,Signup,2024-01-19,0
E0005565,U02132,Onboarding,2024-01-20,1
E0005566,U02132,First_Action,2024-01-22,3
E0005567,U02133,Install,2024-06-02,0
E0005568,U02133,Signup,2024-06-02,0
E0005569,U02133,Onboarding,2024-06-03,1
E0005570,U02134,Install,2024-01-31,0
E0005571,U02134,Signup,2024-01-31,0
E0005572,U02134,Onboarding,2024-02-01,1
E0005573,U02134,First_Action,2024-02-03,3
E0005574,U02134,Day1_Active,2024-02-04,4
E0005575,U02135,Install,2024-04-14,0
E0005576,U02135,Signup,2024-04-14,0
E0005577,U02136,Install,2024-02-15,0
E0005578,U02136,Signup,2024-02-15,0
E0005579,U02136,Onboarding,2024-02-16,1
E0005580,U02136,First_Action,2024-02-18,3
E0005581,U02136,Day1_Active,2024-02-19,4
E0005582,U02136,Day7_Active,2024-02-25,10
E0005583,U02137,Install,2024-02-28,0
E0005584,U02138,Install,2024-03-06,0
E0005585,U02138,Signup,2024-03-06,0
E0005586,U02138,Onboarding,2024-03-07,1
E0005587,U02138,First_Action,2024-03-09,3
E0005588,U02139,Install,2024-02-13,0
E0005589,U02140,Install,2024-05-25,0
E0005590,U02140,Signup,2024-05-25,0
E0005591,U02141,Install,2024-02-16,0
E0005592,U02141,Signup,2024-02-16,0
E0005593,U02141,Onboarding,2024-02-17,1
E0005594,U02142,Install,2024-04-05,0
E0005595,U02142,Signup,2024-04-05,0
E0005596,U02142,Onboarding,2024-04-06,1
E0005597,U02142,First_Action,2024-04-08,3
E0005598,U02143,Install,2024-02-08,0
E0005599,U02143,Signup,2024-02-08,0
E0005600,U02143,Onboarding,2024-02-09,1
E0005601,U02143,First_Action,2024-02-11,3
E0005602,U02144,Install,2024-01-31,0
E0005603,U02144,Signup,2024-01-31,0
E0005604,U02145,Install,2024-05-12,0
E0005605,U02145,Signup,2024-05-12,0
E0005606,U02145,Onboarding,2024-05-13,1
E0005607,U02145,First_Action,2024-05-15,3
E0005608,U02145,Day1_Active,2024-05-16,4
E0005609,U02145,Day7_Active,2024-05-22,10
E0005610,U02146,Install,2024-03-27,0
E0005611,U02146,Signup,2024-03-27,0
E0005612,U02147,Install,2024-01-30,0
E0005613,U02147,Signup,2024-01-30,0
E0005614,U02147,Onboarding,2024-01-31,1
E0005615,U02147,First_Action,2024-02-02,3
E0005616,U02148,Install,2024-05-05,0
E0005617,U02148,Signup,2024-05-05,0
E0005618,U02148,Onboarding,2024-05-06,1
E0005619,U02149,Install,2024-06-17,0
E0005620,U02149,Signup,2024-06-17,0
E0005621,U02149,Onboarding,2024-06-18,1
E0005622,U02150,Install,2024-03-23,0
E0005623,U02150,Signup,2024-03-23,0
E0005624,U02151,Install,2024-06-13,0
E0005625,U02151,Signup,2024-06-13,0
E0005626,U02151,Onboarding,2024-06-14,1
E0005627,U02151,First_Action,2024-06-16,3
E0005628,U02151,Day1_Active,2024-06-17,4
E0005629,U02151,Day7_Active,2024-06-23,10
E0005630,U02152,Install,2024-04-19,0
E0005631,U02152,Signup,2024-04-19,0
E0005632,U02153,Install,2024-05-03,0
E0005633,U02153,Signup,2024-05-03,0
E0005634,U02153,Onboarding,2024-05-04,1
E0005635,U02154,Install,2024-06-27,0
E0005636,U02154,Signup,2024-06-27,0
E0005637,U02154,Onboarding,2024-06-28,1
E0005638,U02154,First_Action,2024-06-30,3
E0005639,U02154,Day1_Active,2024-07-01,4
E0005640,U02155,Install,2024-05-26,0
E0005641,U02155,Signup,2024-05-26,0
E0005642,U02155,Onboarding,2024-05-27,1
E0005643,U02155,First_Action,2024-05-29,3
E0005644,U02156,Install,2024-03-18,0
E0005645,U02156,Signup,2024-03-18,0
E0005646,U02157,Install,2024-04-21,0
E0005647,U02157,Signup,2024-04-21,0
E0005648,U02157,Onboarding,2024-04-22,1
E0005649,U02157,First_Action,2024-04-24,3
E0005650,U02158,Install,2024-02-24,0
E0005651,U02158,Signup,2024-02-24,0
E0005652,U02158,Onboarding,2024-02-25,1
E0005653,U02158,First_Action,2024-02-27,3
E0005654,U02158,Day1_Active,2024-02-28,4
E0005655,U02159,Install,2024-02-22,0
E0005656,U02160,Install,2024-06-25,0
E0005657,U02160,Signup,2024-06-25,0
E0005658,U02161,Install,2024-03-25,0
E0005659,U02162,Install,2024-01-12,0
E0005660,U02162,Signup,2024-01-12,0
E0005661,U02162,Onboarding,2024-01-13,1
E0005662,U02162,First_Action,2024-01-15,3
E0005663,U02163,Install,2024-06-23,0
E0005664,U02163,Signup,2024-06-23,0
E0005665,U02164,Install,2024-03-10,0
E0005666,U02164,Signup,2024-03-10,0
E0005667,U02164,Onboarding,2024-03-11,1
E0005668,U02164,First_Action,2024-03-13,3
E0005669,U02165,Install,2024-02-18,0
E0005670,U02165,Signup,2024-02-18,0
E0005671,U02165,Onboarding,2024-02-19,1
E0005672,U02165,First_Action,2024-02-21,3
E0005673,U02165,Day1_Active,2024-02-22,4
E0005674,U02166,Install,2024-06-27,0
E0005675,U02166,Signup,2024-06-27,0
E0005676,U02166,Onboarding,2024-06-28,1
E0005677,U02167,Install,2024-02-10,0
E0005678,U02168,Install,2024-03-06,0
E0005679,U02168,Signup,2024-03-06,0
E0005680,U02169,Install,2024-05-25,0
E0005681,U02170,Install,2024-01-23,0
E0005682,U02171,Install,2024-01-28,0
E0005683,U02171,Signup,2024-01-28,0
E0005684,U02171,Onboarding,2024-01-29,1
E0005685,U02171,First_Action,2024-01-31,3
E0005686,U02171,Day1_Active,2024-02-01,4
E0005687,U02172,Install,2024-01-18,0
E0005688,U02172,Signup,2024-01-18,0
E0005689,U02172,Onboarding,2024-01-19,1
E0005690,U02173,Install,2024-01-11,0
E0005691,U02173,Signup,2024-01-11,0
E0005692,U02173,Onboarding,2024-01-12,1
E0005693,U02173,First_Action,2024-01-14,3
E0005694,U02173,Day1_Active,2024-01-15,4
E0005695,U02173,Day7_Active,2024-01-21,10
E0005696,U02174,Install,2024-01-12,0
E0005697,U02175,Install,2024-03-30,0
E0005698,U02175,Signup,2024-03-30,0
E0005699,U02175,Onboarding,2024-03-31,1
E0005700,U02176,Install,2024-05-09,0
E0005701,U02176,Signup,2024-05-09,0
E0005702,U02176,Onboarding,2024-05-10,1
E0005703,U02177,Install,2024-04-22,0
E0005704,U02177,Signup,2024-04-22,0
E0005705,U02178,Install,2024-03-22,0
E0005706,U02178,Signup,2024-03-22,0
E0005707,U02179,Install,2024-02-13,0
E0005708,U02179,Signup,2024-02-13,0
E0005709,U02179,Onboarding,2024-02-14,1
E0005710,U02179,First_Action,2024-02-16,3
E0005711,U02179,Day1_Active,2024-02-17,4
E0005712,U02180,Install,2024-01-02,0
E0005713,U02181,Install,2024-02-27,0
E0005714,U02181,Signup,2024-02-27,0
E0005715,U02181,Onboarding,2024-02-28,1
E0005716,U02182,Install,2024-05-01,0
E0005717,U02182,Signup,2024-05-01,0
E0005718,U02183,Install,2024-03-01,0
E0005719,U02183,Signup,2024-03-01,0
E0005720,U02183,Onboarding,2024-03-02,1
E0005721,U02184,Install,2024-02-09,0
E0005722,U02184,Signup,2024-02-09,0
E0005723,U02184,Onboarding,2024-02-10,1
E0005724,U02185,Install,2024-04-09,0
E0005725,U02186,Install,2024-02-06,0
E0005726,U02186,Signup,2024-02-06,0
E0005727,U02187,Install,2024-02-02,0
E0005728,U02187,Signup,2024-02-02,0
E0005729,U02188,Install,2024-04-25,0
E0005730,U02188,Signup,2024-04-25,0
E0005731,U02188,Onboarding,2024-04-26,1
E0005732,U02189,Install,2024-05-15,0
E0005733,U02190,Install,2024-06-17,0
E0005734,U02191,Install,2024-04-05,0
E0005735,U02191,Signup,2024-04-05,0
E0005736,U02191,Onboarding,2024-04-06,1
E0005737,U02191,First_Action,2024-04-08,3
E0005738,U02192,Install,2024-03-17,0
E0005739,U02193,Install,2024-03-27,0
E0005740,U02193,Signup,2024-03-27,0
E0005741,U02194,Install,2024-04-23,0
E0005742,U02194,Signup,2024-04-23,0
E0005743,U02194,Onboarding,2024-04-24,1
E0005744,U02194,First_Action,2024-04-26,3
E0005745,U02195,Install,2024-06-23,0
E0005746,U02195,Signup,2024-06-23,0
E0005747,U02195,Onboarding,2024-06-24,1
E0005748,U02196,Install,2024-04-15,0
E0005749,U02196,Signup,2024-04-15,0
E0005750,U02197,Install,2024-06-05,0
E0005751,U02198,Install,2024-01-17,0
E0005752,U02198,Signup,2024-01-17,0
E0005753,U02198,Onboarding,2024-01-18,1
E0005754,U02198,First_Action,2024-01-20,3
E0005755,U02198,Day1_Active,2024-01-21,4
E0005756,U02198,Day7_Active,2024-01-27,10
E0005757,U02199,Install,2024-03-21,0
E0005758,U02200,Install,2024-01-17,0
E0005759,U02200,Signup,2024-01-17,0
E0005760,U02200,Onboarding,2024-01-18,1
E0005761,U02201,Install,2024-06-29,0
E0005762,U02201,Signup,2024-06-29,0
E0005763,U02201,Onboarding,2024-06-30,1
E0005764,U02201,First_Action,2024-07-02,3
E0005765,U02202,Install,2024-02-11,0
E0005766,U02203,Install,2024-04-30,0
E0005767,U02203,Signup,2024-04-30,0
E0005768,U02204,Install,2024-02-07,0
E0005769,U02204,Signup,2024-02-07,0
E0005770,U02204,Onboarding,2024-02-08,1
E0005771,U02205,Install,2024-05-02,0
E0005772,U02205,Signup,2024-05-02,0
E0005773,U02206,Install,2024-05-29,0
E0005774,U02206,Signup,2024-05-29,0
E0005775,U02206,Onboarding,2024-05-30,1
E0005776,U02206,First_Action,2024-06-01,3
E0005777,U02206,Day1_Active,2024-06-02,4
E0005778,U02207,Install,2024-03-29,0
E0005779,U02207,Signup,2024-03-29,0
E0005780,U02208,Install,2024-03-17,0
E0005781,U02209,Install,2024-02-20,0
E0005782,U02210,Install,2024-06-03,0
E0005783,U02210,Signup,2024-06-03,0
E0005784,U02210,Onboarding,2024-06-04,1
E0005785,U02210,First_Action,2024-06-06,3
E0005786,U02210,Day1_Active,2024-06-07,4
E0005787,U02211,Install,2024-04-03,0
E0005788,U02211,Signup,2024-04-03,0
E0005789,U02211,Onboarding,2024-04-04,1
E0005790,U02211,First_Action,2024-04-06,3
E0005791,U02211,Day1_Active,2024-04-07,4
E0005792,U02212,Install,2024-05-05,0
E0005793,U02212,Signup,2024-05-05,0
E0005794,U02212,Onboarding,2024-05-06,1
E0005795,U02213,Install,2024-04-20,0
E0005796,U02213,Signup,2024-04-20,0
E0005797,U02213,Onboarding,2024-04-21,1
E0005798,U02213,First_Action,2024-04-23,3
E0005799,U02213,Day1_Active,2024-04-24,4
E0005800,U02213,Day7_Active,2024-04-30,10
E0005801,U02214,Install,2024-03-26,0
E0005802,U02214,Signup,2024-03-26,0
E0005803,U02214,Onboarding,2024-03-27,1
E0005804,U02214,First_Action,2024-03-29,3
E0005805,U02214,Day1_Active,2024-03-30,4
E0005806,U02215,Install,2024-01-05,0
E0005807,U02215,Signup,2024-01-05,0
E0005808,U02216,Install,2024-03-10,0
E0005809,U02216,Signup,2024-03-10,0
E0005810,U02217,Install,2024-04-14,0
E0005811,U02217,Signup,2024-04-14,0
E0005812,U02218,Install,2024-03-13,0
E0005813,U02219,Install,2024-03-22,0
E0005814,U02220,Install,2024-03-03,0
E0005815,U02220,Signup,2024-03-03,0
E0005816,U02220,Onboarding,2024-03-04,1
E0005817,U02221,Install,2024-01-20,0
E0005818,U02221,Signup,2024-01-20,0
E0005819,U02221,Onboarding,2024-01-21,1
E0005820,U02222,Install,2024-02-09,0
E0005821,U02222,Signup,2024-02-09,0
E0005822,U02222,Onboarding,2024-02-10,1
E0005823,U02223,Install,2024-06-19,0
E0005824,U02224,Install,2024-01-21,0
E0005825,U02224,Signup,2024-01-21,0
E0005826,U02224,Onboarding,2024-01-22,1
E0005827,U02225,Install,2024-02-23,0
E0005828,U02225,Signup,2024-02-23,0
E0005829,U02225,Onboarding,2024-02-24,1
E0005830,U02225,First_Action,2024-02-26,3
E0005831,U02225,Day1_Active,2024-02-27,4
E0005832,U02225,Day7_Active,2024-03-04,10
E0005833,U02226,Install,2024-02-20,0
E0005834,U02226,Signup,2024-02-20,0
E0005835,U02226,Onboarding,2024-02-21,1
E0005836,U02227,Install,2024-05-31,0
E0005837,U02227,Signup,2024-05-31,0
E0005838,U02227,Onboarding,2024-06-01,1
E0005839,U02227,First_Action,2024-06-03,3
E0005840,U02228,Install,2024-02-20,0
E0005841,U02229,Install,2024-01-20,0
E0005842,U02229,Signup,2024-01-20,0
E0005843,U02229,Onboarding,2024-01-21,1
E0005844,U02230,Install,2024-05-31,0
E0005845,U02231,Install,2024-03-29,0
E0005846,U02231,Signup,2024-03-29,0
E0005847,U02231,Onboarding,2024-03-30,1
E0005848,U02231,First_Action,2024-04-01,3
E0005849,U02231,Day1_Active,2024-04-02,4
E0005850,U02231,Day7_Active,2024-04-08,10
E0005851,U02232,Install,2024-02-11,0
E0005852,U02232,Signup,2024-02-11,0
E0005853,U02232,Onboarding,2024-02-12,1
E0005854,U02233,Install,2024-04-20,0
E0005855,U02234,Install,2024-01-23,0
E0005856,U02235,Install,2024-01-17,0
E0005857,U02235,Signup,2024-01-17,0
E0005858,U02236,Install,2024-04-04,0
E0005859,U02237,Install,2024-05-30,0
E0005860,U02237,Signup,2024-05-30,0
E0005861,U02238,Install,2024-04-13,0
E0005862,U02238,Signup,2024-04-13,0
E0005863,U02239,Install,2024-04-17,0
E0005864,U02239,Signup,2024-04-17,0
E0005865,U02239,Onboarding,2024-04-18,1
E0005866,U02240,Install,2024-02-08,0
E0005867,U02240,Signup,2024-02-08,0
E0005868,U02241,Install,2024-05-31,0
E0005869,U02242,Install,2024-02-20,0
E0005870,U02242,Signup,2024-02-20,0
E0005871,U02243,Install,2024-02-28,0
E0005872,U02243,Signup,2024-02-28,0
E0005873,U02243,Onboarding,2024-02-29,1
E0005874,U02243,First_Action,2024-03-02,3
E0005875,U02243,Day1_Active,2024-03-03,4
E0005876,U02244,Install,2024-05-04,0
E0005877,U02244,Signup,2024-05-04,0
E0005878,U02244,Onboarding,2024-05-05,1
E0005879,U02245,Install,2024-05-02,0
E0005880,U02245,Signup,2024-05-02,0
E0005881,U02245,Onboarding,2024-05-03,1
E0005882,U02245,First_Action,2024-05-05,3
E0005883,U02245,Day1_Active,2024-05-06,4
E0005884,U02245,Day7_Active,2024-05-12,10
E0005885,U02246,Install,2024-05-05,0
E0005886,U02246,Signup,2024-05-05,0
E0005887,U02246,Onboarding,2024-05-06,1
E0005888,U02246,First_Action,2024-05-08,3
E0005889,U02247,Install,2024-04-19,0
E0005890,U02247,Signup,2024-04-19,0
E0005891,U02247,Onboarding,2024-04-20,1
E0005892,U02248,Install,2024-06-25,0
E0005893,U02248,Signup,2024-06-25,0
E0005894,U02249,Install,2024-04-16,0
E0005895,U02249,Signup,2024-04-16,0
E0005896,U02249,Onboarding,2024-04-17,1
E0005897,U02250,Install,2024-06-11,0
E0005898,U02250,Signup,2024-06-11,0
E0005899,U02250,Onboarding,2024-06-12,1
E0005900,U02251,Install,2024-03-25,0
E0005901,U02252,Install,2024-02-28,0
E0005902,U02252,Signup,2024-02-28,0
E0005903,U02252,Onboarding,2024-02-29,1
E0005904,U02252,First_Action,2024-03-02,3
E0005905,U02252,Day1_Active,2024-03-03,4
E0005906,U02253,Install,2024-01-05,0
E0005907,U02253,Signup,2024-01-05,0
E0005908,U02254,Install,2024-05-15,0
E0005909,U02254,Signup,2024-05-15,0
E0005910,U02254,Onboarding,2024-05-16,1
E0005911,U02254,First_Action,2024-05-18,3
E0005912,U02255,Install,2024-04-25,0
E0005913,U02255,Signup,2024-04-25,0
E0005914,U02255,Onboarding,2024-04-26,1
E0005915,U02255,First_Action,2024-04-28,3
E0005916,U02256,Install,2024-01-16,0
E0005917,U02256,Signup,2024-01-16,0
E0005918,U02257,Install,2024-05-23,0
E0005919,U02257,Signup,2024-05-23,0
E0005920,U02258,Install,2024-05-17,0
E0005921,U02258,Signup,2024-05-17,0
E0005922,U02259,Install,2024-03-16,0
E0005923,U02259,Signup,2024-03-16,0
E0005924,U02260,Install,2024-04-06,0
E0005925,U02261,Install,2024-01-07,0
E0005926,U02261,Signup,2024-01-07,0
E0005927,U02261,Onboarding,2024-01-08,1
E0005928,U02261,First_Action,2024-01-10,3
E0005929,U02261,Day1_Active,2024-01-11,4
E0005930,U02261,Day7_Active,2024-01-17,10
E0005931,U02262,Install,2024-02-07,0
E0005932,U02262,Signup,2024-02-07,0
E0005933,U02262,Onboarding,2024-02-08,1
E0005934,U02262,First_Action,2024-02-10,3
E0005935,U02262,Day1_Active,2024-02-11,4
E0005936,U02263,Install,2024-03-11,0
E0005937,U02263,Signup,2024-03-11,0
E0005938,U02263,Onboarding,2024-03-12,1
E0005939,U02263,First_Action,2024-03-14,3
E0005940,U02263,Day1_Active,2024-03-15,4
E0005941,U02264,Install,2024-03-23,0
E0005942,U02264,Signup,2024-03-23,0
E0005943,U02265,Install,2024-03-21,0
E0005944,U02265,Signup,2024-03-21,0
E0005945,U02265,Onboarding,2024-03-22,1
E0005946,U02265,First_Action,2024-03-24,3
E0005947,U02265,Day1_Active,2024-03-25,4
E0005948,U02265,Day7_Active,2024-03-31,10
E0005949,U02266,Install,2024-02-15,0
E0005950,U02266,Signup,2024-02-15,0
E0005951,U02267,Install,2024-05-25,0
E0005952,U02267,Signup,2024-05-25,0
E0005953,U02267,Onboarding,2024-05-26,1
E0005954,U02268,Install,2024-01-18,0
E0005955,U02268,Signup,2024-01-18,0
E0005956,U02268,Onboarding,2024-01-19,1
E0005957,U02269,Install,2024-04-02,0
E0005958,U02269,Signup,2024-04-02,0
E0005959,U02269,Onboarding,2024-04-03,1
E0005960,U02270,Install,2024-05-19,0
E0005961,U02270,Signup,2024-05-19,0
E0005962,U02271,Install,2024-01-23,0
E0005963,U02271,Signup,2024-01-23,0
E0005964,U02272,Install,2024-03-02,0
E0005965,U02272,Signup,2024-03-02,0
E0005966,U02272,Onboarding,2024-03-03,1
E0005967,U02273,Install,2024-05-02,0
E0005968,U02273,Signup,2024-05-02,0
E0005969,U02273,Onboarding,2024-05-03,1
E0005970,U02274,Install,2024-05-08,0
E0005971,U02274,Signup,2024-05-08,0
E0005972,U02274,Onboarding,2024-05-09,1
E0005973,U02275,Install,2024-03-15,0
E0005974,U02275,Signup,2024-03-15,0
E0005975,U02276,Install,2024-05-30,0
E0005976,U02276,Signup,2024-05-30,0
E0005977,U02276,Onboarding,2024-05-31,1
E0005978,U02277,Install,2024-04-04,0
E0005979,U02277,Signup,2024-04-04,0
E0005980,U02278,Install,2024-06-09,0
E0005981,U02278,Signup,2024-06-09,0
E0005982,U02278,Onboarding,2024-06-10,1
E0005983,U02278,First_Action,2024-06-12,3
E0005984,U02279,Install,2024-02-21,0
E0005985,U02279,Signup,2024-02-21,0
E0005986,U02279,Onboarding,2024-02-22,1
E0005987,U02279,First_Action,2024-02-24,3
E0005988,U02280,Install,2024-06-15,0
E0005989,U02280,Signup,2024-06-15,0
E0005990,U02280,Onboarding,2024-06-16,1
E0005991,U02281,Install,2024-04-13,0
E0005992,U02281,Signup,2024-04-13,0
E0005993,U02281,Onboarding,2024-04-14,1
E0005994,U02282,Install,2024-02-22,0
E0005995,U02282,Signup,2024-02-22,0
E0005996,U02283,Install,2024-05-31,0
E0005997,U02283,Signup,2024-05-31,0
E0005998,U02283,Onboarding,2024-06-01,1
E0005999,U02283,First_Action,2024-06-03,3
E0006000,U02284,Install,2024-03-05,0
E0006001,U02284,Signup,2024-03-05,0
E0006002,U02284,Onboarding,2024-03-06,1
E0006003,U02285,Install,2024-02-22,0
E0006004,U02285,Signup,2024-02-22,0
E0006005,U02285,Onboarding,2024-02-23,1
E0006006,U02286,Install,2024-02-12,0
E0006007,U02286,Signup,2024-02-12,0
E0006008,U02286,Onboarding,2024-02-13,1
E0006009,U02287,Install,2024-03-04,0
E0006010,U02287,Signup,2024-03-04,0
E0006011,U02288,Install,2024-01-03,0
E0006012,U02288,Signup,2024-01-03,0
E0006013,U02289,Install,2024-02-10,0
E0006014,U02289,Signup,2024-02-10,0
E0006015,U02289,Onboarding,2024-02-11,1
E0006016,U02289,First_Action,2024-02-13,3
E0006017,U02289,Day1_Active,2024-02-14,4
E0006018,U02290,Install,2024-04-05,0
E0006019,U02290,Signup,2024-04-05,0
E0006020,U02290,Onboarding,2024-04-06,1
E0006021,U02290,First_Action,2024-04-08,3
E0006022,U02291,Install,2024-03-18,0
E0006023,U02292,Install,2024-01-31,0
E0006024,U02292,Signup,2024-01-31,0
E0006025,U02293,Install,2024-05-01,0
E0006026,U02294,Install,2024-06-26,0
E0006027,U02294,Signup,2024-06-26,0
E0006028,U02294,Onboarding,2024-06-27,1
E0006029,U02294,First_Action,2024-06-29,3
E0006030,U02295,Install,2024-02-09,0
E0006031,U02295,Signup,2024-02-09,0
E0006032,U02295,Onboarding,2024-02-10,1
E0006033,U02295,First_Action,2024-02-12,3
E0006034,U02295,Day1_Active,2024-02-13,4
E0006035,U02295,Day7_Active,2024-02-19,10
E0006036,U02296,Install,2024-04-29,0
E0006037,U02297,Install,2024-03-12,0
E0006038,U02297,Signup,2024-03-12,0
E0006039,U02297,Onboarding,2024-03-13,1
E0006040,U02298,Install,2024-02-18,0
E0006041,U02298,Signup,2024-02-18,0
E0006042,U02299,Install,2024-04-21,0
E0006043,U02300,Install,2024-03-14,0
E0006044,U02300,Signup,2024-03-14,0
E0006045,U02301,Install,2024-06-17,0
E0006046,U02301,Signup,2024-06-17,0
E0006047,U02301,Onboarding,2024-06-18,1
E0006048,U02302,Install,2024-04-14,0
E0006049,U02302,Signup,2024-04-14,0
E0006050,U02302,Onboarding,2024-04-15,1
E0006051,U02302,First_Action,2024-04-17,3
E0006052,U02303,Install,2024-06-21,0
E0006053,U02303,Signup,2024-06-21,0
E0006054,U02303,Onboarding,2024-06-22,1
E0006055,U02303,First_Action,2024-06-24,3
E0006056,U02304,Install,2024-06-03,0
E0006057,U02305,Install,2024-05-18,0
E0006058,U02305,Signup,2024-05-18,0
E0006059,U02305,Onboarding,2024-05-19,1
E0006060,U02305,First_Action,2024-05-21,3
E0006061,U02305,Day1_Active,2024-05-22,4
E0006062,U02306,Install,2024-06-09,0
E0006063,U02306,Signup,2024-06-09,0
E0006064,U02306,Onboarding,2024-06-10,1
E0006065,U02306,First_Action,2024-06-12,3
E0006066,U02306,Day1_Active,2024-06-13,4
E0006067,U02306,Day7_Active,2024-06-19,10
E0006068,U02307,Install,2024-05-26,0
E0006069,U02307,Signup,2024-05-26,0
E0006070,U02308,Install,2024-04-17,0
E0006071,U02309,Install,2024-03-06,0
E0006072,U02310,Install,2024-03-26,0
E0006073,U02310,Signup,2024-03-26,0
E0006074,U02310,Onboarding,2024-03-27,1
E0006075,U02310,First_Action,2024-03-29,3
E0006076,U02310,Day1_Active,2024-03-30,4
E0006077,U02310,Day7_Active,2024-04-05,10
E0006078,U02311,Install,2024-05-13,0
E0006079,U02311,Signup,2024-05-13,0
E0006080,U02312,Install,2024-01-28,0
E0006081,U02312,Signup,2024-01-28,0
E0006082,U02313,Install,2024-01-01,0
E0006083,U02313,Signup,2024-01-01,0
E0006084,U02314,Install,2024-06-26,0
E0006085,U02315,Install,2024-01-25,0
E0006086,U02316,Install,2024-06-23,0
E0006087,U02316,Signup,2024-06-23,0
E0006088,U02316,Onboarding,2024-06-24,1
E0006089,U02317,Install,2024-04-13,0
E0006090,U02317,Signup,2024-04-13,0
E0006091,U02318,Install,2024-06-07,0
E0006092,U02318,Signup,2024-06-07,0
E0006093,U02318,Onboarding,2024-06-08,1
E0006094,U02319,Install,2024-01-09,0
E0006095,U02319,Signup,2024-01-09,0
E0006096,U02319,Onboarding,2024-01-10,1
E0006097,U02320,Install,2024-05-17,0
E0006098,U02320,Signup,2024-05-17,0
E0006099,U02320,Onboarding,2024-05-18,1
E0006100,U02320,First_Action,2024-05-20,3
E0006101,U02320,Day1_Active,2024-05-21,4
E0006102,U02320,Day7_Active,2024-05-27,10
E0006103,U02321,Install,2024-06-24,0
E0006104,U02321,Signup,2024-06-24,0
E0006105,U02321,Onboarding,2024-06-25,1
E0006106,U02321,First_Action,2024-06-27,3
E0006107,U02321,Day1_Active,2024-06-28,4
E0006108,U02322,Install,2024-05-01,0
E0006109,U02322,Signup,2024-05-01,0
E0006110,U02322,Onboarding,2024-05-02,1
E0006111,U02323,Install,2024-01-25,0
E0006112,U02324,Install,2024-03-20,0
E0006113,U02324,Signup,2024-03-20,0
E0006114,U02324,Onboarding,2024-03-21,1
E0006115,U02324,First_Action,2024-03-23,3
E0006116,U02324,Day1_Active,2024-03-24,4
E0006117,U02325,Install,2024-06-24,0
E0006118,U02326,Install,2024-05-08,0
E0006119,U02326,Signup,2024-05-08,0
E0006120,U02326,Onboarding,2024-05-09,1
E0006121,U02326,First_Action,2024-05-11,3
E0006122,U02327,Install,2024-01-13,0
E0006123,U02328,Install,2024-02-11,0
E0006124,U02328,Signup,2024-02-11,0
E0006125,U02329,Install,2024-01-20,0
E0006126,U02329,Signup,2024-01-20,0
E0006127,U02330,Install,2024-02-15,0
E0006128,U02330,Signup,2024-02-15,0
E0006129,U02330,Onboarding,2024-02-16,1
E0006130,U02331,Install,2024-05-06,0
E0006131,U02331,Signup,2024-05-06,0
E0006132,U02331,Onboarding,2024-05-07,1
E0006133,U02332,Install,2024-02-05,0
E0006134,U02332,Signup,2024-02-05,0
E0006135,U02332,Onboarding,2024-02-06,1
E0006136,U02332,First_Action,2024-02-08,3
E0006137,U02333,Install,2024-06-27,0
E0006138,U02333,Signup,2024-06-27,0
E0006139,U02334,Install,2024-04-17,0
E0006140,U02334,Signup,2024-04-17,0
E0006141,U02334,Onboarding,2024-04-18,1
E0006142,U02334,First_Action,2024-04-20,3
E0006143,U02335,Install,2024-03-08,0
E0006144,U02336,Install,2024-02-05,0
E0006145,U02336,Signup,2024-02-05,0
E0006146,U02336,Onboarding,2024-02-06,1
E0006147,U02337,Install,2024-05-19,0
E0006148,U02337,Signup,2024-05-19,0
E0006149,U02337,Onboarding,2024-05-20,1
E0006150,U02337,First_Action,2024-05-22,3
E0006151,U02337,Day1_Active,2024-05-23,4
E0006152,U02337,Day7_Active,2024-05-29,10
E0006153,U02338,Install,2024-04-15,0
E0006154,U02338,Signup,2024-04-15,0
E0006155,U02338,Onboarding,2024-04-16,1
E0006156,U02338,First_Action,2024-04-18,3
E0006157,U02339,Install,2024-04-10,0
E0006158,U02339,Signup,2024-04-10,0
E0006159,U02340,Install,2024-05-29,0
E0006160,U02340,Signup,2024-05-29,0
E0006161,U02340,Onboarding,2024-05-30,1
E0006162,U02340,First_Action,2024-06-01,3
E0006163,U02340,Day1_Active,2024-06-02,4
E0006164,U02341,Install,2024-05-02,0
E0006165,U02341,Signup,2024-05-02,0
E0006166,U02341,Onboarding,2024-05-03,1
E0006167,U02342,Install,2024-04-09,0
E0006168,U02342,Signup,2024-04-09,0
E0006169,U02342,Onboarding,2024-04-10,1
E0006170,U02343,Install,2024-05-10,0
E0006171,U02343,Signup,2024-05-10,0
E0006172,U02344,Install,2024-02-12,0
E0006173,U02344,Signup,2024-02-12,0
E0006174,U02345,Install,2024-03-08,0
E0006175,U02346,Install,2024-02-19,0
E0006176,U02346,Signup,2024-02-19,0
E0006177,U02346,Onboarding,2024-02-20,1
E0006178,U02347,Install,2024-02-02,0
E0006179,U02347,Signup,2024-02-02,0
E0006180,U02347,Onboarding,2024-02-03,1
E0006181,U02347,First_Action,2024-02-05,3
E0006182,U02348,Install,2024-06-11,0
E0006183,U02348,Signup,2024-06-11,0
E0006184,U02348,Onboarding,2024-06-12,1
E0006185,U02349,Install,2024-01-08,0
E0006186,U02349,Signup,2024-01-08,0
E0006187,U02349,Onboarding,2024-01-09,1
E0006188,U02349,First_Action,2024-01-11,3
E0006189,U02350,Install,2024-01-11,0
E0006190,U02350,Signup,2024-01-11,0
E0006191,U02350,Onboarding,2024-01-12,1
E0006192,U02350,First_Action,2024-01-14,3
E0006193,U02350,Day1_Active,2024-01-15,4
E0006194,U02351,Install,2024-03-18,0
E0006195,U02351,Signup,2024-03-18,0
E0006196,U02351,Onboarding,2024-03-19,1
E0006197,U02352,Install,2024-05-04,0
E0006198,U02352,Signup,2024-05-04,0
E0006199,U02353,Install,2024-06-03,0
E0006200,U02353,Signup,2024-06-03,0
E0006201,U02353,Onboarding,2024-06-04,1
E0006202,U02353,First_Action,2024-06-06,3
E0006203,U02354,Install,2024-03-28,0
E0006204,U02354,Signup,2024-03-28,0
E0006205,U02355,Install,2024-03-14,0
E0006206,U02355,Signup,2024-03-14,0
E0006207,U02355,Onboarding,2024-03-15,1
E0006208,U02355,First_Action,2024-03-17,3
E0006209,U02356,Install,2024-02-18,0
E0006210,U02357,Install,2024-03-08,0
E0006211,U02357,Signup,2024-03-08,0
E0006212,U02357,Onboarding,2024-03-09,1
E0006213,U02358,Install,2024-06-25,0
E0006214,U02358,Signup,2024-06-25,0
E0006215,U02358,Onboarding,2024-06-26,1
E0006216,U02359,Install,2024-04-28,0
E0006217,U02359,Signup,2024-04-28,0
E0006218,U02359,Onboarding,2024-04-29,1
E0006219,U02360,Install,2024-02-22,0
E0006220,U02361,Install,2024-04-05,0
E0006221,U02361,Signup,2024-04-05,0
E0006222,U02361,Onboarding,2024-04-06,1
E0006223,U02362,Install,2024-02-07,0
E0006224,U02363,Install,2024-04-10,0
E0006225,U02363,Signup,2024-04-10,0
E0006226,U02363,Onboarding,2024-04-11,1
E0006227,U02364,Install,2024-05-20,0
E0006228,U02364,Signup,2024-05-20,0
E0006229,U02365,Install,2024-04-19,0
E0006230,U02365,Signup,2024-04-19,0
E0006231,U02366,Install,2024-02-05,0
E0006232,U02366,Signup,2024-02-05,0
E0006233,U02366,Onboarding,2024-02-06,1
E0006234,U02366,First_Action,2024-02-08,3
E0006235,U02366,Day1_Active,2024-02-09,4
E0006236,U02367,Install,2024-03-12,0
E0006237,U02367,Signup,2024-03-12,0
E0006238,U02367,Onboarding,2024-03-13,1
E0006239,U02368,Install,2024-04-18,0
E0006240,U02368,Signup,2024-04-18,0
E0006241,U02369,Install,2024-06-08,0
E0006242,U02370,Install,2024-03-09,0
E0006243,U02370,Signup,2024-03-09,0
E0006244,U02370,Onboarding,2024-03-10,1
E0006245,U02371,Install,2024-02-26,0
E0006246,U02371,Signup,2024-02-26,0
E0006247,U02371,Onboarding,2024-02-27,1
E0006248,U02371,First_Action,2024-02-29,3
E0006249,U02372,Install,2024-02-11,0
E0006250,U02372,Signup,2024-02-11,0
E0006251,U02372,Onboarding,2024-02-12,1
E0006252,U02373,Install,2024-01-25,0
E0006253,U02373,Signup,2024-01-25,0
E0006254,U02373,Onboarding,2024-01-26,1
E0006255,U02373,First_Action,2024-01-28,3
E0006256,U02373,Day1_Active,2024-01-29,4
E0006257,U02373,Day7_Active,2024-02-04,10
E0006258,U02374,Install,2024-02-26,0
E0006259,U02374,Signup,2024-02-26,0
E0006260,U02374,Onboarding,2024-02-27,1
E0006261,U02375,Install,2024-04-08,0
E0006262,U02375,Signup,2024-04-08,0
E0006263,U02375,Onboarding,2024-04-09,1
E0006264,U02376,Install,2024-02-08,0
E0006265,U02376,Signup,2024-02-08,0
E0006266,U02376,Onboarding,2024-02-09,1
E0006267,U02377,Install,2024-03-10,0
E0006268,U02377,Signup,2024-03-10,0
E0006269,U02377,Onboarding,2024-03-11,1
E0006270,U02377,First_Action,2024-03-13,3
E0006271,U02377,Day1_Active,2024-03-14,4
E0006272,U02377,Day7_Active,2024-03-20,10
E0006273,U02378,Install,2024-01-06,0
E0006274,U02378,Signup,2024-01-06,0
E0006275,U02378,Onboarding,2024-01-07,1
E0006276,U02379,Install,2024-06-29,0
E0006277,U02379,Signup,2024-06-29,0
E0006278,U02379,Onboarding,2024-06-30,1
E0006279,U02380,Install,2024-02-25,0
E0006280,U02380,Signup,2024-02-25,0
E0006281,U02381,Install,2024-06-02,0
E0006282,U02381,Signup,2024-06-02,0
E0006283,U02382,Install,2024-01-17,0
E0006284,U02382,Signup,2024-01-17,0
E0006285,U02382,Onboarding,2024-01-18,1
E0006286,U02383,Install,2024-05-05,0
E0006287,U02384,Install,2024-03-09,0
E0006288,U02385,Install,2024-06-14,0
E0006289,U02386,Install,2024-01-13,0
E0006290,U02386,Signup,2024-01-13,0
E0006291,U02387,Install,2024-01-13,0
E0006292,U02387,Signup,2024-01-13,0
E0006293,U02387,Onboarding,2024-01-14,1
E0006294,U02388,Install,2024-04-21,0
E0006295,U02388,Signup,2024-04-21,0
E0006296,U02389,Install,2024-02-29,0
E0006297,U02390,Install,2024-02-15,0
E0006298,U02390,Signup,2024-02-15,0
E0006299,U02391,Install,2024-02-20,0
E0006300,U02391,Signup,2024-02-20,0
E0006301,U02391,Onboarding,2024-02-21,1
E0006302,U02391,First_Action,2024-02-23,3
E0006303,U02392,Install,2024-05-16,0
E0006304,U02392,Signup,2024-05-16,0
E0006305,U02392,Onboarding,2024-05-17,1
E0006306,U02392,First_Action,2024-05-19,3
E0006307,U02392,Day1_Active,2024-05-20,4
E0006308,U02393,Install,2024-02-17,0
E0006309,U02393,Signup,2024-02-17,0
E0006310,U02393,Onboarding,2024-02-18,1
E0006311,U02393,First_Action,2024-02-20,3
E0006312,U02394,Install,2024-01-06,0
E0006313,U02394,Signup,2024-01-06,0
E0006314,U02395,Install,2024-02-03,0
E0006315,U02396,Install,2024-04-26,0
E0006316,U02396,Signup,2024-04-26,0
E0006317,U02396,Onboarding,2024-04-27,1
E0006318,U02396,First_Action,2024-04-29,3
E0006319,U02397,Install,2024-01-18,0
E0006320,U02397,Signup,2024-01-18,0
E0006321,U02397,Onboarding,2024-01-19,1
E0006322,U02397,First_Action,2024-01-21,3
E0006323,U02397,Day1_Active,2024-01-22,4
E0006324,U02398,Install,2024-04-11,0
E0006325,U02399,Install,2024-05-13,0
E0006326,U02400,Install,2024-05-14,0
E0006327,U02401,Install,2024-01-19,0
E0006328,U02401,Signup,2024-01-19,0
E0006329,U02402,Install,2024-04-06,0
E0006330,U02402,Signup,2024-04-06,0
E0006331,U02402,Onboarding,2024-04-07,1
E0006332,U02403,Install,2024-06-12,0
E0006333,U02403,Signup,2024-06-12,0
E0006334,U02403,Onboarding,2024-06-13,1
E0006335,U02403,First_Action,2024-06-15,3
E0006336,U02403,Day1_Active,2024-06-16,4
E0006337,U02403,Day7_Active,2024-06-22,10
E0006338,U02404,Install,2024-03-18,0
E0006339,U02404,Signup,2024-03-18,0
E0006340,U02405,Install,2024-04-12,0
E0006341,U02406,Install,2024-01-14,0
E0006342,U02406,Signup,2024-01-14,0
E0006343,U02406,Onboarding,2024-01-15,1
E0006344,U02406,First_Action,2024-01-17,3
E0006345,U02406,Day1_Active,2024-01-18,4
E0006346,U02407,Install,2024-03-30,0
E0006347,U02408,Install,2024-03-31,0
E0006348,U02408,Signup,2024-03-31,0
E0006349,U02408,Onboarding,2024-04-01,1
E0006350,U02408,First_Action,2024-04-03,3
E0006351,U02408,Day1_Active,2024-04-04,4
E0006352,U02409,Install,2024-01-18,0
E0006353,U02409,Signup,2024-01-18,0
E0006354,U02410,Install,2024-02-07,0
E0006355,U02410,Signup,2024-02-07,0
E0006356,U02410,Onboarding,2024-02-08,1
E0006357,U02411,Install,2024-04-05,0
E0006358,U02411,Signup,2024-04-05,0
E0006359,U02411,Onboarding,2024-04-06,1
E0006360,U02411,First_Action,2024-04-08,3
E0006361,U02411,Day1_Active,2024-04-09,4
E0006362,U02412,Install,2024-03-13,0
E0006363,U02413,Install,2024-04-20,0
E0006364,U02413,Signup,2024-04-20,0
E0006365,U02413,Onboarding,2024-04-21,1
E0006366,U02414,Install,2024-01-18,0
E0006367,U02415,Install,2024-06-11,0
E0006368,U02415,Signup,2024-06-11,0
E0006369,U02416,Install,2024-04-10,0
E0006370,U02417,Install,2024-02-19,0
E0006371,U02417,Signup,2024-02-19,0
E0006372,U02417,Onboarding,2024-02-20,1
E0006373,U02417,First_Action,2024-02-22,3
E0006374,U02418,Install,2024-02-23,0
E0006375,U02418,Signup,2024-02-23,0
E0006376,U02419,Install,2024-01-17,0
E0006377,U02419,Signup,2024-01-17,0
E0006378,U02419,Onboarding,2024-01-18,1
E0006379,U02419,First_Action,2024-01-20,3
E0006380,U02420,Install,2024-06-20,0
E0006381,U02421,Install,2024-03-07,0
E0006382,U02421,Signup,2024-03-07,0
E0006383,U02421,Onboarding,2024-03-08,1
E0006384,U02422,Install,2024-03-24,0
E0006385,U02423,Install,2024-06-01,0
E0006386,U02423,Signup,2024-06-01,0
E0006387,U02423,Onboarding,2024-06-02,1
E0006388,U02424,Install,2024-05-10,0
E0006389,U02424,Signup,2024-05-10,0
E0006390,U02425,Install,2024-03-06,0
E0006391,U02425,Signup,2024-03-06,0
E0006392,U02425,Onboarding,2024-03-07,1
E0006393,U02426,Install,2024-03-04,0
E0006394,U02426,Signup,2024-03-04,0
E0006395,U02426,Onboarding,2024-03-05,1
E0006396,U02427,Install,2024-04-12,0
E0006397,U02428,Install,2024-06-18,0
E0006398,U02428,Signup,2024-06-18,0
E0006399,U02429,Install,2024-02-09,0
E0006400,U02429,Signup,2024-02-09,0
E0006401,U02429,Onboarding,2024-02-10,1
E0006402,U02430,Install,2024-05-04,0
E0006403,U02430,Signup,2024-05-04,0
E0006404,U02430,Onboarding,2024-05-05,1
E0006405,U02431,Install,2024-03-01,0
E0006406,U02431,Signup,2024-03-01,0
E0006407,U02432,Install,2024-04-06,0
E0006408,U02432,Signup,2024-04-06,0
E0006409,U02432,Onboarding,2024-04-07,1
E0006410,U02432,First_Action,2024-04-09,3
E0006411,U02432,Day1_Active,2024-04-10,4
E0006412,U02433,Install,2024-04-19,0
E0006413,U02434,Install,2024-01-14,0
E0006414,U02435,Install,2024-06-24,0
E0006415,U02436,Install,2024-03-20,0
E0006416,U02437,Install,2024-02-19,0
E0006417,U02437,Signup,2024-02-19,0
E0006418,U02438,Install,2024-03-15,0
E0006419,U02438,Signup,2024-03-15,0
E0006420,U02438,Onboarding,2024-03-16,1
E0006421,U02439,Install,2024-06-04,0
E0006422,U02439,Signup,2024-06-04,0
E0006423,U02439,Onboarding,2024-06-05,1
E0006424,U02440,Install,2024-02-27,0
E0006425,U02441,Install,2024-04-25,0
E0006426,U02441,Signup,2024-04-25,0
E0006427,U02441,Onboarding,2024-04-26,1
E0006428,U02441,First_Action,2024-04-28,3
E0006429,U02442,Install,2024-03-01,0
E0006430,U02442,Signup,2024-03-01,0
E0006431,U02443,Install,2024-06-29,0
E0006432,U02444,Install,2024-04-24,0
E0006433,U02444,Signup,2024-04-24,0
E0006434,U02444,Onboarding,2024-04-25,1
E0006435,U02444,First_Action,2024-04-27,3
E0006436,U02445,Install,2024-03-02,0
E0006437,U02445,Signup,2024-03-02,0
E0006438,U02445,Onboarding,2024-03-03,1
E0006439,U02446,Install,2024-05-21,0
E0006440,U02446,Signup,2024-05-21,0
E0006441,U02446,Onboarding,2024-05-22,1
E0006442,U02447,Install,2024-04-03,0
E0006443,U02447,Signup,2024-04-03,0
E0006444,U02447,Onboarding,2024-04-04,1
E0006445,U02448,Install,2024-03-05,0
E0006446,U02449,Install,2024-03-23,0
E0006447,U02450,Install,2024-05-25,0
E0006448,U02450,Signup,2024-05-25,0
E0006449,U02450,Onboarding,2024-05-26,1
E0006450,U02450,First_Action,2024-05-28,3
E0006451,U02450,Day1_Active,2024-05-29,4
E0006452,U02451,Install,2024-01-24,0
E0006453,U02451,Signup,2024-01-24,0
E0006454,U02451,Onboarding,2024-01-25,1
E0006455,U02451,First_Action,2024-01-27,3
E0006456,U02452,Install,2024-06-03,0
E0006457,U02452,Signup,2024-06-03,0
E0006458,U02453,Install,2024-01-03,0
E0006459,U02453,Signup,2024-01-03,0
E0006460,U02454,Install,2024-05-03,0
E0006461,U02455,Install,2024-05-09,0
E0006462,U02455,Signup,2024-05-09,0
E0006463,U02456,Install,2024-02-20,0
E0006464,U02456,Signup,2024-02-20,0
E0006465,U02456,Onboarding,2024-02-21,1
E0006466,U02456,First_Action,2024-02-23,3
E0006467,U02457,Install,2024-05-20,0
E0006468,U02457,Signup,2024-05-20,0
E0006469,U02458,Install,2024-05-30,0
E0006470,U02458,Signup,2024-05-30,0
E0006471,U02458,Onboarding,2024-05-31,1
E0006472,U02459,Install,2024-06-04,0
E0006473,U02459,Signup,2024-06-04,0
E0006474,U02459,Onboarding,2024-06-05,1
E0006475,U02459,First_Action,2024-06-07,3
E0006476,U02460,Install,2024-06-15,0
E0006477,U02460,Signup,2024-06-15,0
E0006478,U02461,Install,2024-01-02,0
E0006479,U02461,Signup,2024-01-02,0
E0006480,U02461,Onboarding,2024-01-03,1
E0006481,U02461,First_Action,2024-01-05,3
E0006482,U02462,Install,2024-04-20,0
E0006483,U02462,Signup,2024-04-20,0
E0006484,U02463,Install,2024-04-16,0
E0006485,U02463,Signup,2024-04-16,0
E0006486,U02463,Onboarding,2024-04-17,1
E0006487,U02464,Install,2024-06-02,0
E0006488,U02464,Signup,2024-06-02,0
E0006489,U02464,Onboarding,2024-06-03,1
E0006490,U02465,Install,2024-01-30,0
E0006491,U02465,Signup,2024-01-30,0
E0006492,U02465,Onboarding,2024-01-31,1
E0006493,U02466,Install,2024-06-16,0
E0006494,U02466,Signup,2024-06-16,0
E0006495,U02466,Onboarding,2024-06-17,1
E0006496,U02466,First_Action,2024-06-19,3
E0006497,U02466,Day1_Active,2024-06-20,4
E0006498,U02467,Install,2024-01-06,0
E0006499,U02467,Signup,2024-01-06,0
E0006500,U02468,Install,2024-03-06,0
E0006501,U02468,Signup,2024-03-06,0
E0006502,U02469,Install,2024-03-14,0
E0006503,U02469,Signup,2024-03-14,0
E0006504,U02469,Onboarding,2024-03-15,1
E0006505,U02469,First_Action,2024-03-17,3
E0006506,U02470,Install,2024-02-01,0
E0006507,U02470,Signup,2024-02-01,0
E0006508,U02470,Onboarding,2024-02-02,1
E0006509,U02470,First_Action,2024-02-04,3
E0006510,U02471,Install,2024-03-10,0
E0006511,U02471,Signup,2024-03-10,0
E0006512,U02472,Install,2024-05-16,0
E0006513,U02473,Install,2024-01-24,0
E0006514,U02474,Install,2024-06-07,0
E0006515,U02474,Signup,2024-06-07,0
E0006516,U02474,Onboarding,2024-06-08,1
E0006517,U02474,First_Action,2024-06-10,3
E0006518,U02474,Day1_Active,2024-06-11,4
E0006519,U02475,Install,2024-02-11,0
E0006520,U02475,Signup,2024-02-11,0
E0006521,U02475,Onboarding,2024-02-12,1
E0006522,U02476,Install,2024-03-30,0
E0006523,U02476,Signup,2024-03-30,0
E0006524,U02476,Onboarding,2024-03-31,1
E0006525,U02477,Install,2024-04-13,0
E0006526,U02478,Install,2024-01-18,0
E0006527,U02478,Signup,2024-01-18,0
E0006528,U02479,Install,2024-05-22,0
E0006529,U02479,Signup,2024-05-22,0
E0006530,U02479,Onboarding,2024-05-23,1
E0006531,U02480,Install,2024-04-25,0
E0006532,U02480,Signup,2024-04-25,0
E0006533,U02480,Onboarding,2024-04-26,1
E0006534,U02481,Install,2024-03-27,0
E0006535,U02481,Signup,2024-03-27,0
E0006536,U02482,Install,2024-01-25,0
E0006537,U02482,Signup,2024-01-25,0
E0006538,U02482,Onboarding,2024-01-26,1
E0006539,U02482,First_Action,2024-01-28,3
E0006540,U02482,Day1_Active,2024-01-29,4
E0006541,U02482,Day7_Active,2024-02-04,10
E0006542,U02483,Install,2024-05-21,0
E0006543,U02484,Install,2024-03-22,0
E0006544,U02484,Signup,2024-03-22,0
E0006545,U02484,Onboarding,2024-03-23,1
E0006546,U02485,Install,2024-03-17,0
E0006547,U02485,Signup,2024-03-17,0
E0006548,U02485,Onboarding,2024-03-18,1
E0006549,U02486,Install,2024-03-12,0
E0006550,U02486,Signup,2024-03-12,0
E0006551,U02486,Onboarding,2024-03-13,1
E0006552,U02486,First_Action,2024-03-15,3
E0006553,U02486,Day1_Active,2024-03-16,4
E0006554,U02486,Day7_Active,2024-03-22,10
E0006555,U02487,Install,2024-03-19,0
E0006556,U02487,Signup,2024-03-19,0
E0006557,U02487,Onboarding,2024-03-20,1
E0006558,U02487,First_Action,2024-03-22,3
E0006559,U02487,Day1_Active,2024-03-23,4
E0006560,U02487,Day7_Active,2024-03-29,10
E0006561,U02488,Install,2024-01-24,0
E0006562,U02489,Install,2024-01-25,0
E0006563,U02490,Install,2024-05-29,0
E0006564,U02490,Signup,2024-05-29,0
E0006565,U02490,Onboarding,2024-05-30,1
E0006566,U02491,Install,2024-05-18,0
E0006567,U02492,Install,2024-05-19,0
E0006568,U02493,Install,2024-01-11,0
E0006569,U02494,Install,2024-02-05,0
E0006570,U02494,Signup,2024-02-05,0
E0006571,U02495,Install,2024-04-30,0
E0006572,U02496,Install,2024-03-04,0
E0006573,U02496,Signup,2024-03-04,0
E0006574,U02496,Onboarding,2024-03-05,1
E0006575,U02497,Install,2024-06-10,0
E0006576,U02497,Signup,2024-06-10,0
E0006577,U02497,Onboarding,2024-06-11,1
E0006578,U02498,Install,2024-06-23,0
E0006579,U02498,Signup,2024-06-23,0
E0006580,U02498,Onboarding,2024-06-24,1
E0006581,U02499,Install,2024-02-18,0
E0006582,U02499,Signup,2024-02-18,0
E0006583,U02500,Install,2024-05-15,0
E0006584,U02500,Signup,2024-05-15,0
E0006585,U02500,Onboarding,2024-05-16,1
E0006586,U02500,First_Action,2024-05-18,3
E0006587,U02500,Day1_Active,2024-05-19,4
E0006588,U02501,Install,2024-03-09,0
E0006589,U02502,Install,2024-05-07,0
E0006590,U02502,Signup,2024-05-07,0
E0006591,U02502,Onboarding,2024-05-08,1
E0006592,U02502,First_Action,2024-05-10,3
E0006593,U02502,Day1_Active,2024-05-11,4
E0006594,U02503,Install,2024-05-27,0
E0006595,U02503,Signup,2024-05-27,0
E0006596,U02503,Onboarding,2024-05-28,1
E0006597,U02504,Install,2024-01-11,0
E0006598,U02504,Signup,2024-01-11,0
E0006599,U02505,Install,2024-02-25,0
E0006600,U02506,Install,2024-06-27,0
E0006601,U02506,Signup,2024-06-27,0
E0006602,U02506,Onboarding,2024-06-28,1
E0006603,U02506,First_Action,2024-06-30,3
E0006604,U02507,Install,2024-02-01,0
E0006605,U02507,Signup,2024-02-01,0
E0006606,U02507,Onboarding,2024-02-02,1
E0006607,U02507,First_Action,2024-02-04,3
E0006608,U02507,Day1_Active,2024-02-05,4
E0006609,U02508,Install,2024-04-23,0
E0006610,U02508,Signup,2024-04-23,0
E0006611,U02508,Onboarding,2024-04-24,1
E0006612,U02509,Install,2024-06-19,0
E0006613,U02509,Signup,2024-06-19,0
E0006614,U02509,Onboarding,2024-06-20,1
E0006615,U02510,Install,2024-03-05,0
E0006616,U02510,Signup,2024-03-05,0
E0006617,U02511,Install,2024-04-27,0
E0006618,U02511,Signup,2024-04-27,0
E0006619,U02512,Install,2024-02-15,0
E0006620,U02512,Signup,2024-02-15,0
E0006621,U02513,Install,2024-03-30,0
E0006622,U02513,Signup,2024-03-30,0
E0006623,U02514,Install,2024-04-09,0
E0006624,U02514,Signup,2024-04-09,0
E0006625,U02514,Onboarding,2024-04-10,1
E0006626,U02515,Install,2024-06-14,0
E0006627,U02515,Signup,2024-06-14,0
E0006628,U02515,Onboarding,2024-06-15,1
E0006629,U02516,Install,2024-01-29,0
E0006630,U02517,Install,2024-05-12,0
E0006631,U02517,Signup,2024-05-12,0
E0006632,U02517,Onboarding,2024-05-13,1
E0006633,U02518,Install,2024-03-02,0
E0006634,U02519,Install,2024-06-06,0
E0006635,U02520,Install,2024-01-01,0
E0006636,U02520,Signup,2024-01-01,0
E0006637,U02521,Install,2024-03-28,0
E0006638,U02521,Signup,2024-03-28,0
E0006639,U02521,Onboarding,2024-03-29,1
E0006640,U02521,First_Action,2024-03-31,3
E0006641,U02522,Install,2024-03-05,0
E0006642,U02523,Install,2024-06-03,0
E0006643,U02523,Signup,2024-06-03,0
E0006644,U02523,Onboarding,2024-06-04,1
E0006645,U02523,First_Action,2024-06-06,3
E0006646,U02524,Install,2024-03-24,0
E0006647,U02524,Signup,2024-03-24,0
E0006648,U02524,Onboarding,2024-03-25,1
E0006649,U02524,First_Action,2024-03-27,3
E0006650,U02524,Day1_Active,2024-03-28,4
E0006651,U02524,Day7_Active,2024-04-03,10
E0006652,U02525,Install,2024-02-28,0
E0006653,U02526,Install,2024-02-29,0
E0006654,U02526,Signup,2024-02-29,0
E0006655,U02526,Onboarding,2024-03-01,1
E0006656,U02527,Install,2024-01-27,0
E0006657,U02527,Signup,2024-01-27,0
E0006658,U02527,Onboarding,2024-01-28,1
E0006659,U02527,First_Action,2024-01-30,3
E0006660,U02528,Install,2024-02-25,0
E0006661,U02528,Signup,2024-02-25,0
E0006662,U02528,Onboarding,2024-02-26,1
E0006663,U02529,Install,2024-03-12,0
E0006664,U02529,Signup,2024-03-12,0
E0006665,U02529,Onboarding,2024-03-13,1
E0006666,U02529,First_Action,2024-03-15,3
E0006667,U02529,Day1_Active,2024-03-16,4
E0006668,U02530,Install,2024-06-05,0
E0006669,U02530,Signup,2024-06-05,0
E0006670,U02531,Install,2024-03-02,0
E0006671,U02531,Signup,2024-03-02,0
E0006672,U02532,Install,2024-01-02,0
E0006673,U02532,Signup,2024-01-02,0
E0006674,U02532,Onboarding,2024-01-03,1
E0006675,U02533,Install,2024-01-26,0
E0006676,U02533,Signup,2024-01-26,0
E0006677,U02534,Install,2024-03-30,0
E0006678,U02535,Install,2024-06-09,0
E0006679,U02535,Signup,2024-06-09,0
E0006680,U02536,Install,2024-01-12,0
E0006681,U02536,Signup,2024-01-12,0
E0006682,U02537,Install,2024-06-18,0
E0006683,U02537,Signup,2024-06-18,0
E0006684,U02538,Install,2024-04-03,0
E0006685,U02538,Signup,2024-04-03,0
E0006686,U02539,Install,2024-01-17,0
E0006687,U02539,Signup,2024-01-17,0
E0006688,U02539,Onboarding,2024-01-18,1
E0006689,U02540,Install,2024-02-14,0
E0006690,U02541,Install,2024-02-09,0
E0006691,U02541,Signup,2024-02-09,0
E0006692,U02541,Onboarding,2024-02-10,1
E0006693,U02541,First_Action,2024-02-12,3
E0006694,U02542,Install,2024-05-22,0
E0006695,U02543,Install,2024-05-29,0
E0006696,U02543,Signup,2024-05-29,0
E0006697,U02544,Install,2024-05-25,0
E0006698,U02544,Signup,2024-05-25,0
E0006699,U02544,Onboarding,2024-05-26,1
E0006700,U02544,First_Action,2024-05-28,3
E0006701,U02545,Install,2024-03-21,0
E0006702,U02545,Signup,2024-03-21,0
E0006703,U02545,Onboarding,2024-03-22,1
E0006704,U02546,Install,2024-04-13,0
E0006705,U02546,Signup,2024-04-13,0
E0006706,U02547,Install,2024-06-26,0
E0006707,U02547,Signup,2024-06-26,0
E0006708,U02547,Onboarding,2024-06-27,1
E0006709,U02547,First_Action,2024-06-29,3
E0006710,U02548,Install,2024-05-23,0
E0006711,U02548,Signup,2024-05-23,0
E0006712,U02548,Onboarding,2024-05-24,1
E0006713,U02549,Install,2024-05-12,0
E0006714,U02549,Signup,2024-05-12,0
E0006715,U02549,Onboarding,2024-05-13,1
E0006716,U02550,Install,2024-06-04,0
E0006717,U02551,Install,2024-01-24,0
E0006718,U02551,Signup,2024-01-24,0
E0006719,U02552,Install,2024-02-22,0
E0006720,U02552,Signup,2024-02-22,0
E0006721,U02552,Onboarding,2024-02-23,1
E0006722,U02553,Install,2024-04-23,0
E0006723,U02553,Signup,2024-04-23,0
E0006724,U02554,Install,2024-02-12,0
E0006725,U02555,Install,2024-01-07,0
E0006726,U02555,Signup,2024-01-07,0
E0006727,U02556,Install,2024-02-12,0
E0006728,U02557,Install,2024-01-26,0
E0006729,U02558,Install,2024-06-03,0
E0006730,U02559,Install,2024-05-09,0
E0006731,U02559,Signup,2024-05-09,0
E0006732,U02560,Install,2024-06-02,0
E0006733,U02560,Signup,2024-06-02,0
E0006734,U02561,Install,2024-02-08,0
E0006735,U02561,Signup,2024-02-08,0
E0006736,U02561,Onboarding,2024-02-09,1
E0006737,U02561,First_Action,2024-02-11,3
E0006738,U02562,Install,2024-04-30,0
E0006739,U02562,Signup,2024-04-30,0
E0006740,U02562,Onboarding,2024-05-01,1
E0006741,U02562,First_Action,2024-05-03,3
E0006742,U02562,Day1_Active,2024-05-04,4
E0006743,U02563,Install,2024-03-07,0
E0006744,U02563,Signup,2024-03-07,0
E0006745,U02563,Onboarding,2024-03-08,1
E0006746,U02563,First_Action,2024-03-10,3
E0006747,U02564,Install,2024-03-11,0
E0006748,U02564,Signup,2024-03-11,0
E0006749,U02564,Onboarding,2024-03-12,1
E0006750,U02564,First_Action,2024-03-14,3
E0006751,U02565,Install,2024-03-09,0
E0006752,U02566,Install,2024-02-13,0
E0006753,U02566,Signup,2024-02-13,0
E0006754,U02566,Onboarding,2024-02-14,1
E0006755,U02566,First_Action,2024-02-16,3
E0006756,U02567,Install,2024-01-14,0
E0006757,U02568,Install,2024-03-31,0
E0006758,U02568,Signup,2024-03-31,0
E0006759,U02568,Onboarding,2024-04-01,1
E0006760,U02568,First_Action,2024-04-03,3
E0006761,U02569,Install,2024-05-14,0
E0006762,U02570,Install,2024-04-10,0
E0006763,U02571,Install,2024-03-07,0
E0006764,U02571,Signup,2024-03-07,0
E0006765,U02571,Onboarding,2024-03-08,1
E0006766,U02572,Install,2024-05-07,0
E0006767,U02572,Signup,2024-05-07,0
E0006768,U02572,Onboarding,2024-05-08,1
E0006769,U02573,Install,2024-06-14,0
E0006770,U02573,Signup,2024-06-14,0
E0006771,U02573,Onboarding,2024-06-15,1
E0006772,U02574,Install,2024-06-07,0
E0006773,U02574,Signup,2024-06-07,0
E0006774,U02575,Install,2024-03-19,0
E0006775,U02575,Signup,2024-03-19,0
E0006776,U02576,Install,2024-04-04,0
E0006777,U02577,Install,2024-03-05,0
E0006778,U02577,Signup,2024-03-05,0
E0006779,U02577,Onboarding,2024-03-06,1
E0006780,U02577,First_Action,2024-03-08,3
E0006781,U02578,Install,2024-04-09,0
E0006782,U02579,Install,2024-02-17,0
E0006783,U02579,Signup,2024-02-17,0
E0006784,U02580,Install,2024-03-16,0
E0006785,U02580,Signup,2024-03-16,0
E0006786,U02580,Onboarding,2024-03-17,1
E0006787,U02580,First_Action,2024-03-19,3
E0006788,U02581,Install,2024-03-19,0
E0006789,U02581,Signup,2024-03-19,0
E0006790,U02581,Onboarding,2024-03-20,1
E0006791,U02582,Install,2024-05-09,0
E0006792,U02583,Install,2024-06-27,0
E0006793,U02583,Signup,2024-06-27,0
E0006794,U02583,Onboarding,2024-06-28,1
E0006795,U02584,Install,2024-04-29,0
E0006796,U02584,Signup,2024-04-29,0
E0006797,U02584,Onboarding,2024-04-30,1
E0006798,U02584,First_Action,2024-05-02,3
E0006799,U02584,Day1_Active,2024-05-03,4
E0006800,U02585,Install,2024-06-12,0
E0006801,U02586,Install,2024-03-31,0
E0006802,U02586,Signup,2024-03-31,0
E0006803,U02586,Onboarding,2024-04-01,1
E0006804,U02586,First_Action,2024-04-03,3
E0006805,U02587,Install,2024-02-26,0
E0006806,U02587,Signup,2024-02-26,0
E0006807,U02588,Install,2024-04-29,0
E0006808,U02588,Signup,2024-04-29,0
E0006809,U02588,Onboarding,2024-04-30,1
E0006810,U02589,Install,2024-05-31,0
E0006811,U02589,Signup,2024-05-31,0
E0006812,U02590,Install,2024-02-27,0
E0006813,U02591,Install,2024-06-05,0
E0006814,U02591,Signup,2024-06-05,0
E0006815,U02591,Onboarding,2024-06-06,1
E0006816,U02592,Install,2024-05-08,0
E0006817,U02593,Install,2024-02-17,0
E0006818,U02594,Install,2024-04-16,0
E0006819,U02594,Signup,2024-04-16,0
E0006820,U02594,Onboarding,2024-04-17,1
E0006821,U02595,Install,2024-04-06,0
E0006822,U02595,Signup,2024-04-06,0
E0006823,U02596,Install,2024-06-01,0
E0006824,U02596,Signup,2024-06-01,0
E0006825,U02597,Install,2024-02-24,0
E0006826,U02598,Install,2024-06-03,0
E0006827,U02598,Signup,2024-06-03,0
E0006828,U02598,Onboarding,2024-06-04,1
E0006829,U02598,First_Action,2024-06-06,3
E0006830,U02599,Install,2024-05-18,0
E0006831,U02599,Signup,2024-05-18,0
E0006832,U02599,Onboarding,2024-05-19,1
E0006833,U02600,Install,2024-02-05,0
E0006834,U02600,Signup,2024-02-05,0
E0006835,U02600,Onboarding,2024-02-06,1
E0006836,U02600,First_Action,2024-02-08,3
E0006837,U02601,Install,2024-06-04,0
E0006838,U02601,Signup,2024-06-04,0
E0006839,U02601,Onboarding,2024-06-05,1
E0006840,U02602,Install,2024-01-20,0
E0006841,U02602,Signup,2024-01-20,0
E0006842,U02602,Onboarding,2024-01-21,1
E0006843,U02603,Install,2024-05-13,0
E0006844,U02604,Install,2024-03-27,0
E0006845,U02605,Install,2024-05-12,0
E0006846,U02605,Signup,2024-05-12,0
E0006847,U02605,Onboarding,2024-05-13,1
E0006848,U02605,First_Action,2024-05-15,3
E0006849,U02606,Install,2024-01-11,0
E0006850,U02607,Install,2024-04-11,0
E0006851,U02607,Signup,2024-04-11,0
E0006852,U02608,Install,2024-04-26,0
E0006853,U02608,Signup,2024-04-26,0
E0006854,U02608,Onboarding,2024-04-27,1
E0006855,U02608,First_Action,2024-04-29,3
E0006856,U02609,Install,2024-03-06,0
E0006857,U02609,Signup,2024-03-06,0
E0006858,U02609,Onboarding,2024-03-07,1
E0006859,U02610,Install,2024-05-26,0
E0006860,U02611,Install,2024-02-06,0
E0006861,U02611,Signup,2024-02-06,0
E0006862,U02611,Onboarding,2024-02-07,1
E0006863,U02611,First_Action,2024-02-09,3
E0006864,U02612,Install,2024-01-30,0
E0006865,U02612,Signup,2024-01-30,0
E0006866,U02612,Onboarding,2024-01-31,1
E0006867,U02612,First_Action,2024-02-02,3
E0006868,U02613,Install,2024-02-19,0
E0006869,U02613,Signup,2024-02-19,0
E0006870,U02613,Onboarding,2024-02-20,1
E0006871,U02613,First_Action,2024-02-22,3
E0006872,U02614,Install,2024-05-15,0
E0006873,U02614,Signup,2024-05-15,0
E0006874,U02614,Onboarding,2024-05-16,1
E0006875,U02615,Install,2024-01-14,0
E0006876,U02615,Signup,2024-01-14,0
E0006877,U02616,Install,2024-05-09,0
E0006878,U02617,Install,2024-02-16,0
E0006879,U02617,Signup,2024-02-16,0
E0006880,U02617,Onboarding,2024-02-17,1
E0006881,U02618,Install,2024-04-13,0
E0006882,U02618,Signup,2024-04-13,0
E0006883,U02619,Install,2024-05-26,0
E0006884,U02619,Signup,2024-05-26,0
E0006885,U02619,Onboarding,2024-05-27,1
E0006886,U02619,First_Action,2024-05-29,3
E0006887,U02620,Install,2024-06-02,0
E0006888,U02620,Signup,2024-06-02,0
E0006889,U02620,Onboarding,2024-06-03,1
E0006890,U02620,First_Action,2024-06-05,3
E0006891,U02621,Install,2024-05-13,0
E0006892,U02622,Install,2024-03-04,0
E0006893,U02622,Signup,2024-03-04,0
E0006894,U02622,Onboarding,2024-03-05,1
E0006895,U02623,Install,2024-05-25,0
E0006896,U02623,Signup,2024-05-25,0
E0006897,U02623,Onboarding,2024-05-26,1
E0006898,U02624,Install,2024-02-17,0
E0006899,U02624,Signup,2024-02-17,0
E0006900,U02625,Install,2024-04-20,0
E0006901,U02625,Signup,2024-04-20,0
E0006902,U02625,Onboarding,2024-04-21,1
E0006903,U02626,Install,2024-05-22,0
E0006904,U02627,Install,2024-01-08,0
E0006905,U02627,Signup,2024-01-08,0
E0006906,U02627,Onboarding,2024-01-09,1
E0006907,U02627,First_Action,2024-01-11,3
E0006908,U02628,Install,2024-02-28,0
E0006909,U02628,Signup,2024-02-28,0
E0006910,U02628,Onboarding,2024-02-29,1
E0006911,U02629,Install,2024-03-03,0
E0006912,U02629,Signup,2024-03-03,0
E0006913,U02629,Onboarding,2024-03-04,1
E0006914,U02629,First_Action,2024-03-06,3
E0006915,U02629,Day1_Active,2024-03-07,4
E0006916,U02630,Install,2024-03-13,0
E0006917,U02630,Signup,2024-03-13,0
E0006918,U02630,Onboarding,2024-03-14,1
E0006919,U02631,Install,2024-02-06,0
E0006920,U02632,Install,2024-02-07,0
E0006921,U02633,Install,2024-01-24,0
E0006922,U02633,Signup,2024-01-24,0
E0006923,U02633,Onboarding,2024-01-25,1
E0006924,U02633,First_Action,2024-01-27,3
E0006925,U02633,Day1_Active,2024-01-28,4
E0006926,U02634,Install,2024-02-25,0
E0006927,U02634,Signup,2024-02-25,0
E0006928,U02634,Onboarding,2024-02-26,1
E0006929,U02635,Install,2024-02-07,0
E0006930,U02635,Signup,2024-02-07,0
E0006931,U02636,Install,2024-01-31,0
E0006932,U02636,Signup,2024-01-31,0
E0006933,U02636,Onboarding,2024-02-01,1
E0006934,U02637,Install,2024-03-20,0
E0006935,U02637,Signup,2024-03-20,0
E0006936,U02638,Install,2024-02-12,0
E0006937,U02638,Signup,2024-02-12,0
E0006938,U02639,Install,2024-04-10,0
E0006939,U02639,Signup,2024-04-10,0
E0006940,U02640,Install,2024-04-09,0
E0006941,U02640,Signup,2024-04-09,0
E0006942,U02641,Install,2024-01-07,0
E0006943,U02641,Signup,2024-01-07,0
E0006944,U02642,Install,2024-03-16,0
E0006945,U02642,Signup,2024-03-16,0
E0006946,U02642,Onboarding,2024-03-17,1
E0006947,U02643,Install,2024-02-15,0
E0006948,U02643,Signup,2024-02-15,0
E0006949,U02644,Install,2024-06-09,0
E0006950,U02645,Install,2024-05-06,0
E0006951,U02645,Signup,2024-05-06,0
E0006952,U02645,Onboarding,2024-05-07,1
E0006953,U02646,Install,2024-02-05,0
E0006954,U02646,Signup,2024-02-05,0
E0006955,U02647,Install,2024-01-05,0
E0006956,U02647,Signup,2024-01-05,0
E0006957,U02647,Onboarding,2024-01-06,1
E0006958,U02648,Install,2024-04-08,0
E0006959,U02649,Install,2024-03-08,0
E0006960,U02650,Install,2024-02-20,0
E0006961,U02650,Signup,2024-02-20,0
E0006962,U02651,Install,2024-02-13,0
E0006963,U02651,Signup,2024-02-13,0
E0006964,U02652,Install,2024-04-28,0
E0006965,U02652,Signup,2024-04-28,0
E0006966,U02652,Onboarding,2024-04-29,1
E0006967,U02652,First_Action,2024-05-01,3
E0006968,U02653,Install,2024-06-03,0
E0006969,U02653,Signup,2024-06-03,0
E0006970,U02653,Onboarding,2024-06-04,1
E0006971,U02654,Install,2024-06-20,0
E0006972,U02655,Install,2024-02-18,0
E0006973,U02655,Signup,2024-02-18,0
E0006974,U02655,Onboarding,2024-02-19,1
E0006975,U02655,First_Action,2024-02-21,3
E0006976,U02655,Day1_Active,2024-02-22,4
E0006977,U02655,Day7_Active,2024-02-28,10
E0006978,U02656,Install,2024-01-13,0
E0006979,U02656,Signup,2024-01-13,0
E0006980,U02656,Onboarding,2024-01-14,1
E0006981,U02656,First_Action,2024-01-16,3
E0006982,U02656,Day1_Active,2024-01-17,4
E0006983,U02657,Install,2024-03-16,0
E0006984,U02657,Signup,2024-03-16,0
E0006985,U02658,Install,2024-03-01,0
E0006986,U02658,Signup,2024-03-01,0
E0006987,U02659,Install,2024-02-06,0
E0006988,U02660,Install,2024-01-20,0
E0006989,U02660,Signup,2024-01-20,0
E0006990,U02660,Onboarding,2024-01-21,1
E0006991,U02660,First_Action,2024-01-23,3
E0006992,U02660,Day1_Active,2024-01-24,4
E0006993,U02660,Day7_Active,2024-01-30,10
E0006994,U02661,Install,2024-05-17,0
E0006995,U02661,Signup,2024-05-17,0
E0006996,U02661,Onboarding,2024-05-18,1
E0006997,U02661,First_Action,2024-05-20,3
E0006998,U02661,Day1_Active,2024-05-21,4
E0006999,U02662,Install,2024-02-13,0
E0007000,U02663,Install,2024-04-22,0
E0007001,U02663,Signup,2024-04-22,0
E0007002,U02663,Onboarding,2024-04-23,1
E0007003,U02663,First_Action,2024-04-25,3
E0007004,U02663,Day1_Active,2024-04-26,4
E0007005,U02664,Install,2024-01-30,0
E0007006,U02664,Signup,2024-01-30,0
E0007007,U02664,Onboarding,2024-01-31,1
E0007008,U02665,Install,2024-02-28,0
E0007009,U02665,Signup,2024-02-28,0
E0007010,U02665,Onboarding,2024-02-29,1
E0007011,U02665,First_Action,2024-03-02,3
E0007012,U02666,Install,2024-05-19,0
E0007013,U02667,Install,2024-06-28,0
E0007014,U02667,Signup,2024-06-28,0
E0007015,U02667,Onboarding,2024-06-29,1
E0007016,U02667,First_Action,2024-07-01,3
E0007017,U02668,Install,2024-02-07,0
E0007018,U02668,Signup,2024-02-07,0
E0007019,U02668,Onboarding,2024-02-08,1
E0007020,U02668,First_Action,2024-02-10,3
E0007021,U02668,Day1_Active,2024-02-11,4
E0007022,U02668,Day7_Active,2024-02-17,10
E0007023,U02669,Install,2024-06-17,0
E0007024,U02669,Signup,2024-06-17,0
E0007025,U02669,Onboarding,2024-06-18,1
E0007026,U02669,First_Action,2024-06-20,3
E0007027,U02670,Install,2024-04-10,0
E0007028,U02670,Signup,2024-04-10,0
E0007029,U02670,Onboarding,2024-04-11,1
E0007030,U02670,First_Action,2024-04-13,3
E0007031,U02670,Day1_Active,2024-04-14,4
E0007032,U02670,Day7_Active,2024-04-20,10
E0007033,U02671,Install,2024-01-27,0
E0007034,U02672,Install,2024-02-14,0
E0007035,U02672,Signup,2024-02-14,0
E0007036,U02672,Onboarding,2024-02-15,1
E0007037,U02672,First_Action,2024-02-17,3
E0007038,U02672,Day1_Active,2024-02-18,4
E0007039,U02673,Install,2024-06-01,0
E0007040,U02674,Install,2024-06-08,0
E0007041,U02674,Signup,2024-06-08,0
E0007042,U02675,Install,2024-01-10,0
E0007043,U02675,Signup,2024-01-10,0
E0007044,U02675,Onboarding,2024-01-11,1
E0007045,U02676,Install,2024-05-18,0
E0007046,U02676,Signup,2024-05-18,0
E0007047,U02676,Onboarding,2024-05-19,1
E0007048,U02677,Install,2024-06-14,0
E0007049,U02677,Signup,2024-06-14,0
E0007050,U02677,Onboarding,2024-06-15,1
E0007051,U02678,Install,2024-06-10,0
E0007052,U02678,Signup,2024-06-10,0
E0007053,U02679,Install,2024-01-10,0
E0007054,U02680,Install,2024-04-12,0
E0007055,U02680,Signup,2024-04-12,0
E0007056,U02681,Install,2024-06-06,0
E0007057,U02681,Signup,2024-06-06,0
E0007058,U02681,Onboarding,2024-06-07,1
E0007059,U02682,Install,2024-06-18,0
E0007060,U02682,Signup,2024-06-18,0
E0007061,U02682,Onboarding,2024-06-19,1
E0007062,U02683,Install,2024-06-08,0
E0007063,U02684,Install,2024-02-03,0
E0007064,U02684,Signup,2024-02-03,0
E0007065,U02684,Onboarding,2024-02-04,1
E0007066,U02685,Install,2024-05-16,0
E0007067,U02685,Signup,2024-05-16,0
E0007068,U02685,Onboarding,2024-05-17,1
E0007069,U02685,First_Action,2024-05-19,3
E0007070,U02685,Day1_Active,2024-05-20,4
E0007071,U02686,Install,2024-03-01,0
E0007072,U02686,Signup,2024-03-01,0
E0007073,U02687,Install,2024-04-09,0
E0007074,U02688,Install,2024-02-01,0
E0007075,U02688,Signup,2024-02-01,0
E0007076,U02689,Install,2024-03-09,0
E0007077,U02689,Signup,2024-03-09,0
E0007078,U02689,Onboarding,2024-03-10,1
E0007079,U02690,Install,2024-03-31,0
E0007080,U02690,Signup,2024-03-31,0
E0007081,U02690,Onboarding,2024-04-01,1
E0007082,U02691,Install,2024-06-23,0
E0007083,U02691,Signup,2024-06-23,0
E0007084,U02691,Onboarding,2024-06-24,1
E0007085,U02692,Install,2024-02-19,0
E0007086,U02692,Signup,2024-02-19,0
E0007087,U02692,Onboarding,2024-02-20,1
E0007088,U02693,Install,2024-03-07,0
E0007089,U02693,Signup,2024-03-07,0
E0007090,U02694,Install,2024-05-03,0
E0007091,U02694,Signup,2024-05-03,0
E0007092,U02695,Install,2024-05-30,0
E0007093,U02695,Signup,2024-05-30,0
E0007094,U02695,Onboarding,2024-05-31,1
E0007095,U02696,Install,2024-01-27,0
E0007096,U02697,Install,2024-04-03,0
E0007097,U02698,Install,2024-05-23,0
E0007098,U02699,Install,2024-03-07,0
E0007099,U02699,Signup,2024-03-07,0
E0007100,U02699,Onboarding,2024-03-08,1
E0007101,U02699,First_Action,2024-03-10,3
E0007102,U02700,Install,2024-05-11,0
E0007103,U02700,Signup,2024-05-11,0
E0007104,U02700,Onboarding,2024-05-12,1
E0007105,U02701,Install,2024-02-12,0
E0007106,U02701,Signup,2024-02-12,0
E0007107,U02701,Onboarding,2024-02-13,1
E0007108,U02701,First_Action,2024-02-15,3
E0007109,U02701,Day1_Active,2024-02-16,4
E0007110,U02701,Day7_Active,2024-02-22,10
E0007111,U02702,Install,2024-01-10,0
E0007112,U02702,Signup,2024-01-10,0
E0007113,U02702,Onboarding,2024-01-11,1
E0007114,U02702,First_Action,2024-01-13,3
E0007115,U02703,Install,2024-01-28,0
E0007116,U02703,Signup,2024-01-28,0
E0007117,U02704,Install,2024-02-24,0
E0007118,U02704,Signup,2024-02-24,0
E0007119,U02704,Onboarding,2024-02-25,1
E0007120,U02704,First_Action,2024-02-27,3
E0007121,U02704,Day1_Active,2024-02-28,4
E0007122,U02705,Install,2024-04-19,0
E0007123,U02705,Signup,2024-04-19,0
E0007124,U02705,Onboarding,2024-04-20,1
E0007125,U02706,Install,2024-02-08,0
E0007126,U02707,Install,2024-01-10,0
E0007127,U02707,Signup,2024-01-10,0
E0007128,U02707,Onboarding,2024-01-11,1
E0007129,U02707,First_Action,2024-01-13,3
E0007130,U02707,Day1_Active,2024-01-14,4
E0007131,U02708,Install,2024-06-27,0
E0007132,U02708,Signup,2024-06-27,0
E0007133,U02708,Onboarding,2024-06-28,1
E0007134,U02708,First_Action,2024-06-30,3
E0007135,U02708,Day1_Active,2024-07-01,4
E0007136,U02708,Day7_Active,2024-07-07,10
E0007137,U02709,Install,2024-05-02,0
E0007138,U02709,Signup,2024-05-02,0
E0007139,U02709,Onboarding,2024-05-03,1
E0007140,U02709,First_Action,2024-05-05,3
E0007141,U02709,Day1_Active,2024-05-06,4
E0007142,U02709,Day7_Active,2024-05-12,10
E0007143,U02710,Install,2024-03-30,0
E0007144,U02710,Signup,2024-03-30,0
E0007145,U02710,Onboarding,2024-03-31,1
E0007146,U02711,Install,2024-04-19,0
E0007147,U02712,Install,2024-04-25,0
E0007148,U02712,Signup,2024-04-25,0
E0007149,U02712,Onboarding,2024-04-26,1
E0007150,U02712,First_Action,2024-04-28,3
E0007151,U02713,Install,2024-05-10,0
E0007152,U02713,Signup,2024-05-10,0
E0007153,U02713,Onboarding,2024-05-11,1
E0007154,U02713,First_Action,2024-05-13,3
E0007155,U02714,Install,2024-05-30,0
E0007156,U02714,Signup,2024-05-30,0
E0007157,U02715,Install,2024-03-14,0
E0007158,U02715,Signup,2024-03-14,0
E0007159,U02715,Onboarding,2024-03-15,1
E0007160,U02715,First_Action,2024-03-17,3
E0007161,U02715,Day1_Active,2024-03-18,4
E0007162,U02716,Install,2024-06-26,0
E0007163,U02716,Signup,2024-06-26,0
E0007164,U02716,Onboarding,2024-06-27,1
E0007165,U02716,First_Action,2024-06-29,3
E0007166,U02717,Install,2024-01-11,0
E0007167,U02717,Signup,2024-01-11,0
E0007168,U02718,Install,2024-01-19,0
E0007169,U02719,Install,2024-03-24,0
E0007170,U02719,Signup,2024-03-24,0
E0007171,U02719,Onboarding,2024-03-25,1
E0007172,U02719,First_Action,2024-03-27,3
E0007173,U02719,Day1_Active,2024-03-28,4
E0007174,U02720,Install,2024-02-22,0
E0007175,U02720,Signup,2024-02-22,0
E0007176,U02720,Onboarding,2024-02-23,1
E0007177,U02720,First_Action,2024-02-25,3
E0007178,U02721,Install,2024-03-13,0
E0007179,U02721,Signup,2024-03-13,0
E0007180,U02722,Install,2024-05-05,0
E0007181,U02723,Install,2024-06-12,0
E0007182,U02723,Signup,2024-06-12,0
E0007183,U02723,Onboarding,2024-06-13,1
E0007184,U02723,First_Action,2024-06-15,3
E0007185,U02723,Day1_Active,2024-06-16,4
E0007186,U02724,Install,2024-02-03,0
E0007187,U02725,Install,2024-02-23,0
E0007188,U02725,Signup,2024-02-23,0
E0007189,U02725,Onboarding,2024-02-24,1
E0007190,U02726,Install,2024-01-28,0
E0007191,U02726,Signup,2024-01-28,0
E0007192,U02726,Onboarding,2024-01-29,1
E0007193,U02727,Install,2024-06-14,0
E0007194,U02727,Signup,2024-06-14,0
E0007195,U02727,Onboarding,2024-06-15,1
E0007196,U02727,First_Action,2024-06-17,3
E0007197,U02728,Install,2024-01-24,0
E0007198,U02729,Install,2024-03-29,0
E0007199,U02729,Signup,2024-03-29,0
E0007200,U02729,Onboarding,2024-03-30,1
E0007201,U02730,Install,2024-04-26,0
E0007202,U02730,Signup,2024-04-26,0
E0007203,U02730,Onboarding,2024-04-27,1
E0007204,U02730,First_Action,2024-04-29,3
E0007205,U02730,Day1_Active,2024-04-30,4
E0007206,U02730,Day7_Active,2024-05-06,10
E0007207,U02731,Install,2024-04-02,0
E0007208,U02732,Install,2024-01-09,0
E0007209,U02732,Signup,2024-01-09,0
E0007210,U02732,Onboarding,2024-01-10,1
E0007211,U02732,First_Action,2024-01-12,3
E0007212,U02733,Install,2024-04-26,0
E0007213,U02733,Signup,2024-04-26,0
E0007214,U02734,Install,2024-02-16,0
E0007215,U02735,Install,2024-02-25,0
E0007216,U02735,Signup,2024-02-25,0
E0007217,U02736,Install,2024-02-17,0
E0007218,U02736,Signup,2024-02-17,0
E0007219,U02736,Onboarding,2024-02-18,1
E0007220,U02737,Install,2024-05-25,0
E0007221,U02738,Install,2024-04-19,0
E0007222,U02738,Signup,2024-04-19,0
E0007223,U02738,Onboarding,2024-04-20,1
E0007224,U02739,Install,2024-05-20,0
E0007225,U02740,Install,2024-05-27,0
E0007226,U02740,Signup,2024-05-27,0
E0007227,U02740,Onboarding,2024-05-28,1
E0007228,U02741,Install,2024-02-01,0
E0007229,U02741,Signup,2024-02-01,0
E0007230,U02741,Onboarding,2024-02-02,1
E0007231,U02742,Install,2024-04-10,0
E0007232,U02743,Install,2024-05-07,0
E0007233,U02743,Signup,2024-05-07,0
E0007234,U02743,Onboarding,2024-05-08,1
E0007235,U02744,Install,2024-05-29,0
E0007236,U02744,Signup,2024-05-29,0
E0007237,U02744,Onboarding,2024-05-30,1
E0007238,U02745,Install,2024-03-04,0
E0007239,U02745,Signup,2024-03-04,0
E0007240,U02746,Install,2024-02-24,0
E0007241,U02746,Signup,2024-02-24,0
E0007242,U02746,Onboarding,2024-02-25,1
E0007243,U02747,Install,2024-05-12,0
E0007244,U02747,Signup,2024-05-12,0
E0007245,U02748,Install,2024-04-03,0
E0007246,U02748,Signup,2024-04-03,0
E0007247,U02748,Onboarding,2024-04-04,1
E0007248,U02748,First_Action,2024-04-06,3
E0007249,U02749,Install,2024-01-12,0
E0007250,U02750,Install,2024-05-12,0
E0007251,U02750,Signup,2024-05-12,0
E0007252,U02750,Onboarding,2024-05-13,1
E0007253,U02751,Install,2024-06-29,0
E0007254,U02752,Install,2024-01-16,0
E0007255,U02752,Signup,2024-01-16,0
E0007256,U02753,Install,2024-01-05,0
E0007257,U02754,Install,2024-05-26,0
E0007258,U02754,Signup,2024-05-26,0
E0007259,U02754,Onboarding,2024-05-27,1
E0007260,U02755,Install,2024-05-26,0
E0007261,U02756,Install,2024-05-30,0
E0007262,U02756,Signup,2024-05-30,0
E0007263,U02757,Install,2024-05-10,0
E0007264,U02757,Signup,2024-05-10,0
E0007265,U02758,Install,2024-04-30,0
E0007266,U02758,Signup,2024-04-30,0
E0007267,U02758,Onboarding,2024-05-01,1
E0007268,U02758,First_Action,2024-05-03,3
E0007269,U02759,Install,2024-04-11,0
E0007270,U02759,Signup,2024-04-11,0
E0007271,U02760,Install,2024-06-24,0
E0007272,U02760,Signup,2024-06-24,0
E0007273,U02761,Install,2024-01-30,0
E0007274,U02761,Signup,2024-01-30,0
E0007275,U02762,Install,2024-02-03,0
E0007276,U02762,Signup,2024-02-03,0
E0007277,U02762,Onboarding,2024-02-04,1
E0007278,U02763,Install,2024-03-28,0
E0007279,U02764,Install,2024-06-08,0
E0007280,U02764,Signup,2024-06-08,0
E0007281,U02764,Onboarding,2024-06-09,1
E0007282,U02764,First_Action,2024-06-11,3
E0007283,U02764,Day1_Active,2024-06-12,4
E0007284,U02765,Install,2024-02-23,0
E0007285,U02766,Install,2024-05-13,0
E0007286,U02766,Signup,2024-05-13,0
E0007287,U02766,Onboarding,2024-05-14,1
E0007288,U02767,Install,2024-05-22,0
E0007289,U02767,Signup,2024-05-22,0
E0007290,U02767,Onboarding,2024-05-23,1
E0007291,U02768,Install,2024-06-19,0
E0007292,U02768,Signup,2024-06-19,0
E0007293,U02769,Install,2024-05-31,0
E0007294,U02769,Signup,2024-05-31,0
E0007295,U02770,Install,2024-01-17,0
E0007296,U02770,Signup,2024-01-17,0
E0007297,U02770,Onboarding,2024-01-18,1
E0007298,U02771,Install,2024-05-25,0
E0007299,U02771,Signup,2024-05-25,0
E0007300,U02771,Onboarding,2024-05-26,1
E0007301,U02771,First_Action,2024-05-28,3
E0007302,U02771,Day1_Active,2024-05-29,4
E0007303,U02771,Day7_Active,2024-06-04,10
E0007304,U02772,Install,2024-01-25,0
E0007305,U02772,Signup,2024-01-25,0
E0007306,U02772,Onboarding,2024-01-26,1
E0007307,U02773,Install,2024-05-20,0
E0007308,U02774,Install,2024-01-07,0
E0007309,U02774,Signup,2024-01-07,0
E0007310,U02775,Install,2024-05-03,0
E0007311,U02775,Signup,2024-05-03,0
E0007312,U02775,Onboarding,2024-05-04,1
E0007313,U02776,Install,2024-05-06,0
E0007314,U02776,Signup,2024-05-06,0
E0007315,U02776,Onboarding,2024-05-07,1
E0007316,U02777,Install,2024-01-22,0
E0007317,U02778,Install,2024-03-13,0
E0007318,U02778,Signup,2024-03-13,0
E0007319,U02779,Install,2024-02-10,0
E0007320,U02780,Install,2024-03-14,0
E0007321,U02780,Signup,2024-03-14,0
E0007322,U02780,Onboarding,2024-03-15,1
E0007323,U02780,First_Action,2024-03-17,3
E0007324,U02781,Install,2024-05-07,0
E0007325,U02781,Signup,2024-05-07,0
E0007326,U02781,Onboarding,2024-05-08,1
E0007327,U02782,Install,2024-06-08,0
E0007328,U02782,Signup,2024-06-08,0
E0007329,U02783,Install,2024-04-18,0
E0007330,U02783,Signup,2024-04-18,0
E0007331,U02784,Install,2024-03-05,0
E0007332,U02784,Signup,2024-03-05,0
E0007333,U02785,Install,2024-05-11,0
E0007334,U02785,Signup,2024-05-11,0
E0007335,U02785,Onboarding,2024-05-12,1
E0007336,U02785,First_Action,2024-05-14,3
E0007337,U02786,Install,2024-02-28,0
E0007338,U02786,Signup,2024-02-28,0
E0007339,U02787,Install,2024-05-12,0
E0007340,U02787,Signup,2024-05-12,0
E0007341,U02787,Onboarding,2024-05-13,1
E0007342,U02787,First_Action,2024-05-15,3
E0007343,U02788,Install,2024-01-28,0
E0007344,U02788,Signup,2024-01-28,0
E0007345,U02789,Install,2024-04-28,0
E0007346,U02789,Signup,2024-04-28,0
E0007347,U02789,Onboarding,2024-04-29,1
E0007348,U02789,First_Action,2024-05-01,3
E0007349,U02789,Day1_Active,2024-05-02,4
E0007350,U02790,Install,2024-02-28,0
E0007351,U02790,Signup,2024-02-28,0
E0007352,U02790,Onboarding,2024-02-29,1
E0007353,U02791,Install,2024-03-11,0
E0007354,U02792,Install,2024-01-05,0
E0007355,U02792,Signup,2024-01-05,0
E0007356,U02793,Install,2024-04-19,0
E0007357,U02794,Install,2024-03-26,0
E0007358,U02794,Signup,2024-03-26,0
E0007359,U02794,Onboarding,2024-03-27,1
E0007360,U02794,First_Action,2024-03-29,3
E0007361,U02795,Install,2024-04-22,0
E0007362,U02795,Signup,2024-04-22,0
E0007363,U02796,Install,2024-03-31,0
E0007364,U02796,Signup,2024-03-31,0
E0007365,U02796,Onboarding,2024-04-01,1
E0007366,U02796,First_Action,2024-04-03,3
E0007367,U02797,Install,2024-01-09,0
E0007368,U02797,Signup,2024-01-09,0
E0007369,U02798,Install,2024-06-09,0
E0007370,U02798,Signup,2024-06-09,0
E0007371,U02799,Install,2024-06-19,0
E0007372,U02799,Signup,2024-06-19,0
E0007373,U02800,Install,2024-03-01,0
E0007374,U02800,Signup,2024-03-01,0
E0007375,U02801,Install,2024-06-30,0
E0007376,U02801,Signup,2024-06-30,0
E0007377,U02801,Onboarding,2024-07-01,1
E0007378,U02802,Install,2024-01-17,0
E0007379,U02802,Signup,2024-01-17,0
E0007380,U02803,Install,2024-05-30,0
E0007381,U02804,Install,2024-06-04,0
E0007382,U02804,Signup,2024-06-04,0
E0007383,U02804,Onboarding,2024-06-05,1
E0007384,U02804,First_Action,2024-06-07,3
E0007385,U02804,Day1_Active,2024-06-08,4
E0007386,U02805,Install,2024-04-22,0
E0007387,U02805,Signup,2024-04-22,0
E0007388,U02805,Onboarding,2024-04-23,1
E0007389,U02806,Install,2024-04-15,0
E0007390,U02806,Signup,2024-04-15,0
E0007391,U02807,Install,2024-05-04,0
E0007392,U02807,Signup,2024-05-04,0
E0007393,U02808,Install,2024-02-16,0
E0007394,U02809,Install,2024-05-25,0
E0007395,U02810,Install,2024-03-08,0
E0007396,U02810,Signup,2024-03-08,0
E0007397,U02810,Onboarding,2024-03-09,1
E0007398,U02811,Install,2024-04-29,0
E0007399,U02812,Install,2024-04-15,0
E0007400,U02813,Install,2024-06-09,0
E0007401,U02813,Signup,2024-06-09,0
E0007402,U02814,Install,2024-01-22,0
E0007403,U02814,Signup,2024-01-22,0
E0007404,U02815,Install,2024-05-29,0
E0007405,U02816,Install,2024-05-17,0
E0007406,U02817,Install,2024-01-19,0
E0007407,U02818,Install,2024-01-31,0
E0007408,U02819,Install,2024-05-26,0
E0007409,U02819,Signup,2024-05-26,0
E0007410,U02820,Install,2024-01-16,0
E0007411,U02820,Signup,2024-01-16,0
E0007412,U02821,Install,2024-01-24,0
E0007413,U02821,Signup,2024-01-24,0
E0007414,U02821,Onboarding,2024-01-25,1
E0007415,U02822,Install,2024-04-13,0
E0007416,U02823,Install,2024-06-21,0
E0007417,U02823,Signup,2024-06-21,0
E0007418,U02823,Onboarding,2024-06-22,1
E0007419,U02823,First_Action,2024-06-24,3
E0007420,U02824,Install,2024-05-09,0
E0007421,U02825,Install,2024-05-02,0
E0007422,U02825,Signup,2024-05-02,0
E0007423,U02825,Onboarding,2024-05-03,1
E0007424,U02825,First_Action,2024-05-05,3
E0007425,U02826,Install,2024-03-07,0
E0007426,U02826,Signup,2024-03-07,0
E0007427,U02827,Install,2024-05-06,0
E0007428,U02827,Signup,2024-05-06,0
E0007429,U02828,Install,2024-06-25,0
E0007430,U02828,Signup,2024-06-25,0
E0007431,U02828,Onboarding,2024-06-26,1
E0007432,U02829,Install,2024-04-27,0
E0007433,U02829,Signup,2024-04-27,0
E0007434,U02829,Onboarding,2024-04-28,1
E0007435,U02830,Install,2024-06-12,0
E0007436,U02830,Signup,2024-06-12,0
E0007437,U02830,Onboarding,2024-06-13,1
E0007438,U02831,Install,2024-04-06,0
E0007439,U02831,Signup,2024-04-06,0
E0007440,U02831,Onboarding,2024-04-07,1
E0007441,U02832,Install,2024-04-25,0
E0007442,U02832,Signup,2024-04-25,0
E0007443,U02832,Onboarding,2024-04-26,1
E0007444,U02833,Install,2024-04-08,0
E0007445,U02833,Signup,2024-04-08,0
E0007446,U02834,Install,2024-04-14,0
E0007447,U02835,Install,2024-02-26,0
E0007448,U02835,Signup,2024-02-26,0
E0007449,U02836,Install,2024-04-21,0
E0007450,U02836,Signup,2024-04-21,0
E0007451,U02836,Onboarding,2024-04-22,1
E0007452,U02837,Install,2024-04-23,0
E0007453,U02837,Signup,2024-04-23,0
E0007454,U02837,Onboarding,2024-04-24,1
E0007455,U02837,First_Action,2024-04-26,3
E0007456,U02838,Install,2024-01-19,0
E0007457,U02838,Signup,2024-01-19,0
E0007458,U02839,Install,2024-04-01,0
E0007459,U02839,Signup,2024-04-01,0
E0007460,U02840,Install,2024-02-22,0
E0007461,U02840,Signup,2024-02-22,0
E0007462,U02840,Onboarding,2024-02-23,1
E0007463,U02840,First_Action,2024-02-25,3
E0007464,U02840,Day1_Active,2024-02-26,4
E0007465,U02841,Install,2024-03-28,0
E0007466,U02841,Signup,2024-03-28,0
E0007467,U02841,Onboarding,2024-03-29,1
E0007468,U02841,First_Action,2024-03-31,3
E0007469,U02841,Day1_Active,2024-04-01,4
E0007470,U02842,Install,2024-04-12,0
E0007471,U02843,Install,2024-03-12,0
E0007472,U02843,Signup,2024-03-12,0
E0007473,U02843,Onboarding,2024-03-13,1
E0007474,U02843,First_Action,2024-03-15,3
E0007475,U02843,Day1_Active,2024-03-16,4
E0007476,U02843,Day7_Active,2024-03-22,10
E0007477,U02844,Install,2024-06-15,0
E0007478,U02844,Signup,2024-06-15,0
E0007479,U02845,Install,2024-04-12,0
E0007480,U02845,Signup,2024-04-12,0
E0007481,U02845,Onboarding,2024-04-13,1
E0007482,U02845,First_Action,2024-04-15,3
E0007483,U02845,Day1_Active,2024-04-16,4
E0007484,U02846,Install,2024-01-17,0
E0007485,U02846,Signup,2024-01-17,0
E0007486,U02846,Onboarding,2024-01-18,1
E0007487,U02847,Install,2024-06-10,0
E0007488,U02847,Signup,2024-06-10,0
E0007489,U02847,Onboarding,2024-06-11,1
E0007490,U02848,Install,2024-05-21,0
E0007491,U02848,Signup,2024-05-21,0
E0007492,U02848,Onboarding,2024-05-22,1
E0007493,U02849,Install,2024-01-27,0
E0007494,U02849,Signup,2024-01-27,0
E0007495,U02849,Onboarding,2024-01-28,1
E0007496,U02850,Install,2024-03-08,0
E0007497,U02850,Signup,2024-03-08,0
E0007498,U02851,Install,2024-05-28,0
E0007499,U02852,Install,2024-03-20,0
E0007500,U02852,Signup,2024-03-20,0
E0007501,U02853,Install,2024-06-17,0
E0007502,U02853,Signup,2024-06-17,0
E0007503,U02853,Onboarding,2024-06-18,1
E0007504,U02853,First_Action,2024-06-20,3
E0007505,U02854,Install,2024-06-24,0
E0007506,U02855,Install,2024-01-12,0
E0007507,U02855,Signup,2024-01-12,0
E0007508,U02855,Onboarding,2024-01-13,1
E0007509,U02855,First_Action,2024-01-15,3
E0007510,U02856,Install,2024-06-01,0
E0007511,U02857,Install,2024-04-15,0
E0007512,U02858,Install,2024-06-02,0
E0007513,U02858,Signup,2024-06-02,0
E0007514,U02858,Onboarding,2024-06-03,1
E0007515,U02858,First_Action,2024-06-05,3
E0007516,U02859,Install,2024-03-18,0
E0007517,U02859,Signup,2024-03-18,0
E0007518,U02859,Onboarding,2024-03-19,1
E0007519,U02859,First_Action,2024-03-21,3
E0007520,U02860,Install,2024-04-06,0
E0007521,U02860,Signup,2024-04-06,0
E0007522,U02861,Install,2024-06-06,0
E0007523,U02861,Signup,2024-06-06,0
E0007524,U02862,Install,2024-01-04,0
E0007525,U02862,Signup,2024-01-04,0
E0007526,U02862,Onboarding,2024-01-05,1
E0007527,U02862,First_Action,2024-01-07,3
E0007528,U02862,Day1_Active,2024-01-08,4
E0007529,U02862,Day7_Active,2024-01-14,10
E0007530,U02863,Install,2024-04-23,0
E0007531,U02864,Install,2024-03-22,0
E0007532,U02865,Install,2024-03-03,0
E0007533,U02866,Install,2024-06-11,0
E0007534,U02866,Signup,2024-06-11,0
E0007535,U02867,Install,2024-03-26,0
E0007536,U02867,Signup,2024-03-26,0
E0007537,U02868,Install,2024-04-18,0
E0007538,U02868,Signup,2024-04-18,0
E0007539,U02869,Install,2024-04-25,0
E0007540,U02869,Signup,2024-04-25,0
E0007541,U02869,Onboarding,2024-04-26,1
E0007542,U02869,First_Action,2024-04-28,3
E0007543,U02869,Day1_Active,2024-04-29,4
E0007544,U02870,Install,2024-03-21,0
E0007545,U02870,Signup,2024-03-21,0
E0007546,U02871,Install,2024-01-26,0
E0007547,U02872,Install,2024-05-12,0
E0007548,U02873,Install,2024-01-28,0
E0007549,U02873,Signup,2024-01-28,0
E0007550,U02873,Onboarding,2024-01-29,1
E0007551,U02873,First_Action,2024-01-31,3
E0007552,U02873,Day1_Active,2024-02-01,4
E0007553,U02874,Install,2024-02-02,0
E0007554,U02874,Signup,2024-02-02,0
E0007555,U02874,Onboarding,2024-02-03,1
E0007556,U02874,First_Action,2024-02-05,3
E0007557,U02875,Install,2024-01-04,0
E0007558,U02875,Signup,2024-01-04,0
E0007559,U02876,Install,2024-02-12,0
E0007560,U02876,Signup,2024-02-12,0
E0007561,U02877,Install,2024-02-22,0
E0007562,U02877,Signup,2024-02-22,0
E0007563,U02878,Install,2024-03-29,0
E0007564,U02878,Signup,2024-03-29,0
E0007565,U02878,Onboarding,2024-03-30,1
E0007566,U02878,First_Action,2024-04-01,3
E0007567,U02879,Install,2024-03-30,0
E0007568,U02879,Signup,2024-03-30,0
E0007569,U02879,Onboarding,2024-03-31,1
E0007570,U02879,First_Action,2024-04-02,3
E0007571,U02880,Install,2024-03-20,0
E0007572,U02880,Signup,2024-03-20,0
E0007573,U02881,Install,2024-03-05,0
E0007574,U02882,Install,2024-04-19,0
E0007575,U02882,Signup,2024-04-19,0
E0007576,U02882,Onboarding,2024-04-20,1
E0007577,U02882,First_Action,2024-04-22,3
E0007578,U02883,Install,2024-02-20,0
E0007579,U02883,Signup,2024-02-20,0
E0007580,U02883,Onboarding,2024-02-21,1
E0007581,U02884,Install,2024-04-24,0
E0007582,U02884,Signup,2024-04-24,0
E0007583,U02884,Onboarding,2024-04-25,1
E0007584,U02884,First_Action,2024-04-27,3
E0007585,U02885,Install,2024-06-07,0
E0007586,U02885,Signup,2024-06-07,0
E0007587,U02885,Onboarding,2024-06-08,1
E0007588,U02885,First_Action,2024-06-10,3
E0007589,U02886,Install,2024-02-22,0
E0007590,U02886,Signup,2024-02-22,0
E0007591,U02886,Onboarding,2024-02-23,1
E0007592,U02887,Install,2024-01-08,0
E0007593,U02887,Signup,2024-01-08,0
E0007594,U02887,Onboarding,2024-01-09,1
E0007595,U02888,Install,2024-05-01,0
E0007596,U02888,Signup,2024-05-01,0
E0007597,U02889,Install,2024-04-09,0
E0007598,U02889,Signup,2024-04-09,0
E0007599,U02889,Onboarding,2024-04-10,1
E0007600,U02889,First_Action,2024-04-12,3
E0007601,U02890,Install,2024-04-08,0
E0007602,U02890,Signup,2024-04-08,0
E0007603,U02890,Onboarding,2024-04-09,1
E0007604,U02891,Install,2024-02-07,0
E0007605,U02891,Signup,2024-02-07,0
E0007606,U02892,Install,2024-01-10,0
E0007607,U02892,Signup,2024-01-10,0
E0007608,U02892,Onboarding,2024-01-11,1
E0007609,U02892,First_Action,2024-01-13,3
E0007610,U02893,Install,2024-04-11,0
E0007611,U02893,Signup,2024-04-11,0
E0007612,U02893,Onboarding,2024-04-12,1
E0007613,U02893,First_Action,2024-04-14,3
E0007614,U02893,Day1_Active,2024-04-15,4
E0007615,U02894,Install,2024-02-14,0
E0007616,U02894,Signup,2024-02-14,0
E0007617,U02895,Install,2024-01-14,0
E0007618,U02895,Signup,2024-01-14,0
E0007619,U02895,Onboarding,2024-01-15,1
E0007620,U02896,Install,2024-06-03,0
E0007621,U02897,Install,2024-06-15,0
E0007622,U02898,Install,2024-02-07,0
E0007623,U02898,Signup,2024-02-07,0
E0007624,U02899,Install,2024-04-08,0
E0007625,U02899,Signup,2024-04-08,0
E0007626,U02899,Onboarding,2024-04-09,1
E0007627,U02899,First_Action,2024-04-11,3
E0007628,U02900,Install,2024-02-09,0
E0007629,U02900,Signup,2024-02-09,0
E0007630,U02901,Install,2024-05-03,0
E0007631,U02901,Signup,2024-05-03,0
E0007632,U02902,Install,2024-02-05,0
E0007633,U02902,Signup,2024-02-05,0
E0007634,U02902,Onboarding,2024-02-06,1
E0007635,U02903,Install,2024-05-18,0
E0007636,U02903,Signup,2024-05-18,0
E0007637,U02903,Onboarding,2024-05-19,1
E0007638,U02903,First_Action,2024-05-21,3
E0007639,U02903,Day1_Active,2024-05-22,4
E0007640,U02903,Day7_Active,2024-05-28,10
E0007641,U02904,Install,2024-05-22,0
E0007642,U02905,Install,2024-01-27,0
E0007643,U02905,Signup,2024-01-27,0
E0007644,U02906,Install,2024-02-10,0
E0007645,U02906,Signup,2024-02-10,0
E0007646,U02906,Onboarding,2024-02-11,1
E0007647,U02907,Install,2024-01-13,0
E0007648,U02908,Install,2024-01-30,0
E0007649,U02908,Signup,2024-01-30,0
E0007650,U02909,Install,2024-04-08,0
E0007651,U02910,Install,2024-06-01,0
E0007652,U02910,Signup,2024-06-01,0
E0007653,U02910,Onboarding,2024-06-02,1
E0007654,U02910,First_Action,2024-06-04,3
E0007655,U02910,Day1_Active,2024-06-05,4
E0007656,U02910,Day7_Active,2024-06-11,10
E0007657,U02911,Install,2024-01-03,0
E0007658,U02911,Signup,2024-01-03,0
E0007659,U02912,Install,2024-01-16,0
E0007660,U02913,Install,2024-06-13,0
E0007661,U02913,Signup,2024-06-13,0
E0007662,U02913,Onboarding,2024-06-14,1
E0007663,U02914,Install,2024-05-20,0
E0007664,U02914,Signup,2024-05-20,0
E0007665,U02914,Onboarding,2024-05-21,1
E0007666,U02915,Install,2024-06-22,0
E0007667,U02915,Signup,2024-06-22,0
E0007668,U02915,Onboarding,2024-06-23,1
E0007669,U02916,Install,2024-04-13,0
E0007670,U02917,Install,2024-05-30,0
E0007671,U02917,Signup,2024-05-30,0
E0007672,U02917,Onboarding,2024-05-31,1
E0007673,U02917,First_Action,2024-06-02,3
E0007674,U02917,Day1_Active,2024-06-03,4
E0007675,U02918,Install,2024-04-20,0
E0007676,U02918,Signup,2024-04-20,0
E0007677,U02919,Install,2024-06-14,0
E0007678,U02919,Signup,2024-06-14,0
E0007679,U02920,Install,2024-02-27,0
E0007680,U02920,Signup,2024-02-27,0
E0007681,U02921,Install,2024-05-31,0
E0007682,U02921,Signup,2024-05-31,0
E0007683,U02922,Install,2024-05-23,0
E0007684,U02922,Signup,2024-05-23,0
E0007685,U02922,Onboarding,2024-05-24,1
E0007686,U02922,First_Action,2024-05-26,3
E0007687,U02923,Install,2024-05-16,0
E0007688,U02923,Signup,2024-05-16,0
E0007689,U02923,Onboarding,2024-05-17,1
E0007690,U02923,First_Action,2024-05-19,3
E0007691,U02923,Day1_Active,2024-05-20,4
E0007692,U02923,Day7_Active,2024-05-26,10
E0007693,U02924,Install,2024-01-04,0
E0007694,U02924,Signup,2024-01-04,0
E0007695,U02924,Onboarding,2024-01-05,1
E0007696,U02924,First_Action,2024-01-07,3
E0007697,U02924,Day1_Active,2024-01-08,4
E0007698,U02925,Install,2024-01-31,0
E0007699,U02925,Signup,2024-01-31,0
E0007700,U02925,Onboarding,2024-02-01,1
E0007701,U02925,First_Action,2024-02-03,3
E0007702,U02926,Install,2024-04-03,0
E0007703,U02926,Signup,2024-04-03,0
E0007704,U02927,Install,2024-05-25,0
E0007705,U02927,Signup,2024-05-25,0
E0007706,U02927,Onboarding,2024-05-26,1
E0007707,U02928,Install,2024-01-23,0
E0007708,U02928,Signup,2024-01-23,0
E0007709,U02928,Onboarding,2024-01-24,1
E0007710,U02928,First_Action,2024-01-26,3
E0007711,U02928,Day1_Active,2024-01-27,4
E0007712,U02929,Install,2024-06-10,0
E0007713,U02929,Signup,2024-06-10,0
E0007714,U02929,Onboarding,2024-06-11,1
E0007715,U02930,Install,2024-01-21,0
E0007716,U02930,Signup,2024-01-21,0
E0007717,U02930,Onboarding,2024-01-22,1
E0007718,U02931,Install,2024-02-05,0
E0007719,U02932,Install,2024-01-31,0
E0007720,U02932,Signup,2024-01-31,0
E0007721,U02933,Install,2024-03-16,0
E0007722,U02933,Signup,2024-03-16,0
E0007723,U02933,Onboarding,2024-03-17,1
E0007724,U02934,Install,2024-06-14,0
E0007725,U02934,Signup,2024-06-14,0
E0007726,U02934,Onboarding,2024-06-15,1
E0007727,U02935,Install,2024-04-21,0
E0007728,U02935,Signup,2024-04-21,0
E0007729,U02936,Install,2024-01-20,0
E0007730,U02936,Signup,2024-01-20,0
E0007731,U02936,Onboarding,2024-01-21,1
E0007732,U02936,First_Action,2024-01-23,3
E0007733,U02937,Install,2024-04-03,0
E0007734,U02937,Signup,2024-04-03,0
E0007735,U02937,Onboarding,2024-04-04,1
E0007736,U02938,Install,2024-05-04,0
E0007737,U02938,Signup,2024-05-04,0
E0007738,U02938,Onboarding,2024-05-05,1
E0007739,U02939,Install,2024-05-27,0
E0007740,U02940,Install,2024-01-05,0
E0007741,U02940,Signup,2024-01-05,0
E0007742,U02941,Install,2024-03-28,0
E0007743,U02942,Install,2024-04-30,0
E0007744,U02942,Signup,2024-04-30,0
E0007745,U02942,Onboarding,2024-05-01,1
E0007746,U02942,First_Action,2024-05-03,3
E0007747,U02943,Install,2024-03-12,0
E0007748,U02943,Signup,2024-03-12,0
E0007749,U02944,Install,2024-02-16,0
E0007750,U02944,Signup,2024-02-16,0
E0007751,U02945,Install,2024-01-19,0
E0007752,U02946,Install,2024-05-03,0
E0007753,U02946,Signup,2024-05-03,0
E0007754,U02946,Onboarding,2024-05-04,1
E0007755,U02946,First_Action,2024-05-06,3
E0007756,U02946,Day1_Active,2024-05-07,4
E0007757,U02946,Day7_Active,2024-05-13,10
E0007758,U02947,Install,2024-01-16,0
E0007759,U02947,Signup,2024-01-16,0
E0007760,U02948,Install,2024-01-28,0
E0007761,U02949,Install,2024-01-12,0
E0007762,U02949,Signup,2024-01-12,0
E0007763,U02949,Onboarding,2024-01-13,1
E0007764,U02950,Install,2024-05-25,0
E0007765,U02950,Signup,2024-05-25,0
E0007766,U02950,Onboarding,2024-05-26,1
E0007767,U02950,First_Action,2024-05-28,3
E0007768,U02951,Install,2024-06-23,0
E0007769,U02951,Signup,2024-06-23,0
E0007770,U02951,Onboarding,2024-06-24,1
E0007771,U02952,Install,2024-01-23,0
E0007772,U02953,Install,2024-02-28,0
E0007773,U02953,Signup,2024-02-28,0
E0007774,U02953,Onboarding,2024-02-29,1
E0007775,U02953,First_Action,2024-03-02,3
E0007776,U02953,Day1_Active,2024-03-03,4
E0007777,U02953,Day7_Active,2024-03-09,10
E0007778,U02954,Install,2024-05-26,0
E0007779,U02954,Signup,2024-05-26,0
E0007780,U02955,Install,2024-04-30,0
E0007781,U02955,Signup,2024-04-30,0
E0007782,U02956,Install,2024-05-11,0
E0007783,U02957,Install,2024-02-24,0
E0007784,U02957,Signup,2024-02-24,0
E0007785,U02957,Onboarding,2024-02-25,1
E0007786,U02958,Install,2024-03-31,0
E0007787,U02958,Signup,2024-03-31,0
E0007788,U02958,Onboarding,2024-04-01,1
E0007789,U02958,First_Action,2024-04-03,3
E0007790,U02959,Install,2024-03-16,0
E0007791,U02959,Signup,2024-03-16,0
E0007792,U02959,Onboarding,2024-03-17,1
E0007793,U02960,Install,2024-03-02,0
E0007794,U02960,Signup,2024-03-02,0
E0007795,U02960,Onboarding,2024-03-03,1
E0007796,U02961,Install,2024-05-19,0
E0007797,U02962,Install,2024-03-05,0
E0007798,U02963,Install,2024-03-22,0
E0007799,U02963,Signup,2024-03-22,0
E0007800,U02963,Onboarding,2024-03-23,1
E0007801,U02964,Install,2024-03-17,0
E0007802,U02964,Signup,2024-03-17,0
E0007803,U02965,Install,2024-04-23,0
E0007804,U02965,Signup,2024-04-23,0
E0007805,U02965,Onboarding,2024-04-24,1
E0007806,U02966,Install,2024-01-21,0
E0007807,U02966,Signup,2024-01-21,0
E0007808,U02966,Onboarding,2024-01-22,1
E0007809,U02966,First_Action,2024-01-24,3
E0007810,U02967,Install,2024-06-01,0
E0007811,U02968,Install,2024-06-10,0
E0007812,U02968,Signup,2024-06-10,0
E0007813,U02968,Onboarding,2024-06-11,1
E0007814,U02968,First_Action,2024-06-13,3
E0007815,U02969,Install,2024-01-26,0
E0007816,U02969,Signup,2024-01-26,0
E0007817,U02969,Onboarding,2024-01-27,1
E0007818,U02969,First_Action,2024-01-29,3
E0007819,U02970,Install,2024-06-02,0
E0007820,U02970,Signup,2024-06-02,0
E0007821,U02970,Onboarding,2024-06-03,1
E0007822,U02970,First_Action,2024-06-05,3
E0007823,U02971,Install,2024-06-23,0
E0007824,U02971,Signup,2024-06-23,0
E0007825,U02972,Install,2024-06-07,0
E0007826,U02973,Install,2024-01-22,0
E0007827,U02973,Signup,2024-01-22,0
E0007828,U02973,Onboarding,2024-01-23,1
E0007829,U02974,Install,2024-03-21,0
E0007830,U02975,Install,2024-04-16,0
E0007831,U02975,Signup,2024-04-16,0
E0007832,U02976,Install,2024-02-16,0
E0007833,U02976,Signup,2024-02-16,0
E0007834,U02977,Install,2024-04-22,0
E0007835,U02977,Signup,2024-04-22,0
E0007836,U02978,Install,2024-05-06,0
E0007837,U02979,Install,2024-01-13,0
E0007838,U02980,Install,2024-02-29,0
E0007839,U02980,Signup,2024-02-29,0
E0007840,U02981,Install,2024-06-22,0
E0007841,U02981,Signup,2024-06-22,0
E0007842,U02982,Install,2024-05-28,0
E0007843,U02982,Signup,2024-05-28,0
E0007844,U02982,Onboarding,2024-05-29,1
E0007845,U02982,First_Action,2024-05-31,3
E0007846,U02983,Install,2024-01-12,0
E0007847,U02983,Signup,2024-01-12,0
E0007848,U02984,Install,2024-06-09,0
E0007849,U02984,Signup,2024-06-09,0
E0007850,U02984,Onboarding,2024-06-10,1
E0007851,U02984,First_Action,2024-06-12,3
E0007852,U02984,Day1_Active,2024-06-13,4
E0007853,U02984,Day7_Active,2024-06-19,10
E0007854,U02985,Install,2024-06-06,0
E0007855,U02985,Signup,2024-06-06,0
E0007856,U02985,Onboarding,2024-06-07,1
E0007857,U02986,Install,2024-04-05,0
E0007858,U02986,Signup,2024-04-05,0
E0007859,U02986,Onboarding,2024-04-06,1
E0007860,U02986,First_Action,2024-04-08,3
E0007861,U02986,Day1_Active,2024-04-09,4
E0007862,U02986,Day7_Active,2024-04-15,10
E0007863,U02987,Install,2024-04-14,0
E0007864,U02988,Install,2024-04-19,0
E0007865,U02989,Install,2024-04-22,0
E0007866,U02989,Signup,2024-04-22,0
E0007867,U02990,Install,2024-03-09,0
E0007868,U02990,Signup,2024-03-09,0
E0007869,U02991,Install,2024-03-14,0
E0007870,U02992,Install,2024-04-10,0
E0007871,U02993,Install,2024-02-25,0
E0007872,U02993,Signup,2024-02-25,0
E0007873,U02994,Install,2024-03-21,0
E0007874,U02994,Signup,2024-03-21,0
E0007875,U02995,Install,2024-02-17,0
E0007876,U02996,Install,2024-02-26,0
E0007877,U02996,Signup,2024-02-26,0
E0007878,U02997,Install,2024-01-09,0
E0007879,U02997,Signup,2024-01-09,0
E0007880,U02997,Onboarding,2024-01-10,1
E0007881,U02998,Install,2024-03-03,0
E0007882,U02998,Signup,2024-03-03,0
E0007883,U02999,Install,2024-03-03,0
E0007884,U02999,Signup,2024-03-03,0
E0007885,U02999,Onboarding,2024-03-04,1
E0007886,U02999,First_Action,2024-03-06,3
E0007887,U02999,Day1_Active,2024-03-07,4
E0007888,U03000,Install,2024-02-04,0
E0007889,U03000,Signup,2024-02-04,0
E0007890,U03000,Onboarding,2024-02-05,1
E0007891,U03001,Install,2024-04-26,0
E0007892,U03001,Signup,2024-04-26,0
E0007893,U03001,Onboarding,2024-04-27,1
E0007894,U03002,Install,2024-03-23,0
E0007895,U03002,Signup,2024-03-23,0
E0007896,U03003,Install,2024-04-18,0
E0007897,U03003,Signup,2024-04-18,0
E0007898,U03003,Onboarding,2024-04-19,1
E0007899,U03004,Install,2024-02-15,0
E0007900,U03005,Install,2024-01-20,0
E0007901,U03005,Signup,2024-01-20,0
E0007902,U03005,Onboarding,2024-01-21,1
E0007903,U03006,Install,2024-04-23,0
E0007904,U03007,Install,2024-01-02,0
E0007905,U03007,Signup,2024-01-02,0
E0007906,U03007,Onboarding,2024-01-03,1
E0007907,U03007,First_Action,2024-01-05,3
E0007908,U03008,Install,2024-06-18,0
E0007909,U03008,Signup,2024-06-18,0
E0007910,U03009,Install,2024-05-05,0
E0007911,U03009,Signup,2024-05-05,0
E0007912,U03009,Onboarding,2024-05-06,1
E0007913,U03009,First_Action,2024-05-08,3
E0007914,U03009,Day1_Active,2024-05-09,4
E0007915,U03009,Day7_Active,2024-05-15,10
E0007916,U03010,Install,2024-05-08,0
E0007917,U03010,Signup,2024-05-08,0
E0007918,U03011,Install,2024-03-21,0
E0007919,U03011,Signup,2024-03-21,0
E0007920,U03011,Onboarding,2024-03-22,1
E0007921,U03011,First_Action,2024-03-24,3
E0007922,U03012,Install,2024-04-07,0
E0007923,U03012,Signup,2024-04-07,0
E0007924,U03012,Onboarding,2024-04-08,1
E0007925,U03013,Install,2024-03-01,0
E0007926,U03013,Signup,2024-03-01,0
E0007927,U03013,Onboarding,2024-03-02,1
E0007928,U03014,Install,2024-04-06,0
E0007929,U03014,Signup,2024-04-06,0
E0007930,U03014,Onboarding,2024-04-07,1
E0007931,U03015,Install,2024-05-10,0
E0007932,U03015,Signup,2024-05-10,0
E0007933,U03016,Install,2024-05-11,0
E0007934,U03017,Install,2024-02-24,0
E0007935,U03017,Signup,2024-02-24,0
E0007936,U03018,Install,2024-06-18,0
E0007937,U03019,Install,2024-06-16,0
E0007938,U03019,Signup,2024-06-16,0
E0007939,U03019,Onboarding,2024-06-17,1
E0007940,U03019,First_Action,2024-06-19,3
E0007941,U03020,Install,2024-04-17,0
E0007942,U03021,Install,2024-06-21,0
E0007943,U03021,Signup,2024-06-21,0
E0007944,U03022,Install,2024-01-13,0
E0007945,U03022,Signup,2024-01-13,0
E0007946,U03023,Install,2024-04-22,0
E0007947,U03023,Signup,2024-04-22,0
E0007948,U03023,Onboarding,2024-04-23,1
E0007949,U03024,Install,2024-02-19,0
E0007950,U03025,Install,2024-01-13,0
E0007951,U03026,Install,2024-06-01,0
E0007952,U03027,Install,2024-01-25,0
E0007953,U03027,Signup,2024-01-25,0
E0007954,U03027,Onboarding,2024-01-26,1
E0007955,U03027,First_Action,2024-01-28,3
E0007956,U03027,Day1_Active,2024-01-29,4
E0007957,U03027,Day7_Active,2024-02-04,10
E0007958,U03028,Install,2024-06-02,0
E0007959,U03029,Install,2024-03-17,0
E0007960,U03029,Signup,2024-03-17,0
E0007961,U03030,Install,2024-05-15,0
E0007962,U03030,Signup,2024-05-15,0
E0007963,U03030,Onboarding,2024-05-16,1
E0007964,U03031,Install,2024-05-18,0
E0007965,U03031,Signup,2024-05-18,0
E0007966,U03032,Install,2024-02-21,0
E0007967,U03032,Signup,2024-02-21,0
E0007968,U03033,Install,2024-04-04,0
E0007969,U03033,Signup,2024-04-04,0
E0007970,U03034,Install,2024-01-11,0
E0007971,U03035,Install,2024-04-10,0
E0007972,U03035,Signup,2024-04-10,0
E0007973,U03036,Install,2024-03-17,0
E0007974,U03036,Signup,2024-03-17,0
E0007975,U03037,Install,2024-06-03,0
E0007976,U03037,Signup,2024-06-03,0
E0007977,U03037,Onboarding,2024-06-04,1
E0007978,U03038,Install,2024-06-03,0
E0007979,U03039,Install,2024-01-31,0
E0007980,U03039,Signup,2024-01-31,0
E0007981,U03039,Onboarding,2024-02-01,1
E0007982,U03040,Install,2024-03-28,0
E0007983,U03040,Signup,2024-03-28,0
E0007984,U03040,Onboarding,2024-03-29,1
E0007985,U03041,Install,2024-05-11,0
E0007986,U03042,Install,2024-06-01,0
E0007987,U03043,Install,2024-03-02,0
E0007988,U03043,Signup,2024-03-02,0
E0007989,U03043,Onboarding,2024-03-03,1
E0007990,U03044,Install,2024-04-07,0
E0007991,U03044,Signup,2024-04-07,0
E0007992,U03044,Onboarding,2024-04-08,1
E0007993,U03044,First_Action,2024-04-10,3
E0007994,U03045,Install,2024-03-13,0
E0007995,U03046,Install,2024-05-16,0
E0007996,U03046,Signup,2024-05-16,0
E0007997,U03047,Install,2024-06-25,0
E0007998,U03047,Signup,2024-06-25,0
E0007999,U03047,Onboarding,2024-06-26,1
E0008000,U03048,Install,2024-04-13,0
E0008001,U03048,Signup,2024-04-13,0
E0008002,U03049,Install,2024-04-09,0
E0008003,U03049,Signup,2024-04-09,0
E0008004,U03050,Install,2024-05-30,0
E0008005,U03050,Signup,2024-05-30,0
E0008006,U03051,Install,2024-06-11,0
E0008007,U03051,Signup,2024-06-11,0
E0008008,U03052,Install,2024-03-10,0
E0008009,U03053,Install,2024-01-17,0
E0008010,U03054,Install,2024-01-06,0
E0008011,U03055,Install,2024-03-19,0
E0008012,U03055,Signup,2024-03-19,0
E0008013,U03056,Install,2024-04-05,0
E0008014,U03056,Signup,2024-04-05,0
E0008015,U03057,Install,2024-03-02,0
E0008016,U03058,Install,2024-05-30,0
E0008017,U03059,Install,2024-06-19,0
E0008018,U03059,Signup,2024-06-19,0
E0008019,U03060,Install,2024-04-16,0
E0008020,U03060,Signup,2024-04-16,0
E0008021,U03060,Onboarding,2024-04-17,1
E0008022,U03060,First_Action,2024-04-19,3
E0008023,U03061,Install,2024-01-15,0
E0008024,U03061,Signup,2024-01-15,0
E0008025,U03062,Install,2024-06-23,0
E0008026,U03062,Signup,2024-06-23,0
E0008027,U03063,Install,2024-05-15,0
E0008028,U03063,Signup,2024-05-15,0
E0008029,U03063,Onboarding,2024-05-16,1
E0008030,U03063,First_Action,2024-05-18,3
E0008031,U03063,Day1_Active,2024-05-19,4
E0008032,U03064,Install,2024-05-20,0
E0008033,U03064,Signup,2024-05-20,0
E0008034,U03065,Install,2024-06-17,0
E0008035,U03066,Install,2024-03-07,0
E0008036,U03066,Signup,2024-03-07,0
E0008037,U03067,Install,2024-02-19,0
E0008038,U03067,Signup,2024-02-19,0
E0008039,U03067,Onboarding,2024-02-20,1
E0008040,U03068,Install,2024-05-15,0
E0008041,U03069,Install,2024-04-28,0
E0008042,U03069,Signup,2024-04-28,0
E0008043,U03069,Onboarding,2024-04-29,1
E0008044,U03069,First_Action,2024-05-01,3
E0008045,U03069,Day1_Active,2024-05-02,4
E0008046,U03070,Install,2024-04-29,0
E0008047,U03070,Signup,2024-04-29,0
E0008048,U03070,Onboarding,2024-04-30,1
E0008049,U03070,First_Action,2024-05-02,3
E0008050,U03070,Day1_Active,2024-05-03,4
E0008051,U03070,Day7_Active,2024-05-09,10
E0008052,U03071,Install,2024-06-10,0
E0008053,U03072,Install,2024-04-04,0
E0008054,U03073,Install,2024-05-03,0
E0008055,U03073,Signup,2024-05-03,0
E0008056,U03074,Install,2024-06-18,0
E0008057,U03074,Signup,2024-06-18,0
E0008058,U03075,Install,2024-05-26,0
E0008059,U03075,Signup,2024-05-26,0
E0008060,U03075,Onboarding,2024-05-27,1
E0008061,U03075,First_Action,2024-05-29,3
E0008062,U03075,Day1_Active,2024-05-30,4
E0008063,U03076,Install,2024-06-09,0
E0008064,U03076,Signup,2024-06-09,0
E0008065,U03077,Install,2024-04-06,0
E0008066,U03077,Signup,2024-04-06,0
E0008067,U03077,Onboarding,2024-04-07,1
E0008068,U03077,First_Action,2024-04-09,3
E0008069,U03077,Day1_Active,2024-04-10,4
E0008070,U03077,Day7_Active,2024-04-16,10
E0008071,U03078,Install,2024-01-07,0
E0008072,U03078,Signup,2024-01-07,0
E0008073,U03078,Onboarding,2024-01-08,1
E0008074,U03079,Install,2024-03-29,0
E0008075,U03079,Signup,2024-03-29,0
E0008076,U03080,Install,2024-06-23,0
E0008077,U03080,Signup,2024-06-23,0
E0008078,U03081,Install,2024-04-23,0
E0008079,U03081,Signup,2024-04-23,0
E0008080,U03082,Install,2024-03-14,0
E0008081,U03083,Install,2024-03-31,0
E0008082,U03083,Signup,2024-03-31,0
E0008083,U03083,Onboarding,2024-04-01,1
E0008084,U03084,Install,2024-04-30,0
E0008085,U03085,Install,2024-04-09,0
E0008086,U03085,Signup,2024-04-09,0
E0008087,U03086,Install,2024-02-21,0
E0008088,U03087,Install,2024-06-14,0
E0008089,U03087,Signup,2024-06-14,0
E0008090,U03087,Onboarding,2024-06-15,1
E0008091,U03087,First_Action,2024-06-17,3
E0008092,U03088,Install,2024-05-23,0
E0008093,U03088,Signup,2024-05-23,0
E0008094,U03088,Onboarding,2024-05-24,1
E0008095,U03089,Install,2024-06-10,0
E0008096,U03090,Install,2024-05-02,0
E0008097,U03090,Signup,2024-05-02,0
E0008098,U03090,Onboarding,2024-05-03,1
E0008099,U03091,Install,2024-02-25,0
E0008100,U03092,Install,2024-01-05,0
E0008101,U03093,Install,2024-06-20,0
E0008102,U03093,Signup,2024-06-20,0
E0008103,U03093,Onboarding,2024-06-21,1
E0008104,U03094,Install,2024-02-17,0
E0008105,U03094,Signup,2024-02-17,0
E0008106,U03095,Install,2024-06-07,0
E0008107,U03096,Install,2024-06-11,0
E0008108,U03096,Signup,2024-06-11,0
E0008109,U03096,Onboarding,2024-06-12,1
E0008110,U03096,First_Action,2024-06-14,3
E0008111,U03096,Day1_Active,2024-06-15,4
E0008112,U03097,Install,2024-05-16,0
E0008113,U03098,Install,2024-01-02,0
E0008114,U03099,Install,2024-06-16,0
E0008115,U03099,Signup,2024-06-16,0
E0008116,U03100,Install,2024-02-14,0
E0008117,U03100,Signup,2024-02-14,0
E0008118,U03101,Install,2024-05-01,0
E0008119,U03101,Signup,2024-05-01,0
E0008120,U03101,Onboarding,2024-05-02,1
E0008121,U03101,First_Action,2024-05-04,3
E0008122,U03102,Install,2024-04-02,0
E0008123,U03102,Signup,2024-04-02,0
E0008124,U03103,Install,2024-04-04,0
E0008125,U03103,Signup,2024-04-04,0
E0008126,U03103,Onboarding,2024-04-05,1
E0008127,U03104,Install,2024-06-21,0
E0008128,U03104,Signup,2024-06-21,0
E0008129,U03105,Install,2024-04-06,0
E0008130,U03105,Signup,2024-04-06,0
E0008131,U03105,Onboarding,2024-04-07,1
E0008132,U03106,Install,2024-02-17,0
E0008133,U03106,Signup,2024-02-17,0
E0008134,U03107,Install,2024-02-10,0
E0008135,U03107,Signup,2024-02-10,0
E0008136,U03107,Onboarding,2024-02-11,1
E0008137,U03107,First_Action,2024-02-13,3
E0008138,U03107,Day1_Active,2024-02-14,4
E0008139,U03108,Install,2024-06-18,0
E0008140,U03108,Signup,2024-06-18,0
E0008141,U03109,Install,2024-04-20,0
E0008142,U03109,Signup,2024-04-20,0
E0008143,U03109,Onboarding,2024-04-21,1
E0008144,U03109,First_Action,2024-04-23,3
E0008145,U03110,Install,2024-01-10,0
E0008146,U03111,Install,2024-05-03,0
E0008147,U03112,Install,2024-04-09,0
E0008148,U03112,Signup,2024-04-09,0
E0008149,U03112,Onboarding,2024-04-10,1
E0008150,U03113,Install,2024-05-16,0
E0008151,U03113,Signup,2024-05-16,0
E0008152,U03113,Onboarding,2024-05-17,1
E0008153,U03114,Install,2024-02-23,0
E0008154,U03114,Signup,2024-02-23,0
E0008155,U03115,Install,2024-01-30,0
E0008156,U03115,Signup,2024-01-30,0
E0008157,U03115,Onboarding,2024-01-31,1
E0008158,U03116,Install,2024-05-11,0
E0008159,U03116,Signup,2024-05-11,0
E0008160,U03116,Onboarding,2024-05-12,1
E0008161,U03116,First_Action,2024-05-14,3
E0008162,U03117,Install,2024-01-12,0
E0008163,U03118,Install,2024-04-06,0
E0008164,U03118,Signup,2024-04-06,0
E0008165,U03118,Onboarding,2024-04-07,1
E0008166,U03119,Install,2024-01-02,0
E0008167,U03119,Signup,2024-01-02,0
E0008168,U03119,Onboarding,2024-01-03,1
E0008169,U03119,First_Action,2024-01-05,3
E0008170,U03120,Install,2024-03-20,0
E0008171,U03120,Signup,2024-03-20,0
E0008172,U03120,Onboarding,2024-03-21,1
E0008173,U03120,First_Action,2024-03-23,3
E0008174,U03120,Day1_Active,2024-03-24,4
E0008175,U03121,Install,2024-04-25,0
E0008176,U03121,Signup,2024-04-25,0
E0008177,U03121,Onboarding,2024-04-26,1
E0008178,U03122,Install,2024-03-29,0
E0008179,U03123,Install,2024-03-03,0
E0008180,U03123,Signup,2024-03-03,0
E0008181,U03124,Install,2024-03-10,0
E0008182,U03124,Signup,2024-03-10,0
E0008183,U03124,Onboarding,2024-03-11,1
E0008184,U03125,Install,2024-06-11,0
E0008185,U03125,Signup,2024-06-11,0
E0008186,U03125,Onboarding,2024-06-12,1
E0008187,U03126,Install,2024-01-13,0
E0008188,U03127,Install,2024-02-11,0
E0008189,U03127,Signup,2024-02-11,0
E0008190,U03128,Install,2024-01-21,0
E0008191,U03128,Signup,2024-01-21,0
E0008192,U03128,Onboarding,2024-01-22,1
E0008193,U03129,Install,2024-05-25,0
E0008194,U03129,Signup,2024-05-25,0
E0008195,U03130,Install,2024-03-04,0
E0008196,U03131,Install,2024-02-26,0
E0008197,U03132,Install,2024-04-11,0
E0008198,U03132,Signup,2024-04-11,0
E0008199,U03132,Onboarding,2024-04-12,1
E0008200,U03133,Install,2024-03-07,0
E0008201,U03133,Signup,2024-03-07,0
E0008202,U03133,Onboarding,2024-03-08,1
E0008203,U03134,Install,2024-03-08,0
E0008204,U03134,Signup,2024-03-08,0
E0008205,U03135,Install,2024-02-27,0
E0008206,U03135,Signup,2024-02-27,0
E0008207,U03136,Install,2024-02-25,0
E0008208,U03137,Install,2024-03-10,0
E0008209,U03138,Install,2024-04-24,0
E0008210,U03139,Install,2024-03-24,0
E0008211,U03139,Signup,2024-03-24,0
E0008212,U03140,Install,2024-04-15,0
E0008213,U03140,Signup,2024-04-15,0
E0008214,U03140,Onboarding,2024-04-16,1
E0008215,U03141,Install,2024-03-03,0
E0008216,U03142,Install,2024-01-17,0
E0008217,U03143,Install,2024-04-01,0
E0008218,U03143,Signup,2024-04-01,0
E0008219,U03144,Install,2024-04-10,0
E0008220,U03144,Signup,2024-04-10,0
E0008221,U03144,Onboarding,2024-04-11,1
E0008222,U03144,First_Action,2024-04-13,3
E0008223,U03144,Day1_Active,2024-04-14,4
E0008224,U03145,Install,2024-06-09,0
E0008225,U03145,Signup,2024-06-09,0
E0008226,U03145,Onboarding,2024-06-10,1
E0008227,U03146,Install,2024-01-21,0
E0008228,U03146,Signup,2024-01-21,0
E0008229,U03147,Install,2024-03-17,0
E0008230,U03148,Install,2024-05-18,0
E0008231,U03149,Install,2024-04-14,0
E0008232,U03149,Signup,2024-04-14,0
E0008233,U03150,Install,2024-04-27,0
E0008234,U03151,Install,2024-06-18,0
E0008235,U03151,Signup,2024-06-18,0
E0008236,U03152,Install,2024-04-11,0
E0008237,U03152,Signup,2024-04-11,0
E0008238,U03152,Onboarding,2024-04-12,1
E0008239,U03152,First_Action,2024-04-14,3
E0008240,U03152,Day1_Active,2024-04-15,4
E0008241,U03152,Day7_Active,2024-04-21,10
E0008242,U03153,Install,2024-06-15,0
E0008243,U03153,Signup,2024-06-15,0
E0008244,U03154,Install,2024-05-29,0
E0008245,U03155,Install,2024-05-04,0
E0008246,U03155,Signup,2024-05-04,0
E0008247,U03155,Onboarding,2024-05-05,1
E0008248,U03156,Install,2024-02-23,0
E0008249,U03156,Signup,2024-02-23,0
E0008250,U03157,Install,2024-01-13,0
E0008251,U03157,Signup,2024-01-13,0
E0008252,U03157,Onboarding,2024-01-14,1
E0008253,U03157,First_Action,2024-01-16,3
E0008254,U03158,Install,2024-02-16,0
E0008255,U03159,Install,2024-02-21,0
E0008256,U03159,Signup,2024-02-21,0
E0008257,U03159,Onboarding,2024-02-22,1
E0008258,U03160,Install,2024-02-04,0
E0008259,U03161,Install,2024-01-06,0
E0008260,U03161,Signup,2024-01-06,0
E0008261,U03162,Install,2024-06-20,0
E0008262,U03163,Install,2024-04-19,0
E0008263,U03163,Signup,2024-04-19,0
E0008264,U03163,Onboarding,2024-04-20,1
E0008265,U03163,First_Action,2024-04-22,3
E0008266,U03164,Install,2024-01-15,0
E0008267,U03164,Signup,2024-01-15,0
E0008268,U03164,Onboarding,2024-01-16,1
E0008269,U03164,First_Action,2024-01-18,3
E0008270,U03165,Install,2024-02-29,0
E0008271,U03166,Install,2024-02-25,0
E0008272,U03166,Signup,2024-02-25,0
E0008273,U03167,Install,2024-04-27,0
E0008274,U03167,Signup,2024-04-27,0
E0008275,U03167,Onboarding,2024-04-28,1
E0008276,U03167,First_Action,2024-04-30,3
E0008277,U03168,Install,2024-01-05,0
E0008278,U03168,Signup,2024-01-05,0
E0008279,U03168,Onboarding,2024-01-06,1
E0008280,U03169,Install,2024-01-14,0
E0008281,U03169,Signup,2024-01-14,0
E0008282,U03170,Install,2024-03-07,0
E0008283,U03170,Signup,2024-03-07,0
E0008284,U03170,Onboarding,2024-03-08,1
E0008285,U03171,Install,2024-05-01,0
E0008286,U03171,Signup,2024-05-01,0
E0008287,U03171,Onboarding,2024-05-02,1
E0008288,U03172,Install,2024-06-02,0
E0008289,U03172,Signup,2024-06-02,0
E0008290,U03173,Install,2024-02-28,0
E0008291,U03174,Install,2024-03-27,0
E0008292,U03174,Signup,2024-03-27,0
E0008293,U03174,Onboarding,2024-03-28,1
E0008294,U03175,Install,2024-05-29,0
E0008295,U03175,Signup,2024-05-29,0
E0008296,U03175,Onboarding,2024-05-30,1
E0008297,U03175,First_Action,2024-06-01,3
E0008298,U03176,Install,2024-05-09,0
E0008299,U03176,Signup,2024-05-09,0
E0008300,U03177,Install,2024-05-26,0
E0008301,U03177,Signup,2024-05-26,0
E0008302,U03177,Onboarding,2024-05-27,1
E0008303,U03178,Install,2024-01-13,0
E0008304,U03178,Signup,2024-01-13,0
E0008305,U03179,Install,2024-06-25,0
E0008306,U03180,Install,2024-01-19,0
E0008307,U03180,Signup,2024-01-19,0
E0008308,U03180,Onboarding,2024-01-20,1
E0008309,U03181,Install,2024-06-10,0
E0008310,U03181,Signup,2024-06-10,0
E0008311,U03182,Install,2024-03-05,0
E0008312,U03182,Signup,2024-03-05,0
E0008313,U03182,Onboarding,2024-03-06,1
E0008314,U03182,First_Action,2024-03-08,3
E0008315,U03182,Day1_Active,2024-03-09,4
E0008316,U03183,Install,2024-05-06,0
E0008317,U03184,Install,2024-03-04,0
E0008318,U03184,Signup,2024-03-04,0
E0008319,U03184,Onboarding,2024-03-05,1
E0008320,U03184,First_Action,2024-03-07,3
E0008321,U03184,Day1_Active,2024-03-08,4
E0008322,U03185,Install,2024-02-06,0
E0008323,U03185,Signup,2024-02-06,0
E0008324,U03185,Onboarding,2024-02-07,1
E0008325,U03185,First_Action,2024-02-09,3
E0008326,U03186,Install,2024-06-14,0
E0008327,U03186,Signup,2024-06-14,0
E0008328,U03186,Onboarding,2024-06-15,1
E0008329,U03187,Install,2024-05-18,0
E0008330,U03187,Signup,2024-05-18,0
E0008331,U03187,Onboarding,2024-05-19,1
E0008332,U03187,First_Action,2024-05-21,3
E0008333,U03187,Day1_Active,2024-05-22,4
E0008334,U03187,Day7_Active,2024-05-28,10
E0008335,U03188,Install,2024-01-05,0
E0008336,U03189,Install,2024-01-04,0
E0008337,U03189,Signup,2024-01-04,0
E0008338,U03190,Install,2024-04-06,0
E0008339,U03190,Signup,2024-04-06,0
E0008340,U03190,Onboarding,2024-04-07,1
E0008341,U03191,Install,2024-06-23,0
E0008342,U03191,Signup,2024-06-23,0
E0008343,U03192,Install,2024-06-17,0
E0008344,U03192,Signup,2024-06-17,0
E0008345,U03192,Onboarding,2024-06-18,1
E0008346,U03193,Install,2024-02-17,0
E0008347,U03194,Install,2024-05-25,0
E0008348,U03194,Signup,2024-05-25,0
E0008349,U03194,Onboarding,2024-05-26,1
E0008350,U03194,First_Action,2024-05-28,3
E0008351,U03194,Day1_Active,2024-05-29,4
E0008352,U03195,Install,2024-06-03,0
E0008353,U03195,Signup,2024-06-03,0
E0008354,U03195,Onboarding,2024-06-04,1
E0008355,U03196,Install,2024-03-14,0
E0008356,U03196,Signup,2024-03-14,0
E0008357,U03197,Install,2024-01-11,0
E0008358,U03197,Signup,2024-01-11,0
E0008359,U03197,Onboarding,2024-01-12,1
E0008360,U03197,First_Action,2024-01-14,3
E0008361,U03197,Day1_Active,2024-01-15,4
E0008362,U03198,Install,2024-04-21,0
E0008363,U03198,Signup,2024-04-21,0
E0008364,U03199,Install,2024-06-08,0
E0008365,U03199,Signup,2024-06-08,0
E0008366,U03200,Install,2024-03-26,0
E0008367,U03200,Signup,2024-03-26,0
E0008368,U03201,Install,2024-02-19,0
E0008369,U03201,Signup,2024-02-19,0
E0008370,U03201,Onboarding,2024-02-20,1
E0008371,U03202,Install,2024-03-10,0
E0008372,U03202,Signup,2024-03-10,0
E0008373,U03202,Onboarding,2024-03-11,1
E0008374,U03203,Install,2024-06-13,0
E0008375,U03203,Signup,2024-06-13,0
E0008376,U03204,Install,2024-04-05,0
E0008377,U03204,Signup,2024-04-05,0
E0008378,U03204,Onboarding,2024-04-06,1
E0008379,U03204,First_Action,2024-04-08,3
E0008380,U03204,Day1_Active,2024-04-09,4
E0008381,U03204,Day7_Active,2024-04-15,10
E0008382,U03205,Install,2024-02-09,0
E0008383,U03205,Signup,2024-02-09,0
E0008384,U03205,Onboarding,2024-02-10,1
E0008385,U03206,Install,2024-01-03,0
E0008386,U03206,Signup,2024-01-03,0
E0008387,U03206,Onboarding,2024-01-04,1
E0008388,U03207,Install,2024-04-09,0
E0008389,U03207,Signup,2024-04-09,0
E0008390,U03207,Onboarding,2024-04-10,1
E0008391,U03208,Install,2024-04-09,0
E0008392,U03208,Signup,2024-04-09,0
E0008393,U03208,Onboarding,2024-04-10,1
E0008394,U03208,First_Action,2024-04-12,3
E0008395,U03208,Day1_Active,2024-04-13,4
E0008396,U03209,Install,2024-05-02,0
E0008397,U03209,Signup,2024-05-02,0
E0008398,U03210,Install,2024-04-12,0
E0008399,U03210,Signup,2024-04-12,0
E0008400,U03210,Onboarding,2024-04-13,1
E0008401,U03211,Install,2024-04-21,0
E0008402,U03211,Signup,2024-04-21,0
E0008403,U03211,Onboarding,2024-04-22,1
E0008404,U03211,First_Action,2024-04-24,3
E0008405,U03212,Install,2024-04-21,0
E0008406,U03212,Signup,2024-04-21,0
E0008407,U03212,Onboarding,2024-04-22,1
E0008408,U03213,Install,2024-01-12,0
E0008409,U03213,Signup,2024-01-12,0
E0008410,U03214,Install,2024-05-04,0
E0008411,U03214,Signup,2024-05-04,0
E0008412,U03215,Install,2024-01-24,0
E0008413,U03215,Signup,2024-01-24,0
E0008414,U03215,Onboarding,2024-01-25,1
E0008415,U03216,Install,2024-06-01,0
E0008416,U03216,Signup,2024-06-01,0
E0008417,U03217,Install,2024-06-27,0
E0008418,U03218,Install,2024-04-14,0
E0008419,U03218,Signup,2024-04-14,0
E0008420,U03219,Install,2024-02-20,0
E0008421,U03219,Signup,2024-02-20,0
E0008422,U03219,Onboarding,2024-02-21,1
E0008423,U03219,First_Action,2024-02-23,3
E0008424,U03220,Install,2024-01-01,0
E0008425,U03220,Signup,2024-01-01,0
E0008426,U03221,Install,2024-03-01,0
E0008427,U03221,Signup,2024-03-01,0
E0008428,U03222,Install,2024-06-06,0
E0008429,U03222,Signup,2024-06-06,0
E0008430,U03222,Onboarding,2024-06-07,1
E0008431,U03223,Install,2024-05-16,0
E0008432,U03223,Signup,2024-05-16,0
E0008433,U03223,Onboarding,2024-05-17,1
E0008434,U03223,First_Action,2024-05-19,3
E0008435,U03223,Day1_Active,2024-05-20,4
E0008436,U03224,Install,2024-02-28,0
E0008437,U03224,Signup,2024-02-28,0
E0008438,U03224,Onboarding,2024-02-29,1
E0008439,U03225,Install,2024-04-08,0
E0008440,U03225,Signup,2024-04-08,0
E0008441,U03225,Onboarding,2024-04-09,1
E0008442,U03225,First_Action,2024-04-11,3
E0008443,U03226,Install,2024-01-22,0
E0008444,U03226,Signup,2024-01-22,0
E0008445,U03227,Install,2024-04-13,0
E0008446,U03227,Signup,2024-04-13,0
E0008447,U03228,Install,2024-01-28,0
E0008448,U03228,Signup,2024-01-28,0
E0008449,U03229,Install,2024-02-27,0
E0008450,U03229,Signup,2024-02-27,0
E0008451,U03230,Install,2024-02-27,0
E0008452,U03230,Signup,2024-02-27,0
E0008453,U03230,Onboarding,2024-02-28,1
E0008454,U03231,Install,2024-05-02,0
E0008455,U03232,Install,2024-05-03,0
E0008456,U03233,Install,2024-05-28,0
E0008457,U03233,Signup,2024-05-28,0
E0008458,U03234,Install,2024-03-09,0
E0008459,U03234,Signup,2024-03-09,0
E0008460,U03234,Onboarding,2024-03-10,1
E0008461,U03235,Install,2024-01-30,0
E0008462,U03236,Install,2024-05-16,0
E0008463,U03236,Signup,2024-05-16,0
E0008464,U03236,Onboarding,2024-05-17,1
E0008465,U03236,First_Action,2024-05-19,3
E0008466,U03237,Install,2024-06-21,0
E0008467,U03237,Signup,2024-06-21,0
E0008468,U03237,Onboarding,2024-06-22,1
E0008469,U03238,Install,2024-06-27,0
E0008470,U03238,Signup,2024-06-27,0
E0008471,U03238,Onboarding,2024-06-28,1
E0008472,U03239,Install,2024-05-27,0
E0008473,U03239,Signup,2024-05-27,0
E0008474,U03239,Onboarding,2024-05-28,1
E0008475,U03240,Install,2024-05-24,0
E0008476,U03240,Signup,2024-05-24,0
E0008477,U03240,Onboarding,2024-05-25,1
E0008478,U03241,Install,2024-06-09,0
E0008479,U03242,Install,2024-06-04,0
E0008480,U03242,Signup,2024-06-04,0
E0008481,U03242,Onboarding,2024-06-05,1
E0008482,U03243,Install,2024-05-31,0
E0008483,U03243,Signup,2024-05-31,0
E0008484,U03244,Install,2024-01-06,0
E0008485,U03244,Signup,2024-01-06,0
E0008486,U03245,Install,2024-03-06,0
E0008487,U03245,Signup,2024-03-06,0
E0008488,U03245,Onboarding,2024-03-07,1
E0008489,U03245,First_Action,2024-03-09,3
E0008490,U03246,Install,2024-05-10,0
E0008491,U03247,Install,2024-03-03,0
E0008492,U03247,Signup,2024-03-03,0
E0008493,U03248,Install,2024-05-28,0
E0008494,U03248,Signup,2024-05-28,0
E0008495,U03249,Install,2024-01-08,0
E0008496,U03249,Signup,2024-01-08,0
E0008497,U03250,Install,2024-04-10,0
E0008498,U03250,Signup,2024-04-10,0
E0008499,U03251,Install,2024-02-11,0
E0008500,U03251,Signup,2024-02-11,0
E0008501,U03251,Onboarding,2024-02-12,1
E0008502,U03252,Install,2024-01-16,0
E0008503,U03252,Signup,2024-01-16,0
E0008504,U03253,Install,2024-01-27,0
E0008505,U03253,Signup,2024-01-27,0
E0008506,U03253,Onboarding,2024-01-28,1
E0008507,U03254,Install,2024-06-19,0
E0008508,U03254,Signup,2024-06-19,0
E0008509,U03254,Onboarding,2024-06-20,1
E0008510,U03255,Install,2024-06-07,0
E0008511,U03255,Signup,2024-06-07,0
E0008512,U03255,Onboarding,2024-06-08,1
E0008513,U03256,Install,2024-03-29,0
E0008514,U03257,Install,2024-04-04,0
E0008515,U03257,Signup,2024-04-04,0
E0008516,U03258,Install,2024-06-22,0
E0008517,U03258,Signup,2024-06-22,0
E0008518,U03259,Install,2024-01-05,0
E0008519,U03260,Install,2024-05-24,0
E0008520,U03260,Signup,2024-05-24,0
E0008521,U03260,Onboarding,2024-05-25,1
E0008522,U03261,Install,2024-04-20,0
E0008523,U03261,Signup,2024-04-20,0
E0008524,U03261,Onboarding,2024-04-21,1
E0008525,U03261,First_Action,2024-04-23,3
E0008526,U03261,Day1_Active,2024-04-24,4
E0008527,U03262,Install,2024-06-16,0
E0008528,U03262,Signup,2024-06-16,0
E0008529,U03262,Onboarding,2024-06-17,1
E0008530,U03263,Install,2024-01-29,0
E0008531,U03263,Signup,2024-01-29,0
E0008532,U03264,Install,2024-03-10,0
E0008533,U03265,Install,2024-01-12,0
E0008534,U03265,Signup,2024-01-12,0
E0008535,U03266,Install,2024-04-12,0
E0008536,U03266,Signup,2024-04-12,0
E0008537,U03267,Install,2024-02-02,0
E0008538,U03267,Signup,2024-02-02,0
E0008539,U03267,Onboarding,2024-02-03,1
E0008540,U03267,First_Action,2024-02-05,3
E0008541,U03267,Day1_Active,2024-02-06,4
E0008542,U03268,Install,2024-03-21,0
E0008543,U03269,Install,2024-01-03,0
E0008544,U03269,Signup,2024-01-03,0
E0008545,U03270,Install,2024-01-08,0
E0008546,U03270,Signup,2024-01-08,0
E0008547,U03271,Install,2024-03-24,0
E0008548,U03271,Signup,2024-03-24,0
E0008549,U03271,Onboarding,2024-03-25,1
E0008550,U03271,First_Action,2024-03-27,3
E0008551,U03271,Day1_Active,2024-03-28,4
E0008552,U03272,Install,2024-02-29,0
E0008553,U03272,Signup,2024-02-29,0
E0008554,U03272,Onboarding,2024-03-01,1
E0008555,U03273,Install,2024-03-26,0
E0008556,U03273,Signup,2024-03-26,0
E0008557,U03273,Onboarding,2024-03-27,1
E0008558,U03273,First_Action,2024-03-29,3
E0008559,U03274,Install,2024-01-15,0
E0008560,U03274,Signup,2024-01-15,0
E0008561,U03275,Install,2024-01-18,0
E0008562,U03275,Signup,2024-01-18,0
E0008563,U03275,Onboarding,2024-01-19,1
E0008564,U03276,Install,2024-04-28,0
E0008565,U03276,Signup,2024-04-28,0
E0008566,U03276,Onboarding,2024-04-29,1
E0008567,U03277,Install,2024-06-07,0
E0008568,U03278,Install,2024-05-29,0
E0008569,U03279,Install,2024-01-26,0
E0008570,U03279,Signup,2024-01-26,0
E0008571,U03279,Onboarding,2024-01-27,1
E0008572,U03280,Install,2024-01-18,0
E0008573,U03280,Signup,2024-01-18,0
E0008574,U03281,Install,2024-06-02,0
E0008575,U03281,Signup,2024-06-02,0
E0008576,U03282,Install,2024-06-12,0
E0008577,U03282,Signup,2024-06-12,0
E0008578,U03283,Install,2024-03-16,0
E0008579,U03284,Install,2024-05-26,0
E0008580,U03284,Signup,2024-05-26,0
E0008581,U03284,Onboarding,2024-05-27,1
E0008582,U03285,Install,2024-02-29,0
E0008583,U03286,Install,2024-01-22,0
E0008584,U03287,Install,2024-06-02,0
E0008585,U03287,Signup,2024-06-02,0
E0008586,U03288,Install,2024-02-14,0
E0008587,U03288,Signup,2024-02-14,0
E0008588,U03289,Install,2024-02-20,0
E0008589,U03289,Signup,2024-02-20,0
E0008590,U03289,Onboarding,2024-02-21,1
E0008591,U03289,First_Action,2024-02-23,3
E0008592,U03290,Install,2024-02-16,0
E0008593,U03291,Install,2024-03-24,0
E0008594,U03291,Signup,2024-03-24,0
E0008595,U03291,Onboarding,2024-03-25,1
E0008596,U03291,First_Action,2024-03-27,3
E0008597,U03292,Install,2024-05-24,0
E0008598,U03292,Signup,2024-05-24,0
E0008599,U03292,Onboarding,2024-05-25,1
E0008600,U03292,First_Action,2024-05-27,3
E0008601,U03292,Day1_Active,2024-05-28,4
E0008602,U03293,Install,2024-04-07,0
E0008603,U03293,Signup,2024-04-07,0
E0008604,U03293,Onboarding,2024-04-08,1
E0008605,U03293,First_Action,2024-04-10,3
E0008606,U03293,Day1_Active,2024-04-11,4
E0008607,U03294,Install,2024-04-11,0
E0008608,U03294,Signup,2024-04-11,0
E0008609,U03294,Onboarding,2024-04-12,1
E0008610,U03294,First_Action,2024-04-14,3
E0008611,U03295,Install,2024-05-30,0
E0008612,U03295,Signup,2024-05-30,0
E0008613,U03296,Install,2024-03-28,0
E0008614,U03297,Install,2024-01-13,0
E0008615,U03297,Signup,2024-01-13,0
E0008616,U03297,Onboarding,2024-01-14,1
E0008617,U03298,Install,2024-02-29,0
E0008618,U03299,Install,2024-06-01,0
E0008619,U03299,Signup,2024-06-01,0
E0008620,U03300,Install,2024-03-11,0
E0008621,U03300,Signup,2024-03-11,0
E0008622,U03300,Onboarding,2024-03-12,1
E0008623,U03300,First_Action,2024-03-14,3
E0008624,U03300,Day1_Active,2024-03-15,4
E0008625,U03301,Install,2024-06-20,0
E0008626,U03301,Signup,2024-06-20,0
E0008627,U03302,Install,2024-04-04,0
E0008628,U03302,Signup,2024-04-04,0
E0008629,U03302,Onboarding,2024-04-05,1
E0008630,U03303,Install,2024-05-13,0
E0008631,U03303,Signup,2024-05-13,0
E0008632,U03303,Onboarding,2024-05-14,1
E0008633,U03303,First_Action,2024-05-16,3
E0008634,U03304,Install,2024-01-19,0
E0008635,U03305,Install,2024-06-10,0
E0008636,U03305,Signup,2024-06-10,0
E0008637,U03306,Install,2024-04-25,0
E0008638,U03306,Signup,2024-04-25,0
E0008639,U03307,Install,2024-03-08,0
E0008640,U03308,Install,2024-05-07,0
E0008641,U03308,Signup,2024-05-07,0
E0008642,U03308,Onboarding,2024-05-08,1
E0008643,U03308,First_Action,2024-05-10,3
E0008644,U03308,Day1_Active,2024-05-11,4
E0008645,U03309,Install,2024-02-16,0
E0008646,U03309,Signup,2024-02-16,0
E0008647,U03310,Install,2024-05-17,0
E0008648,U03310,Signup,2024-05-17,0
E0008649,U03310,Onboarding,2024-05-18,1
E0008650,U03311,Install,2024-05-17,0
E0008651,U03311,Signup,2024-05-17,0
E0008652,U03311,Onboarding,2024-05-18,1
E0008653,U03311,First_Action,2024-05-20,3
E0008654,U03312,Install,2024-06-07,0
E0008655,U03312,Signup,2024-06-07,0
E0008656,U03312,Onboarding,2024-06-08,1
E0008657,U03313,Install,2024-01-27,0
E0008658,U03313,Signup,2024-01-27,0
E0008659,U03314,Install,2024-04-18,0
E0008660,U03314,Signup,2024-04-18,0
E0008661,U03315,Install,2024-03-21,0
E0008662,U03315,Signup,2024-03-21,0
E0008663,U03315,Onboarding,2024-03-22,1
E0008664,U03315,First_Action,2024-03-24,3
E0008665,U03315,Day1_Active,2024-03-25,4
E0008666,U03315,Day7_Active,2024-03-31,10
E0008667,U03316,Install,2024-01-04,0
E0008668,U03316,Signup,2024-01-04,0
E0008669,U03317,Install,2024-02-01,0
E0008670,U03317,Signup,2024-02-01,0
E0008671,U03318,Install,2024-05-16,0
E0008672,U03318,Signup,2024-05-16,0
E0008673,U03318,Onboarding,2024-05-17,1
E0008674,U03318,First_Action,2024-05-19,3
E0008675,U03319,Install,2024-03-30,0
E0008676,U03319,Signup,2024-03-30,0
E0008677,U03319,Onboarding,2024-03-31,1
E0008678,U03320,Install,2024-05-16,0
E0008679,U03320,Signup,2024-05-16,0
E0008680,U03320,Onboarding,2024-05-17,1
E0008681,U03320,First_Action,2024-05-19,3
E0008682,U03320,Day1_Active,2024-05-20,4
E0008683,U03321,Install,2024-02-04,0
E0008684,U03321,Signup,2024-02-04,0
E0008685,U03322,Install,2024-06-27,0
E0008686,U03322,Signup,2024-06-27,0
E0008687,U03323,Install,2024-04-22,0
E0008688,U03323,Signup,2024-04-22,0
E0008689,U03323,Onboarding,2024-04-23,1
E0008690,U03323,First_Action,2024-04-25,3
E0008691,U03324,Install,2024-02-23,0
E0008692,U03325,Install,2024-03-23,0
E0008693,U03326,Install,2024-03-15,0
E0008694,U03326,Signup,2024-03-15,0
E0008695,U03326,Onboarding,2024-03-16,1
E0008696,U03327,Install,2024-03-02,0
E0008697,U03327,Signup,2024-03-02,0
E0008698,U03328,Install,2024-04-07,0
E0008699,U03328,Signup,2024-04-07,0
E0008700,U03329,Install,2024-05-10,0
E0008701,U03329,Signup,2024-05-10,0
E0008702,U03329,Onboarding,2024-05-11,1
E0008703,U03330,Install,2024-06-01,0
E0008704,U03330,Signup,2024-06-01,0
E0008705,U03331,Install,2024-03-16,0
E0008706,U03331,Signup,2024-03-16,0
E0008707,U03331,Onboarding,2024-03-17,1
E0008708,U03332,Install,2024-06-23,0
E0008709,U03332,Signup,2024-06-23,0
E0008710,U03333,Install,2024-03-23,0
E0008711,U03333,Signup,2024-03-23,0
E0008712,U03333,Onboarding,2024-03-24,1
E0008713,U03334,Install,2024-04-14,0
E0008714,U03334,Signup,2024-04-14,0
E0008715,U03334,Onboarding,2024-04-15,1
E0008716,U03335,Install,2024-05-23,0
E0008717,U03335,Signup,2024-05-23,0
E0008718,U03335,Onboarding,2024-05-24,1
E0008719,U03336,Install,2024-04-17,0
E0008720,U03336,Signup,2024-04-17,0
E0008721,U03337,Install,2024-03-07,0
E0008722,U03337,Signup,2024-03-07,0
E0008723,U03337,Onboarding,2024-03-08,1
E0008724,U03338,Install,2024-02-24,0
E0008725,U03338,Signup,2024-02-24,0
E0008726,U03339,Install,2024-03-07,0
E0008727,U03339,Signup,2024-03-07,0
E0008728,U03339,Onboarding,2024-03-08,1
E0008729,U03339,First_Action,2024-03-10,3
E0008730,U03339,Day1_Active,2024-03-11,4
E0008731,U03340,Install,2024-01-01,0
E0008732,U03341,Install,2024-05-10,0
E0008733,U03342,Install,2024-06-29,0
E0008734,U03343,Install,2024-05-05,0
E0008735,U03343,Signup,2024-05-05,0
E0008736,U03343,Onboarding,2024-05-06,1
E0008737,U03344,Install,2024-05-21,0
E0008738,U03344,Signup,2024-05-21,0
E0008739,U03344,Onboarding,2024-05-22,1
E0008740,U03344,First_Action,2024-05-24,3
E0008741,U03344,Day1_Active,2024-05-25,4
E0008742,U03344,Day7_Active,2024-05-31,10
E0008743,U03345,Install,2024-03-10,0
E0008744,U03345,Signup,2024-03-10,0
E0008745,U03346,Install,2024-05-08,0
E0008746,U03347,Install,2024-06-15,0
E0008747,U03347,Signup,2024-06-15,0
E0008748,U03347,Onboarding,2024-06-16,1
E0008749,U03348,Install,2024-05-01,0
E0008750,U03348,Signup,2024-05-01,0
E0008751,U03348,Onboarding,2024-05-02,1
E0008752,U03349,Install,2024-06-08,0
E0008753,U03349,Signup,2024-06-08,0
E0008754,U03350,Install,2024-04-17,0
E0008755,U03350,Signup,2024-04-17,0
E0008756,U03350,Onboarding,2024-04-18,1
E0008757,U03351,Install,2024-02-12,0
E0008758,U03352,Install,2024-02-29,0
E0008759,U03353,Install,2024-01-02,0
E0008760,U03353,Signup,2024-01-02,0
E0008761,U03353,Onboarding,2024-01-03,1
E0008762,U03353,First_Action,2024-01-05,3
E0008763,U03354,Install,2024-05-31,0
E0008764,U03354,Signup,2024-05-31,0
E0008765,U03355,Install,2024-03-02,0
E0008766,U03355,Signup,2024-03-02,0
E0008767,U03355,Onboarding,2024-03-03,1
E0008768,U03356,Install,2024-01-26,0
E0008769,U03357,Install,2024-01-08,0
E0008770,U03357,Signup,2024-01-08,0
E0008771,U03358,Install,2024-05-27,0
E0008772,U03359,Install,2024-02-06,0
E0008773,U03359,Signup,2024-02-06,0
E0008774,U03360,Install,2024-02-14,0
E0008775,U03360,Signup,2024-02-14,0
E0008776,U03361,Install,2024-04-07,0
E0008777,U03361,Signup,2024-04-07,0
E0008778,U03361,Onboarding,2024-04-08,1
E0008779,U03361,First_Action,2024-04-10,3
E0008780,U03361,Day1_Active,2024-04-11,4
E0008781,U03362,Install,2024-05-19,0
E0008782,U03362,Signup,2024-05-19,0
E0008783,U03363,Install,2024-01-09,0
E0008784,U03363,Signup,2024-01-09,0
E0008785,U03363,Onboarding,2024-01-10,1
E0008786,U03364,Install,2024-02-04,0
E0008787,U03364,Signup,2024-02-04,0
E0008788,U03364,Onboarding,2024-02-05,1
E0008789,U03364,First_Action,2024-02-07,3
E0008790,U03365,Install,2024-03-27,0
E0008791,U03366,Install,2024-03-26,0
E0008792,U03367,Install,2024-04-28,0
E0008793,U03368,Install,2024-01-28,0
E0008794,U03369,Install,2024-01-20,0
E0008795,U03370,Install,2024-03-21,0
E0008796,U03370,Signup,2024-03-21,0
E0008797,U03371,Install,2024-05-06,0
E0008798,U03371,Signup,2024-05-06,0
E0008799,U03372,Install,2024-01-02,0
E0008800,U03372,Signup,2024-01-02,0
E0008801,U03373,Install,2024-02-27,0
E0008802,U03373,Signup,2024-02-27,0
E0008803,U03373,Onboarding,2024-02-28,1
E0008804,U03373,First_Action,2024-03-01,3
E0008805,U03373,Day1_Active,2024-03-02,4
E0008806,U03373,Day7_Active,2024-03-08,10
E0008807,U03374,Install,2024-02-06,0
E0008808,U03374,Signup,2024-02-06,0
E0008809,U03374,Onboarding,2024-02-07,1
E0008810,U03375,Install,2024-03-10,0
E0008811,U03375,Signup,2024-03-10,0
E0008812,U03375,Onboarding,2024-03-11,1
E0008813,U03375,First_Action,2024-03-13,3
E0008814,U03375,Day1_Active,2024-03-14,4
E0008815,U03376,Install,2024-05-29,0
E0008816,U03376,Signup,2024-05-29,0
E0008817,U03376,Onboarding,2024-05-30,1
E0008818,U03377,Install,2024-04-06,0
E0008819,U03377,Signup,2024-04-06,0
E0008820,U03377,Onboarding,2024-04-07,1
E0008821,U03377,First_Action,2024-04-09,3
E0008822,U03378,Install,2024-01-25,0
E0008823,U03378,Signup,2024-01-25,0
E0008824,U03378,Onboarding,2024-01-26,1
E0008825,U03378,First_Action,2024-01-28,3
E0008826,U03379,Install,2024-03-17,0
E0008827,U03379,Signup,2024-03-17,0
E0008828,U03379,Onboarding,2024-03-18,1
E0008829,U03379,First_Action,2024-03-20,3
E0008830,U03379,Day1_Active,2024-03-21,4
E0008831,U03379,Day7_Active,2024-03-27,10
E0008832,U03380,Install,2024-06-26,0
E0008833,U03380,Signup,2024-06-26,0
E0008834,U03381,Install,2024-05-27,0
E0008835,U03381,Signup,2024-05-27,0
E0008836,U03381,Onboarding,2024-05-28,1
E0008837,U03382,Install,2024-02-13,0
E0008838,U03382,Signup,2024-02-13,0
E0008839,U03382,Onboarding,2024-02-14,1
E0008840,U03382,First_Action,2024-02-16,3
E0008841,U03382,Day1_Active,2024-02-17,4
E0008842,U03383,Install,2024-06-04,0
E0008843,U03383,Signup,2024-06-04,0
E0008844,U03383,Onboarding,2024-06-05,1
E0008845,U03383,First_Action,2024-06-07,3
E0008846,U03384,Install,2024-05-11,0
E0008847,U03384,Signup,2024-05-11,0
E0008848,U03385,Install,2024-05-08,0
E0008849,U03385,Signup,2024-05-08,0
E0008850,U03385,Onboarding,2024-05-09,1
E0008851,U03386,Install,2024-06-17,0
E0008852,U03386,Signup,2024-06-17,0
E0008853,U03387,Install,2024-06-07,0
E0008854,U03387,Signup,2024-06-07,0
E0008855,U03387,Onboarding,2024-06-08,1
E0008856,U03387,First_Action,2024-06-10,3
E0008857,U03387,Day1_Active,2024-06-11,4
E0008858,U03388,Install,2024-05-15,0
E0008859,U03389,Install,2024-06-09,0
E0008860,U03389,Signup,2024-06-09,0
E0008861,U03390,Install,2024-05-10,0
E0008862,U03390,Signup,2024-05-10,0
E0008863,U03391,Install,2024-05-26,0
E0008864,U03392,Install,2024-01-03,0
E0008865,U03392,Signup,2024-01-03,0
E0008866,U03393,Install,2024-02-07,0
E0008867,U03393,Signup,2024-02-07,0
E0008868,U03393,Onboarding,2024-02-08,1
E0008869,U03394,Install,2024-01-01,0
E0008870,U03394,Signup,2024-01-01,0
E0008871,U03394,Onboarding,2024-01-02,1
E0008872,U03394,First_Action,2024-01-04,3
E0008873,U03395,Install,2024-04-13,0
E0008874,U03395,Signup,2024-04-13,0
E0008875,U03395,Onboarding,2024-04-14,1
E0008876,U03396,Install,2024-05-25,0
E0008877,U03396,Signup,2024-05-25,0
E0008878,U03396,Onboarding,2024-05-26,1
E0008879,U03396,First_Action,2024-05-28,3
E0008880,U03396,Day1_Active,2024-05-29,4
E0008881,U03397,Install,2024-01-24,0
E0008882,U03397,Signup,2024-01-24,0
E0008883,U03397,Onboarding,2024-01-25,1
E0008884,U03398,Install,2024-05-06,0
E0008885,U03398,Signup,2024-05-06,0
E0008886,U03398,Onboarding,2024-05-07,1
E0008887,U03399,Install,2024-05-27,0
E0008888,U03399,Signup,2024-05-27,0
E0008889,U03399,Onboarding,2024-05-28,1
E0008890,U03399,First_Action,2024-05-30,3
E0008891,U03400,Install,2024-03-27,0
E0008892,U03400,Signup,2024-03-27,0
E0008893,U03401,Install,2024-05-20,0
E0008894,U03401,Signup,2024-05-20,0
E0008895,U03401,Onboarding,2024-05-21,1
E0008896,U03402,Install,2024-06-01,0
E0008897,U03402,Signup,2024-06-01,0
E0008898,U03403,Install,2024-01-31,0
E0008899,U03403,Signup,2024-01-31,0
E0008900,U03403,Onboarding,2024-02-01,1
E0008901,U03403,First_Action,2024-02-03,3
E0008902,U03403,Day1_Active,2024-02-04,4
E0008903,U03404,Install,2024-05-13,0
E0008904,U03404,Signup,2024-05-13,0
E0008905,U03404,Onboarding,2024-05-14,1
E0008906,U03404,First_Action,2024-05-16,3
E0008907,U03405,Install,2024-03-07,0
E0008908,U03405,Signup,2024-03-07,0
E0008909,U03405,Onboarding,2024-03-08,1
E0008910,U03405,First_Action,2024-03-10,3
E0008911,U03406,Install,2024-01-05,0
E0008912,U03407,Install,2024-03-23,0
E0008913,U03407,Signup,2024-03-23,0
E0008914,U03407,Onboarding,2024-03-24,1
E0008915,U03407,First_Action,2024-03-26,3
E0008916,U03407,Day1_Active,2024-03-27,4
E0008917,U03408,Install,2024-05-27,0
E0008918,U03408,Signup,2024-05-27,0
E0008919,U03408,Onboarding,2024-05-28,1
E0008920,U03409,Install,2024-04-20,0
E0008921,U03409,Signup,2024-04-20,0
E0008922,U03409,Onboarding,2024-04-21,1
E0008923,U03410,Install,2024-06-13,0
E0008924,U03410,Signup,2024-06-13,0
E0008925,U03410,Onboarding,2024-06-14,1
E0008926,U03410,First_Action,2024-06-16,3
E0008927,U03411,Install,2024-05-09,0
E0008928,U03411,Signup,2024-05-09,0
E0008929,U03411,Onboarding,2024-05-10,1
E0008930,U03412,Install,2024-03-14,0
E0008931,U03413,Install,2024-05-08,0
E0008932,U03414,Install,2024-04-01,0
E0008933,U03414,Signup,2024-04-01,0
E0008934,U03414,Onboarding,2024-04-02,1
E0008935,U03414,First_Action,2024-04-04,3
E0008936,U03414,Day1_Active,2024-04-05,4
E0008937,U03414,Day7_Active,2024-04-11,10
E0008938,U03415,Install,2024-04-26,0
E0008939,U03415,Signup,2024-04-26,0
E0008940,U03415,Onboarding,2024-04-27,1
E0008941,U03416,Install,2024-02-05,0
E0008942,U03416,Signup,2024-02-05,0
E0008943,U03417,Install,2024-06-09,0
E0008944,U03417,Signup,2024-06-09,0
E0008945,U03417,Onboarding,2024-06-10,1
E0008946,U03417,First_Action,2024-06-12,3
E0008947,U03417,Day1_Active,2024-06-13,4
E0008948,U03417,Day7_Active,2024-06-19,10
E0008949,U03418,Install,2024-04-11,0
E0008950,U03418,Signup,2024-04-11,0
E0008951,U03418,Onboarding,2024-04-12,1
E0008952,U03418,First_Action,2024-04-14,3
E0008953,U03419,Install,2024-04-19,0
E0008954,U03419,Signup,2024-04-19,0
E0008955,U03419,Onboarding,2024-04-20,1
E0008956,U03420,Install,2024-01-23,0
E0008957,U03420,Signup,2024-01-23,0
E0008958,U03420,Onboarding,2024-01-24,1
E0008959,U03421,Install,2024-02-02,0
E0008960,U03421,Signup,2024-02-02,0
E0008961,U03422,Install,2024-01-08,0
E0008962,U03422,Signup,2024-01-08,0
E0008963,U03422,Onboarding,2024-01-09,1
E0008964,U03423,Install,2024-04-19,0
E0008965,U03423,Signup,2024-04-19,0
E0008966,U03423,Onboarding,2024-04-20,1
E0008967,U03423,First_Action,2024-04-22,3
E0008968,U03424,Install,2024-03-07,0
E0008969,U03425,Install,2024-02-06,0
E0008970,U03425,Signup,2024-02-06,0
E0008971,U03426,Install,2024-01-07,0
E0008972,U03426,Signup,2024-01-07,0
E0008973,U03426,Onboarding,2024-01-08,1
E0008974,U03426,First_Action,2024-01-10,3
E0008975,U03426,Day1_Active,2024-01-11,4
E0008976,U03427,Install,2024-06-09,0
E0008977,U03427,Signup,2024-06-09,0
E0008978,U03428,Install,2024-03-30,0
E0008979,U03428,Signup,2024-03-30,0
E0008980,U03429,Install,2024-03-22,0
E0008981,U03429,Signup,2024-03-22,0
E0008982,U03429,Onboarding,2024-03-23,1
E0008983,U03430,Install,2024-04-10,0
E0008984,U03431,Install,2024-03-30,0
E0008985,U03431,Signup,2024-03-30,0
E0008986,U03432,Install,2024-01-20,0
E0008987,U03432,Signup,2024-01-20,0
E0008988,U03433,Install,2024-04-23,0
E0008989,U03434,Install,2024-01-21,0
E0008990,U03434,Signup,2024-01-21,0
E0008991,U03434,Onboarding,2024-01-22,1
E0008992,U03434,First_Action,2024-01-24,3
E0008993,U03434,Day1_Active,2024-01-25,4
E0008994,U03434,Day7_Active,2024-01-31,10
E0008995,U03435,Install,2024-01-28,0
E0008996,U03436,Install,2024-02-02,0
E0008997,U03436,Signup,2024-02-02,0
E0008998,U03436,Onboarding,2024-02-03,1
E0008999,U03436,First_Action,2024-02-05,3
E0009000,U03436,Day1_Active,2024-02-06,4
E0009001,U03436,Day7_Active,2024-02-12,10
E0009002,U03437,Install,2024-04-17,0
E0009003,U03437,Signup,2024-04-17,0
E0009004,U03437,Onboarding,2024-04-18,1
E0009005,U03437,First_Action,2024-04-20,3
E0009006,U03438,Install,2024-03-27,0
E0009007,U03438,Signup,2024-03-27,0
E0009008,U03438,Onboarding,2024-03-28,1
E0009009,U03439,Install,2024-04-01,0
E0009010,U03440,Install,2024-03-13,0
E0009011,U03440,Signup,2024-03-13,0
E0009012,U03441,Install,2024-02-20,0
E0009013,U03441,Signup,2024-02-20,0
E0009014,U03441,Onboarding,2024-02-21,1
E0009015,U03442,Install,2024-04-19,0
E0009016,U03442,Signup,2024-04-19,0
E0009017,U03443,Install,2024-05-08,0
E0009018,U03443,Signup,2024-05-08,0
E0009019,U03443,Onboarding,2024-05-09,1
E0009020,U03444,Install,2024-05-17,0
E0009021,U03444,Signup,2024-05-17,0
E0009022,U03445,Install,2024-01-26,0
E0009023,U03445,Signup,2024-01-26,0
E0009024,U03445,Onboarding,2024-01-27,1
E0009025,U03446,Install,2024-03-20,0
E0009026,U03447,Install,2024-01-08,0
E0009027,U03447,Signup,2024-01-08,0
E0009028,U03447,Onboarding,2024-01-09,1
E0009029,U03447,First_Action,2024-01-11,3
E0009030,U03447,Day1_Active,2024-01-12,4
E0009031,U03447,Day7_Active,2024-01-18,10
E0009032,U03448,Install,2024-01-02,0
E0009033,U03448,Signup,2024-01-02,0
E0009034,U03449,Install,2024-05-09,0
E0009035,U03450,Install,2024-01-27,0
E0009036,U03450,Signup,2024-01-27,0
E0009037,U03450,Onboarding,2024-01-28,1
E0009038,U03450,First_Action,2024-01-30,3
E0009039,U03450,Day1_Active,2024-01-31,4
E0009040,U03450,Day7_Active,2024-02-06,10
E0009041,U03451,Install,2024-01-21,0
E0009042,U03451,Signup,2024-01-21,0
E0009043,U03452,Install,2024-05-01,0
E0009044,U03452,Signup,2024-05-01,0
E0009045,U03452,Onboarding,2024-05-02,1
E0009046,U03452,First_Action,2024-05-04,3
E0009047,U03452,Day1_Active,2024-05-05,4
E0009048,U03453,Install,2024-04-29,0
E0009049,U03453,Signup,2024-04-29,0
E0009050,U03453,Onboarding,2024-04-30,1
E0009051,U03453,First_Action,2024-05-02,3
E0009052,U03453,Day1_Active,2024-05-03,4
E0009053,U03454,Install,2024-04-09,0
E0009054,U03454,Signup,2024-04-09,0
E0009055,U03455,Install,2024-01-14,0
E0009056,U03455,Signup,2024-01-14,0
E0009057,U03455,Onboarding,2024-01-15,1
E0009058,U03456,Install,2024-04-29,0
E0009059,U03456,Signup,2024-04-29,0
E0009060,U03457,Install,2024-02-22,0
E0009061,U03457,Signup,2024-02-22,0
E0009062,U03458,Install,2024-04-30,0
E0009063,U03459,Install,2024-01-01,0
E0009064,U03459,Signup,2024-01-01,0
E0009065,U03460,Install,2024-01-29,0
E0009066,U03461,Install,2024-06-06,0
E0009067,U03461,Signup,2024-06-06,0
E0009068,U03462,Install,2024-05-30,0
E0009069,U03462,Signup,2024-05-30,0
E0009070,U03462,Onboarding,2024-05-31,1
E0009071,U03463,Install,2024-05-04,0
E0009072,U03463,Signup,2024-05-04,0
E0009073,U03463,Onboarding,2024-05-05,1
E0009074,U03464,Install,2024-01-02,0
E0009075,U03464,Signup,2024-01-02,0
E0009076,U03464,Onboarding,2024-01-03,1
E0009077,U03464,First_Action,2024-01-05,3
E0009078,U03464,Day1_Active,2024-01-06,4
E0009079,U03465,Install,2024-03-31,0
E0009080,U03466,Install,2024-03-16,0
E0009081,U03467,Install,2024-02-01,0
E0009082,U03467,Signup,2024-02-01,0
E0009083,U03468,Install,2024-05-21,0
E0009084,U03468,Signup,2024-05-21,0
E0009085,U03469,Install,2024-04-23,0
E0009086,U03469,Signup,2024-04-23,0
E0009087,U03469,Onboarding,2024-04-24,1
E0009088,U03469,First_Action,2024-04-26,3
E0009089,U03470,Install,2024-04-03,0
E0009090,U03470,Signup,2024-04-03,0
E0009091,U03470,Onboarding,2024-04-04,1
E0009092,U03471,Install,2024-01-30,0
E0009093,U03471,Signup,2024-01-30,0
E0009094,U03471,Onboarding,2024-01-31,1
E0009095,U03471,First_Action,2024-02-02,3
E0009096,U03472,Install,2024-01-03,0
E0009097,U03472,Signup,2024-01-03,0
E0009098,U03472,Onboarding,2024-01-04,1
E0009099,U03473,Install,2024-03-07,0
E0009100,U03473,Signup,2024-03-07,0
E0009101,U03474,Install,2024-06-07,0
E0009102,U03475,Install,2024-01-17,0
E0009103,U03475,Signup,2024-01-17,0
E0009104,U03475,Onboarding,2024-01-18,1
E0009105,U03476,Install,2024-01-20,0
E0009106,U03476,Signup,2024-01-20,0
E0009107,U03476,Onboarding,2024-01-21,1
E0009108,U03477,Install,2024-01-19,0
E0009109,U03478,Install,2024-06-27,0
E0009110,U03478,Signup,2024-06-27,0
E0009111,U03478,Onboarding,2024-06-28,1
E0009112,U03478,First_Action,2024-06-30,3
E0009113,U03478,Day1_Active,2024-07-01,4
E0009114,U03479,Install,2024-03-25,0
E0009115,U03479,Signup,2024-03-25,0
E0009116,U03480,Install,2024-03-11,0
E0009117,U03480,Signup,2024-03-11,0
E0009118,U03480,Onboarding,2024-03-12,1
E0009119,U03481,Install,2024-05-29,0
E0009120,U03481,Signup,2024-05-29,0
E0009121,U03481,Onboarding,2024-05-30,1
E0009122,U03481,First_Action,2024-06-01,3
E0009123,U03481,Day1_Active,2024-06-02,4
E0009124,U03481,Day7_Active,2024-06-08,10
E0009125,U03482,Install,2024-03-23,0
E0009126,U03482,Signup,2024-03-23,0
E0009127,U03482,Onboarding,2024-03-24,1
E0009128,U03482,First_Action,2024-03-26,3
E0009129,U03482,Day1_Active,2024-03-27,4
E0009130,U03483,Install,2024-04-24,0
E0009131,U03484,Install,2024-05-24,0
E0009132,U03484,Signup,2024-05-24,0
E0009133,U03485,Install,2024-06-12,0
E0009134,U03485,Signup,2024-06-12,0
E0009135,U03486,Install,2024-01-05,0
E0009136,U03486,Signup,2024-01-05,0
E0009137,U03486,Onboarding,2024-01-06,1
E0009138,U03486,First_Action,2024-01-08,3
E0009139,U03487,Install,2024-03-12,0
E0009140,U03488,Install,2024-01-07,0
E0009141,U03489,Install,2024-03-08,0
E0009142,U03489,Signup,2024-03-08,0
E0009143,U03489,Onboarding,2024-03-09,1
E0009144,U03489,First_Action,2024-03-11,3
E0009145,U03489,Day1_Active,2024-03-12,4
E0009146,U03490,Install,2024-01-16,0
E0009147,U03490,Signup,2024-01-16,0
E0009148,U03491,Install,2024-02-17,0
E0009149,U03491,Signup,2024-02-17,0
E0009150,U03491,Onboarding,2024-02-18,1
E0009151,U03491,First_Action,2024-02-20,3
E0009152,U03492,Install,2024-06-29,0
E0009153,U03492,Signup,2024-06-29,0
E0009154,U03492,Onboarding,2024-06-30,1
E0009155,U03493,Install,2024-04-10,0
E0009156,U03493,Signup,2024-04-10,0
E0009157,U03493,Onboarding,2024-04-11,1
E0009158,U03494,Install,2024-03-17,0
E0009159,U03494,Signup,2024-03-17,0
E0009160,U03495,Install,2024-04-06,0
E0009161,U03495,Signup,2024-04-06,0
E0009162,U03495,Onboarding,2024-04-07,1
E0009163,U03495,First_Action,2024-04-09,3
E0009164,U03496,Install,2024-03-27,0
E0009165,U03496,Signup,2024-03-27,0
E0009166,U03496,Onboarding,2024-03-28,1
E0009167,U03496,First_Action,2024-03-30,3
E0009168,U03497,Install,2024-04-01,0
E0009169,U03497,Signup,2024-04-01,0
E0009170,U03497,Onboarding,2024-04-02,1
E0009171,U03498,Install,2024-06-04,0
E0009172,U03499,Install,2024-05-13,0
E0009173,U03499,Signup,2024-05-13,0
E0009174,U03500,Install,2024-04-04,0
E0009175,U03500,Signup,2024-04-04,0
E0009176,U03500,Onboarding,2024-04-05,1
E0009177,U03500,First_Action,2024-04-07,3
E0009178,U03500,Day1_Active,2024-04-08,4
E0009179,U03501,Install,2024-06-03,0
E0009180,U03501,Signup,2024-06-03,0
E0009181,U03501,Onboarding,2024-06-04,1
E0009182,U03501,First_Action,2024-06-06,3
E0009183,U03502,Install,2024-03-24,0
E0009184,U03502,Signup,2024-03-24,0
E0009185,U03502,Onboarding,2024-03-25,1
E0009186,U03502,First_Action,2024-03-27,3
E0009187,U03502,Day1_Active,2024-03-28,4
E0009188,U03503,Install,2024-06-23,0
E0009189,U03503,Signup,2024-06-23,0
E0009190,U03504,Install,2024-04-28,0
E0009191,U03504,Signup,2024-04-28,0
E0009192,U03504,Onboarding,2024-04-29,1
E0009193,U03504,First_Action,2024-05-01,3
E0009194,U03504,Day1_Active,2024-05-02,4
E0009195,U03504,Day7_Active,2024-05-08,10
E0009196,U03505,Install,2024-06-29,0
E0009197,U03505,Signup,2024-06-29,0
E0009198,U03505,Onboarding,2024-06-30,1
E0009199,U03505,First_Action,2024-07-02,3
E0009200,U03505,Day1_Active,2024-07-03,4
E0009201,U03506,Install,2024-05-02,0
E0009202,U03506,Signup,2024-05-02,0
E0009203,U03506,Onboarding,2024-05-03,1
E0009204,U03506,First_Action,2024-05-05,3
E0009205,U03506,Day1_Active,2024-05-06,4
E0009206,U03507,Install,2024-01-16,0
E0009207,U03507,Signup,2024-01-16,0
E0009208,U03507,Onboarding,2024-01-17,1
E0009209,U03507,First_Action,2024-01-19,3
E0009210,U03507,Day1_Active,2024-01-20,4
E0009211,U03507,Day7_Active,2024-01-26,10
E0009212,U03508,Install,2024-01-20,0
E0009213,U03508,Signup,2024-01-20,0
E0009214,U03508,Onboarding,2024-01-21,1
E0009215,U03509,Install,2024-05-05,0
E0009216,U03509,Signup,2024-05-05,0
E0009217,U03510,Install,2024-04-05,0
E0009218,U03510,Signup,2024-04-05,0
E0009219,U03510,Onboarding,2024-04-06,1
E0009220,U03511,Install,2024-04-05,0
E0009221,U03511,Signup,2024-04-05,0
E0009222,U03512,Install,2024-02-15,0
E0009223,U03513,Install,2024-05-20,0
E0009224,U03513,Signup,2024-05-20,0
E0009225,U03514,Install,2024-05-06,0
E0009226,U03514,Signup,2024-05-06,0
E0009227,U03515,Install,2024-01-05,0
E0009228,U03516,Install,2024-01-11,0
E0009229,U03516,Signup,2024-01-11,0
E0009230,U03516,Onboarding,2024-01-12,1
E0009231,U03517,Install,2024-02-17,0
E0009232,U03517,Signup,2024-02-17,0
E0009233,U03517,Onboarding,2024-02-18,1
E0009234,U03517,First_Action,2024-02-20,3
E0009235,U03517,Day1_Active,2024-02-21,4
E0009236,U03518,Install,2024-01-29,0
E0009237,U03518,Signup,2024-01-29,0
E0009238,U03518,Onboarding,2024-01-30,1
E0009239,U03518,First_Action,2024-02-01,3
E0009240,U03518,Day1_Active,2024-02-02,4
E0009241,U03519,Install,2024-03-02,0
E0009242,U03519,Signup,2024-03-02,0
E0009243,U03520,Install,2024-03-24,0
E0009244,U03520,Signup,2024-03-24,0
E0009245,U03521,Install,2024-05-20,0
E0009246,U03521,Signup,2024-05-20,0
E0009247,U03521,Onboarding,2024-05-21,1
E0009248,U03521,First_Action,2024-05-23,3
E0009249,U03522,Install,2024-06-28,0
E0009250,U03522,Signup,2024-06-28,0
E0009251,U03522,Onboarding,2024-06-29,1
E0009252,U03522,First_Action,2024-07-01,3
E0009253,U03523,Install,2024-05-26,0
E0009254,U03523,Signup,2024-05-26,0
E0009255,U03524,Install,2024-05-24,0
E0009256,U03524,Signup,2024-05-24,0
E0009257,U03524,Onboarding,2024-05-25,1
E0009258,U03525,Install,2024-06-14,0
E0009259,U03525,Signup,2024-06-14,0
E0009260,U03525,Onboarding,2024-06-15,1
E0009261,U03525,First_Action,2024-06-17,3
E0009262,U03526,Install,2024-02-22,0
E0009263,U03527,Install,2024-01-01,0
E0009264,U03527,Signup,2024-01-01,0
E0009265,U03527,Onboarding,2024-01-02,1
E0009266,U03528,Install,2024-04-03,0
E0009267,U03528,Signup,2024-04-03,0
E0009268,U03528,Onboarding,2024-04-04,1
E0009269,U03528,First_Action,2024-04-06,3
E0009270,U03528,Day1_Active,2024-04-07,4
E0009271,U03529,Install,2024-01-27,0
E0009272,U03529,Signup,2024-01-27,0
E0009273,U03529,Onboarding,2024-01-28,1
E0009274,U03530,Install,2024-01-20,0
E0009275,U03531,Install,2024-01-09,0
E0009276,U03531,Signup,2024-01-09,0
E0009277,U03531,Onboarding,2024-01-10,1
E0009278,U03531,First_Action,2024-01-12,3
E0009279,U03531,Day1_Active,2024-01-13,4
E0009280,U03532,Install,2024-02-10,0
E0009281,U03532,Signup,2024-02-10,0
E0009282,U03532,Onboarding,2024-02-11,1
E0009283,U03533,Install,2024-04-01,0
E0009284,U03534,Install,2024-01-16,0
E0009285,U03534,Signup,2024-01-16,0
E0009286,U03534,Onboarding,2024-01-17,1
E0009287,U03534,First_Action,2024-01-19,3
E0009288,U03534,Day1_Active,2024-01-20,4
E0009289,U03534,Day7_Active,2024-01-26,10
E0009290,U03535,Install,2024-06-23,0
E0009291,U03535,Signup,2024-06-23,0
E0009292,U03535,Onboarding,2024-06-24,1
E0009293,U03536,Install,2024-05-23,0
E0009294,U03536,Signup,2024-05-23,0
E0009295,U03536,Onboarding,2024-05-24,1
E0009296,U03537,Install,2024-02-11,0
E0009297,U03537,Signup,2024-02-11,0
E0009298,U03538,Install,2024-05-17,0
E0009299,U03539,Install,2024-02-02,0
E0009300,U03539,Signup,2024-02-02,0
E0009301,U03540,Install,2024-01-15,0
E0009302,U03540,Signup,2024-01-15,0
E0009303,U03540,Onboarding,2024-01-16,1
E0009304,U03541,Install,2024-06-02,0
E0009305,U03541,Signup,2024-06-02,0
E0009306,U03541,Onboarding,2024-06-03,1
E0009307,U03542,Install,2024-02-20,0
E0009308,U03542,Signup,2024-02-20,0
E0009309,U03543,Install,2024-01-04,0
E0009310,U03544,Install,2024-04-24,0
E0009311,U03545,Install,2024-01-20,0
E0009312,U03545,Signup,2024-01-20,0
E0009313,U03545,Onboarding,2024-01-21,1
E0009314,U03546,Install,2024-04-18,0
E0009315,U03546,Signup,2024-04-18,0
E0009316,U03546,Onboarding,2024-04-19,1
E0009317,U03547,Install,2024-04-12,0
E0009318,U03547,Signup,2024-04-12,0
E0009319,U03548,Install,2024-04-18,0
E0009320,U03548,Signup,2024-04-18,0
E0009321,U03548,Onboarding,2024-04-19,1
E0009322,U03549,Install,2024-06-17,0
E0009323,U03549,Signup,2024-06-17,0
E0009324,U03549,Onboarding,2024-06-18,1
E0009325,U03550,Install,2024-02-18,0
E0009326,U03550,Signup,2024-02-18,0
E0009327,U03550,Onboarding,2024-02-19,1
E0009328,U03550,First_Action,2024-02-21,3
E0009329,U03550,Day1_Active,2024-02-22,4
E0009330,U03550,Day7_Active,2024-02-28,10
E0009331,U03551,Install,2024-01-03,0
E0009332,U03552,Install,2024-01-27,0
E0009333,U03553,Install,2024-05-31,0
E0009334,U03553,Signup,2024-05-31,0
E0009335,U03554,Install,2024-03-05,0
E0009336,U03554,Signup,2024-03-05,0
E0009337,U03555,Install,2024-03-06,0
E0009338,U03555,Signup,2024-03-06,0
E0009339,U03555,Onboarding,2024-03-07,1
E0009340,U03556,Install,2024-02-16,0
E0009341,U03556,Signup,2024-02-16,0
E0009342,U03556,Onboarding,2024-02-17,1
E0009343,U03557,Install,2024-04-20,0
E0009344,U03557,Signup,2024-04-20,0
E0009345,U03558,Install,2024-02-13,0
E0009346,U03559,Install,2024-01-15,0
E0009347,U03559,Signup,2024-01-15,0
E0009348,U03559,Onboarding,2024-01-16,1
E0009349,U03560,Install,2024-01-15,0
E0009350,U03560,Signup,2024-01-15,0
E0009351,U03560,Onboarding,2024-01-16,1
E0009352,U03560,First_Action,2024-01-18,3
E0009353,U03561,Install,2024-05-15,0
E0009354,U03561,Signup,2024-05-15,0
E0009355,U03561,Onboarding,2024-05-16,1
E0009356,U03562,Install,2024-06-30,0
E0009357,U03562,Signup,2024-06-30,0
E0009358,U03562,Onboarding,2024-07-01,1
E0009359,U03562,First_Action,2024-07-03,3
E0009360,U03563,Install,2024-04-11,0
E0009361,U03563,Signup,2024-04-11,0
E0009362,U03563,Onboarding,2024-04-12,1
E0009363,U03563,First_Action,2024-04-14,3
E0009364,U03563,Day1_Active,2024-04-15,4
E0009365,U03563,Day7_Active,2024-04-21,10
E0009366,U03564,Install,2024-06-12,0
E0009367,U03564,Signup,2024-06-12,0
E0009368,U03565,Install,2024-02-10,0
E0009369,U03565,Signup,2024-02-10,0
E0009370,U03566,Install,2024-06-18,0
E0009371,U03566,Signup,2024-06-18,0
E0009372,U03566,Onboarding,2024-06-19,1
E0009373,U03566,First_Action,2024-06-21,3
E0009374,U03567,Install,2024-05-21,0
E0009375,U03568,Install,2024-02-13,0
E0009376,U03568,Signup,2024-02-13,0
E0009377,U03569,Install,2024-06-01,0
E0009378,U03569,Signup,2024-06-01,0
E0009379,U03569,Onboarding,2024-06-02,1
E0009380,U03569,First_Action,2024-06-04,3
E0009381,U03570,Install,2024-06-26,0
E0009382,U03571,Install,2024-03-28,0
E0009383,U03571,Signup,2024-03-28,0
E0009384,U03572,Install,2024-05-02,0
E0009385,U03572,Signup,2024-05-02,0
E0009386,U03572,Onboarding,2024-05-03,1
E0009387,U03572,First_Action,2024-05-05,3
E0009388,U03572,Day1_Active,2024-05-06,4
E0009389,U03573,Install,2024-01-22,0
E0009390,U03573,Signup,2024-01-22,0
E0009391,U03574,Install,2024-02-11,0
E0009392,U03574,Signup,2024-02-11,0
E0009393,U03574,Onboarding,2024-02-12,1
E0009394,U03574,First_Action,2024-02-14,3
E0009395,U03575,Install,2024-01-02,0
E0009396,U03575,Signup,2024-01-02,0
E0009397,U03575,Onboarding,2024-01-03,1
E0009398,U03575,First_Action,2024-01-05,3
E0009399,U03576,Install,2024-06-17,0
E0009400,U03576,Signup,2024-06-17,0
E0009401,U03577,Install,2024-01-15,0
E0009402,U03577,Signup,2024-01-15,0
E0009403,U03577,Onboarding,2024-01-16,1
E0009404,U03578,Install,2024-03-31,0
E0009405,U03578,Signup,2024-03-31,0
E0009406,U03578,Onboarding,2024-04-01,1
E0009407,U03578,First_Action,2024-04-03,3
E0009408,U03579,Install,2024-01-24,0
E0009409,U03579,Signup,2024-01-24,0
E0009410,U03580,Install,2024-02-20,0
E0009411,U03580,Signup,2024-02-20,0
E0009412,U03580,Onboarding,2024-02-21,1
E0009413,U03581,Install,2024-01-24,0
E0009414,U03581,Signup,2024-01-24,0
E0009415,U03582,Install,2024-03-11,0
E0009416,U03583,Install,2024-04-30,0
E0009417,U03583,Signup,2024-04-30,0
E0009418,U03583,Onboarding,2024-05-01,1
E0009419,U03583,First_Action,2024-05-03,3
E0009420,U03584,Install,2024-01-09,0
E0009421,U03584,Signup,2024-01-09,0
E0009422,U03584,Onboarding,2024-01-10,1
E0009423,U03585,Install,2024-01-12,0
E0009424,U03586,Install,2024-01-26,0
E0009425,U03586,Signup,2024-01-26,0
E0009426,U03586,Onboarding,2024-01-27,1
E0009427,U03587,Install,2024-06-06,0
E0009428,U03587,Signup,2024-06-06,0
E0009429,U03587,Onboarding,2024-06-07,1
E0009430,U03587,First_Action,2024-06-09,3
E0009431,U03588,Install,2024-05-23,0
E0009432,U03588,Signup,2024-05-23,0
E0009433,U03588,Onboarding,2024-05-24,1
E0009434,U03589,Install,2024-02-26,0
E0009435,U03589,Signup,2024-02-26,0
E0009436,U03589,Onboarding,2024-02-27,1
E0009437,U03589,First_Action,2024-02-29,3
E0009438,U03590,Install,2024-05-26,0
E0009439,U03590,Signup,2024-05-26,0
E0009440,U03591,Install,2024-05-17,0
E0009441,U03592,Install,2024-01-11,0
E0009442,U03592,Signup,2024-01-11,0
E0009443,U03593,Install,2024-01-17,0
E0009444,U03593,Signup,2024-01-17,0
E0009445,U03593,Onboarding,2024-01-18,1
E0009446,U03593,First_Action,2024-01-20,3
E0009447,U03594,Install,2024-03-27,0
E0009448,U03594,Signup,2024-03-27,0
E0009449,U03594,Onboarding,2024-03-28,1
E0009450,U03594,First_Action,2024-03-30,3
E0009451,U03595,Install,2024-03-12,0
E0009452,U03596,Install,2024-02-26,0
E0009453,U03596,Signup,2024-02-26,0
E0009454,U03596,Onboarding,2024-02-27,1
E0009455,U03597,Install,2024-06-14,0
E0009456,U03597,Signup,2024-06-14,0
E0009457,U03598,Install,2024-05-13,0
E0009458,U03599,Install,2024-04-25,0
E0009459,U03599,Signup,2024-04-25,0
E0009460,U03600,Install,2024-04-29,0
E0009461,U03600,Signup,2024-04-29,0
E0009462,U03600,Onboarding,2024-04-30,1
E0009463,U03601,Install,2024-01-18,0
E0009464,U03601,Signup,2024-01-18,0
E0009465,U03602,Install,2024-06-04,0
E0009466,U03602,Signup,2024-06-04,0
E0009467,U03603,Install,2024-05-27,0
E0009468,U03603,Signup,2024-05-27,0
E0009469,U03603,Onboarding,2024-05-28,1
E0009470,U03604,Install,2024-06-15,0
E0009471,U03604,Signup,2024-06-15,0
E0009472,U03604,Onboarding,2024-06-16,1
E0009473,U03605,Install,2024-04-19,0
E0009474,U03605,Signup,2024-04-19,0
E0009475,U03605,Onboarding,2024-04-20,1
E0009476,U03605,First_Action,2024-04-22,3
E0009477,U03606,Install,2024-04-18,0
E0009478,U03606,Signup,2024-04-18,0
E0009479,U03607,Install,2024-02-24,0
E0009480,U03607,Signup,2024-02-24,0
E0009481,U03607,Onboarding,2024-02-25,1
E0009482,U03608,Install,2024-02-04,0
E0009483,U03608,Signup,2024-02-04,0
E0009484,U03608,Onboarding,2024-02-05,1
E0009485,U03608,First_Action,2024-02-07,3
E0009486,U03609,Install,2024-06-13,0
E0009487,U03610,Install,2024-05-09,0
E0009488,U03611,Install,2024-01-12,0
E0009489,U03611,Signup,2024-01-12,0
E0009490,U03612,Install,2024-02-13,0
E0009491,U03612,Signup,2024-02-13,0
E0009492,U03612,Onboarding,2024-02-14,1
E0009493,U03613,Install,2024-04-12,0
E0009494,U03613,Signup,2024-04-12,0
E0009495,U03613,Onboarding,2024-04-13,1
E0009496,U03614,Install,2024-06-20,0
E0009497,U03614,Signup,2024-06-20,0
E0009498,U03614,Onboarding,2024-06-21,1
E0009499,U03615,Install,2024-03-08,0
E0009500,U03615,Signup,2024-03-08,0
E0009501,U03615,Onboarding,2024-03-09,1
E0009502,U03616,Install,2024-04-12,0
E0009503,U03616,Signup,2024-04-12,0
E0009504,U03617,Install,2024-01-18,0
E0009505,U03618,Install,2024-05-01,0
E0009506,U03618,Signup,2024-05-01,0
E0009507,U03618,Onboarding,2024-05-02,1
E0009508,U03619,Install,2024-06-06,0
E0009509,U03619,Signup,2024-06-06,0
E0009510,U03619,Onboarding,2024-06-07,1
E0009511,U03620,Install,2024-05-23,0
E0009512,U03620,Signup,2024-05-23,0
E0009513,U03620,Onboarding,2024-05-24,1
E0009514,U03621,Install,2024-02-29,0
E0009515,U03622,Install,2024-03-19,0
E0009516,U03622,Signup,2024-03-19,0
E0009517,U03622,Onboarding,2024-03-20,1
E0009518,U03622,First_Action,2024-03-22,3
E0009519,U03623,Install,2024-06-27,0
E0009520,U03624,Install,2024-03-01,0
E0009521,U03624,Signup,2024-03-01,0
E0009522,U03624,Onboarding,2024-03-02,1
E0009523,U03625,Install,2024-03-13,0
E0009524,U03625,Signup,2024-03-13,0
E0009525,U03625,Onboarding,2024-03-14,1
E0009526,U03625,First_Action,2024-03-16,3
E0009527,U03626,Install,2024-06-02,0
E0009528,U03626,Signup,2024-06-02,0
E0009529,U03626,Onboarding,2024-06-03,1
E0009530,U03626,First_Action,2024-06-05,3
E0009531,U03626,Day1_Active,2024-06-06,4
E0009532,U03627,Install,2024-03-07,0
E0009533,U03627,Signup,2024-03-07,0
E0009534,U03628,Install,2024-05-11,0
E0009535,U03628,Signup,2024-05-11,0
E0009536,U03628,Onboarding,2024-05-12,1
E0009537,U03629,Install,2024-06-26,0
E0009538,U03629,Signup,2024-06-26,0
E0009539,U03629,Onboarding,2024-06-27,1
E0009540,U03629,First_Action,2024-06-29,3
E0009541,U03630,Install,2024-05-08,0
E0009542,U03630,Signup,2024-05-08,0
E0009543,U03631,Install,2024-02-26,0
E0009544,U03631,Signup,2024-02-26,0
E0009545,U03632,Install,2024-01-14,0
E0009546,U03632,Signup,2024-01-14,0
E0009547,U03633,Install,2024-06-17,0
E0009548,U03633,Signup,2024-06-17,0
E0009549,U03634,Install,2024-04-24,0
E0009550,U03634,Signup,2024-04-24,0
E0009551,U03634,Onboarding,2024-04-25,1
E0009552,U03634,First_Action,2024-04-27,3
E0009553,U03635,Install,2024-06-10,0
E0009554,U03636,Install,2024-01-09,0
E0009555,U03636,Signup,2024-01-09,0
E0009556,U03637,Install,2024-02-08,0
E0009557,U03637,Signup,2024-02-08,0
E0009558,U03637,Onboarding,2024-02-09,1
E0009559,U03638,Install,2024-03-16,0
E0009560,U03639,Install,2024-01-05,0
E0009561,U03639,Signup,2024-01-05,0
E0009562,U03640,Install,2024-02-17,0
E0009563,U03640,Signup,2024-02-17,0
E0009564,U03641,Install,2024-04-18,0
E0009565,U03641,Signup,2024-04-18,0
E0009566,U03642,Install,2024-01-29,0
E0009567,U03642,Signup,2024-01-29,0
E0009568,U03642,Onboarding,2024-01-30,1
E0009569,U03642,First_Action,2024-02-01,3
E0009570,U03642,Day1_Active,2024-02-02,4
E0009571,U03643,Install,2024-02-04,0
E0009572,U03643,Signup,2024-02-04,0
E0009573,U03643,Onboarding,2024-02-05,1
E0009574,U03644,Install,2024-02-14,0
E0009575,U03645,Install,2024-02-25,0
E0009576,U03645,Signup,2024-02-25,0
E0009577,U03645,Onboarding,2024-02-26,1
E0009578,U03646,Install,2024-05-13,0
E0009579,U03646,Signup,2024-05-13,0
E0009580,U03646,Onboarding,2024-05-14,1
E0009581,U03647,Install,2024-03-16,0
E0009582,U03647,Signup,2024-03-16,0
E0009583,U03648,Install,2024-02-25,0
E0009584,U03648,Signup,2024-02-25,0
E0009585,U03648,Onboarding,2024-02-26,1
E0009586,U03649,Install,2024-04-27,0
E0009587,U03649,Signup,2024-04-27,0
E0009588,U03650,Install,2024-06-29,0
E0009589,U03650,Signup,2024-06-29,0
E0009590,U03650,Onboarding,2024-06-30,1
E0009591,U03651,Install,2024-03-16,0
E0009592,U03651,Signup,2024-03-16,0
E0009593,U03651,Onboarding,2024-03-17,1
E0009594,U03651,First_Action,2024-03-19,3
E0009595,U03652,Install,2024-03-31,0
E0009596,U03652,Signup,2024-03-31,0
E0009597,U03653,Install,2024-05-16,0
E0009598,U03653,Signup,2024-05-16,0
E0009599,U03653,Onboarding,2024-05-17,1
E0009600,U03653,First_Action,2024-05-19,3
E0009601,U03653,Day1_Active,2024-05-20,4
E0009602,U03654,Install,2024-03-03,0
E0009603,U03655,Install,2024-02-07,0
E0009604,U03655,Signup,2024-02-07,0
E0009605,U03655,Onboarding,2024-02-08,1
E0009606,U03656,Install,2024-04-04,0
E0009607,U03656,Signup,2024-04-04,0
E0009608,U03657,Install,2024-02-29,0
E0009609,U03657,Signup,2024-02-29,0
E0009610,U03657,Onboarding,2024-03-01,1
E0009611,U03658,Install,2024-05-15,0
E0009612,U03659,Install,2024-05-04,0
E0009613,U03660,Install,2024-03-06,0
E0009614,U03660,Signup,2024-03-06,0
E0009615,U03661,Install,2024-02-02,0
E0009616,U03661,Signup,2024-02-02,0
E0009617,U03661,Onboarding,2024-02-03,1
E0009618,U03662,Install,2024-05-29,0
E0009619,U03662,Signup,2024-05-29,0
E0009620,U03663,Install,2024-06-02,0
E0009621,U03663,Signup,2024-06-02,0
E0009622,U03663,Onboarding,2024-06-03,1
E0009623,U03663,First_Action,2024-06-05,3
E0009624,U03664,Install,2024-05-20,0
E0009625,U03664,Signup,2024-05-20,0
E0009626,U03664,Onboarding,2024-05-21,1
E0009627,U03664,First_Action,2024-05-23,3
E0009628,U03665,Install,2024-05-22,0
E0009629,U03666,Install,2024-04-21,0
E0009630,U03666,Signup,2024-04-21,0
E0009631,U03667,Install,2024-03-05,0
E0009632,U03667,Signup,2024-03-05,0
E0009633,U03667,Onboarding,2024-03-06,1
E0009634,U03668,Install,2024-02-18,0
E0009635,U03668,Signup,2024-02-18,0
E0009636,U03668,Onboarding,2024-02-19,1
E0009637,U03669,Install,2024-01-02,0
E0009638,U03669,Signup,2024-01-02,0
E0009639,U03670,Install,2024-04-12,0
E0009640,U03671,Install,2024-06-15,0
E0009641,U03671,Signup,2024-06-15,0
E0009642,U03671,Onboarding,2024-06-16,1
E0009643,U03671,First_Action,2024-06-18,3
E0009644,U03671,Day1_Active,2024-06-19,4
E0009645,U03671,Day7_Active,2024-06-25,10
E0009646,U03672,Install,2024-02-25,0
E0009647,U03673,Install,2024-06-11,0
E0009648,U03673,Signup,2024-06-11,0
E0009649,U03673,Onboarding,2024-06-12,1
E0009650,U03673,First_Action,2024-06-14,3
E0009651,U03673,Day1_Active,2024-06-15,4
E0009652,U03673,Day7_Active,2024-06-21,10
E0009653,U03674,Install,2024-03-24,0
E0009654,U03674,Signup,2024-03-24,0
E0009655,U03674,Onboarding,2024-03-25,1
E0009656,U03674,First_Action,2024-03-27,3
E0009657,U03675,Install,2024-02-04,0
E0009658,U03675,Signup,2024-02-04,0
E0009659,U03675,Onboarding,2024-02-05,1
E0009660,U03676,Install,2024-05-12,0
E0009661,U03676,Signup,2024-05-12,0
E0009662,U03677,Install,2024-04-19,0
E0009663,U03678,Install,2024-06-07,0
E0009664,U03679,Install,2024-01-09,0
E0009665,U03679,Signup,2024-01-09,0
E0009666,U03679,Onboarding,2024-01-10,1
E0009667,U03680,Install,2024-05-01,0
E0009668,U03680,Signup,2024-05-01,0
E0009669,U03680,Onboarding,2024-05-02,1
E0009670,U03681,Install,2024-01-26,0
E0009671,U03681,Signup,2024-01-26,0
E0009672,U03682,Install,2024-06-15,0
E0009673,U03683,Install,2024-03-04,0
E0009674,U03683,Signup,2024-03-04,0
E0009675,U03683,Onboarding,2024-03-05,1
E0009676,U03684,Install,2024-01-19,0
E0009677,U03684,Signup,2024-01-19,0
E0009678,U03685,Install,2024-01-14,0
E0009679,U03686,Install,2024-03-30,0
E0009680,U03686,Signup,2024-03-30,0
E0009681,U03686,Onboarding,2024-03-31,1
E0009682,U03687,Install,2024-01-12,0
E0009683,U03687,Signup,2024-01-12,0
E0009684,U03687,Onboarding,2024-01-13,1
E0009685,U03688,Install,2024-01-19,0
E0009686,U03689,Install,2024-02-17,0
E0009687,U03689,Signup,2024-02-17,0
E0009688,U03689,Onboarding,2024-02-18,1
E0009689,U03690,Install,2024-06-04,0
E0009690,U03690,Signup,2024-06-04,0
E0009691,U03690,Onboarding,2024-06-05,1
E0009692,U03690,First_Action,2024-06-07,3
E0009693,U03691,Install,2024-04-16,0
E0009694,U03691,Signup,2024-04-16,0
E0009695,U03692,Install,2024-01-02,0
E0009696,U03692,Signup,2024-01-02,0
E0009697,U03692,Onboarding,2024-01-03,1
E0009698,U03693,Install,2024-04-30,0
E0009699,U03693,Signup,2024-04-30,0
E0009700,U03694,Install,2024-01-23,0
E0009701,U03695,Install,2024-01-21,0
E0009702,U03695,Signup,2024-01-21,0
E0009703,U03695,Onboarding,2024-01-22,1
E0009704,U03695,First_Action,2024-01-24,3
E0009705,U03695,Day1_Active,2024-01-25,4
E0009706,U03696,Install,2024-05-22,0
E0009707,U03696,Signup,2024-05-22,0
E0009708,U03696,Onboarding,2024-05-23,1
E0009709,U03697,Install,2024-01-25,0
E0009710,U03697,Signup,2024-01-25,0
E0009711,U03698,Install,2024-06-20,0
E0009712,U03699,Install,2024-05-01,0
E0009713,U03699,Signup,2024-05-01,0
E0009714,U03699,Onboarding,2024-05-02,1
E0009715,U03700,Install,2024-03-20,0
E0009716,U03701,Install,2024-03-04,0
E0009717,U03701,Signup,2024-03-04,0
E0009718,U03702,Install,2024-01-07,0
E0009719,U03702,Signup,2024-01-07,0
E0009720,U03702,Onboarding,2024-01-08,1
E0009721,U03702,First_Action,2024-01-10,3
E0009722,U03702,Day1_Active,2024-01-11,4
E0009723,U03702,Day7_Active,2024-01-17,10
E0009724,U03703,Install,2024-01-11,0
E0009725,U03703,Signup,2024-01-11,0
E0009726,U03703,Onboarding,2024-01-12,1
E0009727,U03703,First_Action,2024-01-14,3
E0009728,U03704,Install,2024-03-12,0
E0009729,U03704,Signup,2024-03-12,0
E0009730,U03704,Onboarding,2024-03-13,1
E0009731,U03705,Install,2024-02-08,0
E0009732,U03706,Install,2024-03-13,0
E0009733,U03706,Signup,2024-03-13,0
E0009734,U03706,Onboarding,2024-03-14,1
E0009735,U03706,First_Action,2024-03-16,3
E0009736,U03706,Day1_Active,2024-03-17,4
E0009737,U03707,Install,2024-04-16,0
E0009738,U03707,Signup,2024-04-16,0
E0009739,U03707,Onboarding,2024-04-17,1
E0009740,U03707,First_Action,2024-04-19,3
E0009741,U03707,Day1_Active,2024-04-20,4
E0009742,U03708,Install,2024-01-06,0
E0009743,U03708,Signup,2024-01-06,0
E0009744,U03709,Install,2024-01-11,0
E0009745,U03709,Signup,2024-01-11,0
E0009746,U03710,Install,2024-02-13,0
E0009747,U03710,Signup,2024-02-13,0
E0009748,U03711,Install,2024-06-26,0
E0009749,U03711,Signup,2024-06-26,0
E0009750,U03712,Install,2024-02-07,0
E0009751,U03712,Signup,2024-02-07,0
E0009752,U03713,Install,2024-05-23,0
E0009753,U03713,Signup,2024-05-23,0
E0009754,U03713,Onboarding,2024-05-24,1
E0009755,U03714,Install,2024-06-01,0
E0009756,U03714,Signup,2024-06-01,0
E0009757,U03714,Onboarding,2024-06-02,1
E0009758,U03714,First_Action,2024-06-04,3
E0009759,U03714,Day1_Active,2024-06-05,4
E0009760,U03715,Install,2024-02-10,0
E0009761,U03715,Signup,2024-02-10,0
E0009762,U03715,Onboarding,2024-02-11,1
E0009763,U03716,Install,2024-05-02,0
E0009764,U03716,Signup,2024-05-02,0
E0009765,U03716,Onboarding,2024-05-03,1
E0009766,U03716,First_Action,2024-05-05,3
E0009767,U03717,Install,2024-01-15,0
E0009768,U03718,Install,2024-02-20,0
E0009769,U03718,Signup,2024-02-20,0
E0009770,U03718,Onboarding,2024-02-21,1
E0009771,U03719,Install,2024-05-26,0
E0009772,U03719,Signup,2024-05-26,0
E0009773,U03719,Onboarding,2024-05-27,1
E0009774,U03720,Install,2024-04-09,0
E0009775,U03720,Signup,2024-04-09,0
E0009776,U03721,Install,2024-05-27,0
E0009777,U03722,Install,2024-01-19,0
E0009778,U03722,Signup,2024-01-19,0
E0009779,U03723,Install,2024-04-24,0
E0009780,U03723,Signup,2024-04-24,0
E0009781,U03724,Install,2024-01-14,0
E0009782,U03725,Install,2024-01-12,0
E0009783,U03725,Signup,2024-01-12,0
E0009784,U03725,Onboarding,2024-01-13,1
E0009785,U03726,Install,2024-01-03,0
E0009786,U03727,Install,2024-01-31,0
E0009787,U03727,Signup,2024-01-31,0
E0009788,U03727,Onboarding,2024-02-01,1
E0009789,U03727,First_Action,2024-02-03,3
E0009790,U03728,Install,2024-02-04,0
E0009791,U03728,Signup,2024-02-04,0
E0009792,U03729,Install,2024-04-04,0
E0009793,U03730,Install,2024-02-17,0
E0009794,U03730,Signup,2024-02-17,0
E0009795,U03730,Onboarding,2024-02-18,1
E0009796,U03731,Install,2024-04-28,0
E0009797,U03731,Signup,2024-04-28,0
E0009798,U03732,Install,2024-03-10,0
E0009799,U03732,Signup,2024-03-10,0
E0009800,U03733,Install,2024-06-03,0
E0009801,U03733,Signup,2024-06-03,0
E0009802,U03734,Install,2024-01-05,0
E0009803,U03734,Signup,2024-01-05,0
E0009804,U03734,Onboarding,2024-01-06,1
E0009805,U03735,Install,2024-05-15,0
E0009806,U03735,Signup,2024-05-15,0
E0009807,U03736,Install,2024-04-13,0
E0009808,U03736,Signup,2024-04-13,0
E0009809,U03736,Onboarding,2024-04-14,1
E0009810,U03737,Install,2024-06-06,0
E0009811,U03737,Signup,2024-06-06,0
E0009812,U03737,Onboarding,2024-06-07,1
E0009813,U03737,First_Action,2024-06-09,3
E0009814,U03737,Day1_Active,2024-06-10,4
E0009815,U03737,Day7_Active,2024-06-16,10
E0009816,U03738,Install,2024-04-14,0
E0009817,U03738,Signup,2024-04-14,0
E0009818,U03739,Install,2024-01-03,0
E0009819,U03739,Signup,2024-01-03,0
E0009820,U03739,Onboarding,2024-01-04,1
E0009821,U03740,Install,2024-01-05,0
E0009822,U03740,Signup,2024-01-05,0
E0009823,U03740,Onboarding,2024-01-06,1
E0009824,U03740,First_Action,2024-01-08,3
E0009825,U03741,Install,2024-01-19,0
E0009826,U03741,Signup,2024-01-19,0
E0009827,U03742,Install,2024-06-11,0
E0009828,U03743,Install,2024-05-14,0
E0009829,U03744,Install,2024-03-03,0
E0009830,U03744,Signup,2024-03-03,0
E0009831,U03744,Onboarding,2024-03-04,1
E0009832,U03744,First_Action,2024-03-06,3
E0009833,U03745,Install,2024-03-08,0
E0009834,U03745,Signup,2024-03-08,0
E0009835,U03746,Install,2024-04-29,0
E0009836,U03746,Signup,2024-04-29,0
E0009837,U03747,Install,2024-06-13,0
E0009838,U03747,Signup,2024-06-13,0
E0009839,U03748,Install,2024-03-17,0
E0009840,U03749,Install,2024-05-21,0
E0009841,U03750,Install,2024-05-23,0
E0009842,U03750,Signup,2024-05-23,0
E0009843,U03750,Onboarding,2024-05-24,1
E0009844,U03750,First_Action,2024-05-26,3
E0009845,U03751,Install,2024-02-17,0
E0009846,U03752,Install,2024-01-23,0
E0009847,U03752,Signup,2024-01-23,0
E0009848,U03753,Install,2024-02-11,0
E0009849,U03753,Signup,2024-02-11,0
E0009850,U03754,Install,2024-02-06,0
E0009851,U03754,Signup,2024-02-06,0
E0009852,U03755,Install,2024-05-24,0
E0009853,U03755,Signup,2024-05-24,0
E0009854,U03756,Install,2024-02-04,0
E0009855,U03757,Install,2024-04-27,0
E0009856,U03758,Install,2024-03-01,0
E0009857,U03758,Signup,2024-03-01,0
E0009858,U03758,Onboarding,2024-03-02,1
E0009859,U03759,Install,2024-02-06,0
E0009860,U03759,Signup,2024-02-06,0
E0009861,U03759,Onboarding,2024-02-07,1
E0009862,U03759,First_Action,2024-02-09,3
E0009863,U03759,Day1_Active,2024-02-10,4
E0009864,U03760,Install,2024-01-01,0
E0009865,U03761,Install,2024-03-16,0
E0009866,U03762,Install,2024-02-08,0
E0009867,U03762,Signup,2024-02-08,0
E0009868,U03763,Install,2024-01-22,0
E0009869,U03764,Install,2024-04-23,0
E0009870,U03764,Signup,2024-04-23,0
E0009871,U03764,Onboarding,2024-04-24,1
E0009872,U03764,First_Action,2024-04-26,3
E0009873,U03765,Install,2024-02-26,0
E0009874,U03765,Signup,2024-02-26,0
E0009875,U03766,Install,2024-02-24,0
E0009876,U03766,Signup,2024-02-24,0
E0009877,U03767,Install,2024-02-08,0
E0009878,U03768,Install,2024-04-16,0
E0009879,U03769,Install,2024-03-17,0
E0009880,U03770,Install,2024-01-14,0
E0009881,U03770,Signup,2024-01-14,0
E0009882,U03770,Onboarding,2024-01-15,1
E0009883,U03771,Install,2024-03-18,0
E0009884,U03771,Signup,2024-03-18,0
E0009885,U03771,Onboarding,2024-03-19,1
E0009886,U03771,First_Action,2024-03-21,3
E0009887,U03771,Day1_Active,2024-03-22,4
E0009888,U03772,Install,2024-06-30,0
E0009889,U03772,Signup,2024-06-30,0
E0009890,U03772,Onboarding,2024-07-01,1
E0009891,U03773,Install,2024-04-21,0
E0009892,U03773,Signup,2024-04-21,0
E0009893,U03773,Onboarding,2024-04-22,1
E0009894,U03774,Install,2024-04-05,0
E0009895,U03774,Signup,2024-04-05,0
E0009896,U03775,Install,2024-01-11,0
E0009897,U03775,Signup,2024-01-11,0
E0009898,U03775,Onboarding,2024-01-12,1
E0009899,U03776,Install,2024-04-13,0
E0009900,U03776,Signup,2024-04-13,0
E0009901,U03777,Install,2024-04-24,0
E0009902,U03777,Signup,2024-04-24,0
E0009903,U03778,Install,2024-02-25,0
E0009904,U03778,Signup,2024-02-25,0
E0009905,U03778,Onboarding,2024-02-26,1
E0009906,U03778,First_Action,2024-02-28,3
E0009907,U03779,Install,2024-05-18,0
E0009908,U03780,Install,2024-06-29,0
E0009909,U03780,Signup,2024-06-29,0
E0009910,U03780,Onboarding,2024-06-30,1
E0009911,U03780,First_Action,2024-07-02,3
E0009912,U03780,Day1_Active,2024-07-03,4
E0009913,U03780,Day7_Active,2024-07-09,10
E0009914,U03781,Install,2024-01-04,0
E0009915,U03781,Signup,2024-01-04,0
E0009916,U03781,Onboarding,2024-01-05,1
E0009917,U03782,Install,2024-04-21,0
E0009918,U03782,Signup,2024-04-21,0
E0009919,U03782,Onboarding,2024-04-22,1
E0009920,U03783,Install,2024-04-07,0
E0009921,U03783,Signup,2024-04-07,0
E0009922,U03784,Install,2024-05-16,0
E0009923,U03784,Signup,2024-05-16,0
E0009924,U03785,Install,2024-05-23,0
E0009925,U03786,Install,2024-04-25,0
E0009926,U03786,Signup,2024-04-25,0
E0009927,U03786,Onboarding,2024-04-26,1
E0009928,U03786,First_Action,2024-04-28,3
E0009929,U03787,Install,2024-05-31,0
E0009930,U03787,Signup,2024-05-31,0
E0009931,U03788,Install,2024-06-12,0
E0009932,U03788,Signup,2024-06-12,0
E0009933,U03788,Onboarding,2024-06-13,1
E0009934,U03788,First_Action,2024-06-15,3
E0009935,U03788,Day1_Active,2024-06-16,4
E0009936,U03788,Day7_Active,2024-06-22,10
E0009937,U03789,Install,2024-05-11,0
E0009938,U03790,Install,2024-06-13,0
E0009939,U03790,Signup,2024-06-13,0
E0009940,U03791,Install,2024-01-18,0
E0009941,U03792,Install,2024-03-06,0
E0009942,U03792,Signup,2024-03-06,0
E0009943,U03792,Onboarding,2024-03-07,1
E0009944,U03793,Install,2024-05-17,0
E0009945,U03793,Signup,2024-05-17,0
E0009946,U03794,Install,2024-04-19,0
E0009947,U03795,Install,2024-06-22,0
E0009948,U03795,Signup,2024-06-22,0
E0009949,U03795,Onboarding,2024-06-23,1
E0009950,U03796,Install,2024-02-21,0
E0009951,U03796,Signup,2024-02-21,0
E0009952,U03797,Install,2024-04-16,0
E0009953,U03797,Signup,2024-04-16,0
E0009954,U03797,Onboarding,2024-04-17,1
E0009955,U03797,First_Action,2024-04-19,3
E0009956,U03797,Day1_Active,2024-04-20,4
E0009957,U03797,Day7_Active,2024-04-26,10
E0009958,U03798,Install,2024-03-22,0
E0009959,U03798,Signup,2024-03-22,0
E0009960,U03799,Install,2024-05-13,0
E0009961,U03800,Install,2024-01-26,0
E0009962,U03800,Signup,2024-01-26,0
E0009963,U03800,Onboarding,2024-01-27,1
E0009964,U03800,First_Action,2024-01-29,3
E0009965,U03801,Install,2024-04-08,0
E0009966,U03801,Signup,2024-04-08,0
E0009967,U03802,Install,2024-02-03,0
E0009968,U03802,Signup,2024-02-03,0
E0009969,U03803,Install,2024-01-28,0
E0009970,U03803,Signup,2024-01-28,0
E0009971,U03803,Onboarding,2024-01-29,1
E0009972,U03803,First_Action,2024-01-31,3
E0009973,U03804,Install,2024-05-30,0
E0009974,U03805,Install,2024-02-21,0
E0009975,U03806,Install,2024-03-22,0
E0009976,U03806,Signup,2024-03-22,0
E0009977,U03807,Install,2024-04-14,0
E0009978,U03808,Install,2024-02-24,0
E0009979,U03808,Signup,2024-02-24,0
E0009980,U03808,Onboarding,2024-02-25,1
E0009981,U03809,Install,2024-01-13,0
E0009982,U03809,Signup,2024-01-13,0
E0009983,U03809,Onboarding,2024-01-14,1
E0009984,U03810,Install,2024-03-12,0
E0009985,U03811,Install,2024-06-12,0
E0009986,U03811,Signup,2024-06-12,0
E0009987,U03811,Onboarding,2024-06-13,1
E0009988,U03812,Install,2024-05-27,0
E0009989,U03812,Signup,2024-05-27,0
E0009990,U03813,Install,2024-01-29,0
E0009991,U03813,Signup,2024-01-29,0
E0009992,U03814,Install,2024-01-11,0
E0009993,U03814,Signup,2024-01-11,0
E0009994,U03815,Install,2024-05-10,0
E0009995,U03816,Install,2024-05-26,0
E0009996,U03816,Signup,2024-05-26,0
E0009997,U03816,Onboarding,2024-05-27,1
E0009998,U03817,Install,2024-01-12,0
E0009999,U03817,Signup,2024-01-12,0
E0010000,U03817,Onboarding,2024-01-13,1
E0010001,U03818,Install,2024-02-07,0
E0010002,U03818,Signup,2024-02-07,0
E0010003,U03818,Onboarding,2024-02-08,1
E0010004,U03819,Install,2024-05-15,0
E0010005,U03819,Signup,2024-05-15,0
E0010006,U03819,Onboarding,2024-05-16,1
E0010007,U03819,First_Action,2024-05-18,3
E0010008,U03820,Install,2024-01-05,0
E0010009,U03821,Install,2024-04-22,0
E0010010,U03821,Signup,2024-04-22,0
E0010011,U03821,Onboarding,2024-04-23,1
E0010012,U03822,Install,2024-01-30,0
E0010013,U03822,Signup,2024-01-30,0
E0010014,U03822,Onboarding,2024-01-31,1
E0010015,U03822,First_Action,2024-02-02,3
E0010016,U03823,Install,2024-06-24,0
E0010017,U03823,Signup,2024-06-24,0
E0010018,U03823,Onboarding,2024-06-25,1
E0010019,U03824,Install,2024-06-04,0
E0010020,U03824,Signup,2024-06-04,0
E0010021,U03825,Install,2024-03-11,0
E0010022,U03826,Install,2024-04-19,0
E0010023,U03827,Install,2024-03-12,0
E0010024,U03827,Signup,2024-03-12,0
E0010025,U03827,Onboarding,2024-03-13,1
E0010026,U03828,Install,2024-04-23,0
E0010027,U03828,Signup,2024-04-23,0
E0010028,U03828,Onboarding,2024-04-24,1
E0010029,U03828,First_Action,2024-04-26,3
E0010030,U03829,Install,2024-06-13,0
E0010031,U03829,Signup,2024-06-13,0
E0010032,U03830,Install,2024-01-24,0
E0010033,U03830,Signup,2024-01-24,0
E0010034,U03831,Install,2024-04-02,0
E0010035,U03831,Signup,2024-04-02,0
E0010036,U03831,Onboarding,2024-04-03,1
E0010037,U03831,First_Action,2024-04-05,3
E0010038,U03832,Install,2024-04-17,0
E0010039,U03833,Install,2024-01-31,0
E0010040,U03833,Signup,2024-01-31,0
E0010041,U03833,Onboarding,2024-02-01,1
E0010042,U03834,Install,2024-02-28,0
E0010043,U03835,Install,2024-04-19,0
E0010044,U03835,Signup,2024-04-19,0
E0010045,U03836,Install,2024-01-15,0
E0010046,U03836,Signup,2024-01-15,0
E0010047,U03836,Onboarding,2024-01-16,1
E0010048,U03837,Install,2024-06-29,0
E0010049,U03838,Install,2024-05-31,0
E0010050,U03838,Signup,2024-05-31,0
E0010051,U03838,Onboarding,2024-06-01,1
E0010052,U03839,Install,2024-01-11,0
E0010053,U03839,Signup,2024-01-11,0
E0010054,U03839,Onboarding,2024-01-12,1
E0010055,U03839,First_Action,2024-01-14,3
E0010056,U03839,Day1_Active,2024-01-15,4
E0010057,U03839,Day7_Active,2024-01-21,10
E0010058,U03840,Install,2024-03-23,0
E0010059,U03840,Signup,2024-03-23,0
E0010060,U03840,Onboarding,2024-03-24,1
E0010061,U03840,First_Action,2024-03-26,3
E0010062,U03841,Install,2024-06-09,0
E0010063,U03841,Signup,2024-06-09,0
E0010064,U03841,Onboarding,2024-06-10,1
E0010065,U03842,Install,2024-04-23,0
E0010066,U03842,Signup,2024-04-23,0
E0010067,U03843,Install,2024-04-12,0
E0010068,U03843,Signup,2024-04-12,0
E0010069,U03843,Onboarding,2024-04-13,1
E0010070,U03844,Install,2024-06-10,0
E0010071,U03844,Signup,2024-06-10,0
E0010072,U03844,Onboarding,2024-06-11,1
E0010073,U03845,Install,2024-05-19,0
E0010074,U03845,Signup,2024-05-19,0
E0010075,U03846,Install,2024-06-16,0
E0010076,U03846,Signup,2024-06-16,0
E0010077,U03846,Onboarding,2024-06-17,1
E0010078,U03847,Install,2024-05-05,0
E0010079,U03847,Signup,2024-05-05,0
E0010080,U03847,Onboarding,2024-05-06,1
E0010081,U03848,Install,2024-01-31,0
E0010082,U03848,Signup,2024-01-31,0
E0010083,U03849,Install,2024-02-06,0
E0010084,U03849,Signup,2024-02-06,0
E0010085,U03850,Install,2024-06-18,0
E0010086,U03850,Signup,2024-06-18,0
E0010087,U03851,Install,2024-03-03,0
E0010088,U03851,Signup,2024-03-03,0
E0010089,U03851,Onboarding,2024-03-04,1
E0010090,U03851,First_Action,2024-03-06,3
E0010091,U03852,Install,2024-05-12,0
E0010092,U03852,Signup,2024-05-12,0
E0010093,U03853,Install,2024-04-24,0
E0010094,U03853,Signup,2024-04-24,0
E0010095,U03854,Install,2024-06-17,0
E0010096,U03854,Signup,2024-06-17,0
E0010097,U03855,Install,2024-03-22,0
E0010098,U03855,Signup,2024-03-22,0
E0010099,U03855,Onboarding,2024-03-23,1
E0010100,U03855,First_Action,2024-03-25,3
E0010101,U03855,Day1_Active,2024-03-26,4
E0010102,U03856,Install,2024-06-07,0
E0010103,U03857,Install,2024-03-08,0
E0010104,U03858,Install,2024-03-20,0
E0010105,U03859,Install,2024-02-09,0
E0010106,U03859,Signup,2024-02-09,0
E0010107,U03859,Onboarding,2024-02-10,1
E0010108,U03860,Install,2024-05-17,0
E0010109,U03861,Install,2024-05-16,0
E0010110,U03861,Signup,2024-05-16,0
E0010111,U03861,Onboarding,2024-05-17,1
E0010112,U03862,Install,2024-06-07,0
E0010113,U03863,Install,2024-06-09,0
E0010114,U03863,Signup,2024-06-09,0
E0010115,U03864,Install,2024-03-16,0
E0010116,U03864,Signup,2024-03-16,0
E0010117,U03865,Install,2024-04-19,0
E0010118,U03865,Signup,2024-04-19,0
E0010119,U03865,Onboarding,2024-04-20,1
E0010120,U03866,Install,2024-03-22,0
E0010121,U03867,Install,2024-05-29,0
E0010122,U03868,Install,2024-06-20,0
E0010123,U03868,Signup,2024-06-20,0
E0010124,U03868,Onboarding,2024-06-21,1
E0010125,U03869,Install,2024-02-23,0
E0010126,U03869,Signup,2024-02-23,0
E0010127,U03869,Onboarding,2024-02-24,1
E0010128,U03869,First_Action,2024-02-26,3
E0010129,U03869,Day1_Active,2024-02-27,4
E0010130,U03870,Install,2024-06-29,0
E0010131,U03870,Signup,2024-06-29,0
E0010132,U03871,Install,2024-01-24,0
E0010133,U03871,Signup,2024-01-24,0
E0010134,U03871,Onboarding,2024-01-25,1
E0010135,U03871,First_Action,2024-01-27,3
E0010136,U03872,Install,2024-03-06,0
E0010137,U03872,Signup,2024-03-06,0
E0010138,U03873,Install,2024-02-23,0
E0010139,U03874,Install,2024-02-01,0
E0010140,U03874,Signup,2024-02-01,0
E0010141,U03874,Onboarding,2024-02-02,1
E0010142,U03875,Install,2024-06-09,0
E0010143,U03875,Signup,2024-06-09,0
E0010144,U03876,Install,2024-04-23,0
E0010145,U03876,Signup,2024-04-23,0
E0010146,U03877,Install,2024-01-25,0
E0010147,U03877,Signup,2024-01-25,0
E0010148,U03878,Install,2024-01-26,0
E0010149,U03879,Install,2024-01-15,0
E0010150,U03880,Install,2024-03-14,0
E0010151,U03880,Signup,2024-03-14,0
E0010152,U03881,Install,2024-04-13,0
E0010153,U03881,Signup,2024-04-13,0
E0010154,U03882,Install,2024-02-08,0
E0010155,U03882,Signup,2024-02-08,0
E0010156,U03883,Install,2024-06-14,0
E0010157,U03883,Signup,2024-06-14,0
E0010158,U03884,Install,2024-04-06,0
E0010159,U03884,Signup,2024-04-06,0
E0010160,U03885,Install,2024-01-20,0
E0010161,U03885,Signup,2024-01-20,0
E0010162,U03886,Install,2024-01-09,0
E0010163,U03886,Signup,2024-01-09,0
E0010164,U03887,Install,2024-03-09,0
E0010165,U03887,Signup,2024-03-09,0
E0010166,U03888,Install,2024-04-18,0
E0010167,U03889,Install,2024-05-01,0
E0010168,U03889,Signup,2024-05-01,0
E0010169,U03890,Install,2024-04-13,0
E0010170,U03890,Signup,2024-04-13,0
E0010171,U03890,Onboarding,2024-04-14,1
E0010172,U03890,First_Action,2024-04-16,3
E0010173,U03890,Day1_Active,2024-04-17,4
E0010174,U03891,Install,2024-03-30,0
E0010175,U03891,Signup,2024-03-30,0
E0010176,U03891,Onboarding,2024-03-31,1
E0010177,U03892,Install,2024-02-05,0
E0010178,U03892,Signup,2024-02-05,0
E0010179,U03892,Onboarding,2024-02-06,1
E0010180,U03893,Install,2024-02-02,0
E0010181,U03893,Signup,2024-02-02,0
E0010182,U03893,Onboarding,2024-02-03,1
E0010183,U03894,Install,2024-06-13,0
E0010184,U03895,Install,2024-02-16,0
E0010185,U03896,Install,2024-06-04,0
E0010186,U03896,Signup,2024-06-04,0
E0010187,U03896,Onboarding,2024-06-05,1
E0010188,U03897,Install,2024-03-23,0
E0010189,U03897,Signup,2024-03-23,0
E0010190,U03898,Install,2024-02-23,0
E0010191,U03898,Signup,2024-02-23,0
E0010192,U03898,Onboarding,2024-02-24,1
E0010193,U03898,First_Action,2024-02-26,3
E0010194,U03898,Day1_Active,2024-02-27,4
E0010195,U03899,Install,2024-05-20,0
E0010196,U03900,Install,2024-03-17,0
E0010197,U03900,Signup,2024-03-17,0
E0010198,U03900,Onboarding,2024-03-18,1
E0010199,U03900,First_Action,2024-03-20,3
E0010200,U03901,Install,2024-04-06,0
E0010201,U03901,Signup,2024-04-06,0
E0010202,U03901,Onboarding,2024-04-07,1
E0010203,U03902,Install,2024-02-20,0
E0010204,U03902,Signup,2024-02-20,0
E0010205,U03902,Onboarding,2024-02-21,1
E0010206,U03903,Install,2024-05-12,0
E0010207,U03903,Signup,2024-05-12,0
E0010208,U03903,Onboarding,2024-05-13,1
E0010209,U03904,Install,2024-03-15,0
E0010210,U03904,Signup,2024-03-15,0
E0010211,U03905,Install,2024-01-25,0
E0010212,U03905,Signup,2024-01-25,0
E0010213,U03905,Onboarding,2024-01-26,1
E0010214,U03905,First_Action,2024-01-28,3
E0010215,U03905,Day1_Active,2024-01-29,4
E0010216,U03905,Day7_Active,2024-02-04,10
E0010217,U03906,Install,2024-01-26,0
E0010218,U03906,Signup,2024-01-26,0
E0010219,U03906,Onboarding,2024-01-27,1
E0010220,U03906,First_Action,2024-01-29,3
E0010221,U03907,Install,2024-01-22,0
E0010222,U03907,Signup,2024-01-22,0
E0010223,U03907,Onboarding,2024-01-23,1
E0010224,U03908,Install,2024-02-13,0
E0010225,U03908,Signup,2024-02-13,0
E0010226,U03908,Onboarding,2024-02-14,1
E0010227,U03908,First_Action,2024-02-16,3
E0010228,U03909,Install,2024-04-26,0
E0010229,U03909,Signup,2024-04-26,0
E0010230,U03910,Install,2024-02-02,0
E0010231,U03910,Signup,2024-02-02,0
E0010232,U03910,Onboarding,2024-02-03,1
E0010233,U03911,Install,2024-01-01,0
E0010234,U03911,Signup,2024-01-01,0
E0010235,U03911,Onboarding,2024-01-02,1
E0010236,U03912,Install,2024-01-19,0
E0010237,U03912,Signup,2024-01-19,0
E0010238,U03913,Install,2024-01-14,0
E0010239,U03913,Signup,2024-01-14,0
E0010240,U03913,Onboarding,2024-01-15,1
E0010241,U03913,First_Action,2024-01-17,3
E0010242,U03913,Day1_Active,2024-01-18,4
E0010243,U03913,Day7_Active,2024-01-24,10
E0010244,U03914,Install,2024-06-14,0
E0010245,U03914,Signup,2024-06-14,0
E0010246,U03914,Onboarding,2024-06-15,1
E0010247,U03914,First_Action,2024-06-17,3
E0010248,U03915,Install,2024-02-05,0
E0010249,U03915,Signup,2024-02-05,0
E0010250,U03916,Install,2024-04-14,0
E0010251,U03916,Signup,2024-04-14,0
E0010252,U03917,Install,2024-02-06,0
E0010253,U03917,Signup,2024-02-06,0
E0010254,U03917,Onboarding,2024-02-07,1
E0010255,U03917,First_Action,2024-02-09,3
E0010256,U03918,Install,2024-05-12,0
E0010257,U03918,Signup,2024-05-12,0
E0010258,U03918,Onboarding,2024-05-13,1
E0010259,U03919,Install,2024-02-29,0
E0010260,U03920,Install,2024-02-05,0
E0010261,U03920,Signup,2024-02-05,0
E0010262,U03921,Install,2024-01-20,0
E0010263,U03921,Signup,2024-01-20,0
E0010264,U03921,Onboarding,2024-01-21,1
E0010265,U03921,First_Action,2024-01-23,3
E0010266,U03921,Day1_Active,2024-01-24,4
E0010267,U03922,Install,2024-02-19,0
E0010268,U03922,Signup,2024-02-19,0
E0010269,U03922,Onboarding,2024-02-20,1
E0010270,U03923,Install,2024-02-24,0
E0010271,U03924,Install,2024-03-13,0
E0010272,U03925,Install,2024-03-17,0
E0010273,U03925,Signup,2024-03-17,0
E0010274,U03925,Onboarding,2024-03-18,1
E0010275,U03925,First_Action,2024-03-20,3
E0010276,U03925,Day1_Active,2024-03-21,4
E0010277,U03926,Install,2024-04-19,0
E0010278,U03926,Signup,2024-04-19,0
E0010279,U03926,Onboarding,2024-04-20,1
E0010280,U03927,Install,2024-03-04,0
E0010281,U03928,Install,2024-03-03,0
E0010282,U03928,Signup,2024-03-03,0
E0010283,U03928,Onboarding,2024-03-04,1
E0010284,U03929,Install,2024-02-29,0
E0010285,U03930,Install,2024-04-13,0
E0010286,U03930,Signup,2024-04-13,0
E0010287,U03931,Install,2024-04-09,0
E0010288,U03931,Signup,2024-04-09,0
E0010289,U03931,Onboarding,2024-04-10,1
E0010290,U03932,Install,2024-04-16,0
E0010291,U03932,Signup,2024-04-16,0
E0010292,U03933,Install,2024-04-13,0
E0010293,U03933,Signup,2024-04-13,0
E0010294,U03933,Onboarding,2024-04-14,1
E0010295,U03934,Install,2024-03-10,0
E0010296,U03935,Install,2024-05-23,0
E0010297,U03935,Signup,2024-05-23,0
E0010298,U03935,Onboarding,2024-05-24,1
E0010299,U03936,Install,2024-05-27,0
E0010300,U03936,Signup,2024-05-27,0
E0010301,U03937,Install,2024-06-30,0
E0010302,U03937,Signup,2024-06-30,0
E0010303,U03937,Onboarding,2024-07-01,1
E0010304,U03938,Install,2024-05-01,0
E0010305,U03939,Install,2024-02-20,0
E0010306,U03939,Signup,2024-02-20,0
E0010307,U03939,Onboarding,2024-02-21,1
E0010308,U03939,First_Action,2024-02-23,3
E0010309,U03939,Day1_Active,2024-02-24,4
E0010310,U03940,Install,2024-03-14,0
E0010311,U03940,Signup,2024-03-14,0
E0010312,U03940,Onboarding,2024-03-15,1
E0010313,U03941,Install,2024-04-15,0
E0010314,U03941,Signup,2024-04-15,0
E0010315,U03941,Onboarding,2024-04-16,1
E0010316,U03942,Install,2024-06-12,0
E0010317,U03942,Signup,2024-06-12,0
E0010318,U03942,Onboarding,2024-06-13,1
E0010319,U03943,Install,2024-04-16,0
E0010320,U03943,Signup,2024-04-16,0
E0010321,U03944,Install,2024-05-11,0
E0010322,U03944,Signup,2024-05-11,0
E0010323,U03945,Install,2024-02-23,0
E0010324,U03946,Install,2024-01-02,0
E0010325,U03947,Install,2024-01-05,0
E0010326,U03947,Signup,2024-01-05,0
E0010327,U03948,Install,2024-02-01,0
E0010328,U03949,Install,2024-04-23,0
E0010329,U03950,Install,2024-06-11,0
E0010330,U03950,Signup,2024-06-11,0
E0010331,U03951,Install,2024-02-18,0
E0010332,U03951,Signup,2024-02-18,0
E0010333,U03951,Onboarding,2024-02-19,1
E0010334,U03951,First_Action,2024-02-21,3
E0010335,U03951,Day1_Active,2024-02-22,4
E0010336,U03952,Install,2024-06-10,0
E0010337,U03952,Signup,2024-06-10,0
E0010338,U03952,Onboarding,2024-06-11,1
E0010339,U03952,First_Action,2024-06-13,3
E0010340,U03953,Install,2024-06-19,0
E0010341,U03953,Signup,2024-06-19,0
E0010342,U03953,Onboarding,2024-06-20,1
E0010343,U03953,First_Action,2024-06-22,3
E0010344,U03953,Day1_Active,2024-06-23,4
E0010345,U03954,Install,2024-03-15,0
E0010346,U03955,Install,2024-06-23,0
E0010347,U03956,Install,2024-04-09,0
E0010348,U03956,Signup,2024-04-09,0
E0010349,U03957,Install,2024-03-04,0
E0010350,U03958,Install,2024-02-27,0
E0010351,U03958,Signup,2024-02-27,0
E0010352,U03958,Onboarding,2024-02-28,1
E0010353,U03959,Install,2024-05-03,0
E0010354,U03959,Signup,2024-05-03,0
E0010355,U03959,Onboarding,2024-05-04,1
E0010356,U03959,First_Action,2024-05-06,3
E0010357,U03960,Install,2024-01-12,0
E0010358,U03960,Signup,2024-01-12,0
E0010359,U03960,Onboarding,2024-01-13,1
E0010360,U03960,First_Action,2024-01-15,3
E0010361,U03960,Day1_Active,2024-01-16,4
E0010362,U03961,Install,2024-01-19,0
E0010363,U03961,Signup,2024-01-19,0
E0010364,U03961,Onboarding,2024-01-20,1
E0010365,U03961,First_Action,2024-01-22,3
E0010366,U03962,Install,2024-05-19,0
E0010367,U03962,Signup,2024-05-19,0
E0010368,U03962,Onboarding,2024-05-20,1
E0010369,U03963,Install,2024-06-18,0
E0010370,U03963,Signup,2024-06-18,0
E0010371,U03964,Install,2024-02-11,0
E0010372,U03964,Signup,2024-02-11,0
E0010373,U03964,Onboarding,2024-02-12,1
E0010374,U03965,Install,2024-04-16,0
E0010375,U03965,Signup,2024-04-16,0
E0010376,U03966,Install,2024-06-07,0
E0010377,U03966,Signup,2024-06-07,0
E0010378,U03966,Onboarding,2024-06-08,1
E0010379,U03966,First_Action,2024-06-10,3
E0010380,U03967,Install,2024-03-07,0
E0010381,U03967,Signup,2024-03-07,0
E0010382,U03968,Install,2024-01-16,0
E0010383,U03968,Signup,2024-01-16,0
E0010384,U03968,Onboarding,2024-01-17,1
E0010385,U03968,First_Action,2024-01-19,3
E0010386,U03968,Day1_Active,2024-01-20,4
E0010387,U03968,Day7_Active,2024-01-26,10
E0010388,U03969,Install,2024-06-20,0
E0010389,U03969,Signup,2024-06-20,0
E0010390,U03970,Install,2024-04-07,0
E0010391,U03971,Install,2024-05-06,0
E0010392,U03971,Signup,2024-05-06,0
E0010393,U03971,Onboarding,2024-05-07,1
E0010394,U03971,First_Action,2024-05-09,3
E0010395,U03971,Day1_Active,2024-05-10,4
E0010396,U03972,Install,2024-01-05,0
E0010397,U03972,Signup,2024-01-05,0
E0010398,U03973,Install,2024-05-13,0
E0010399,U03973,Signup,2024-05-13,0
E0010400,U03974,Install,2024-04-27,0
E0010401,U03974,Signup,2024-04-27,0
E0010402,U03975,Install,2024-06-04,0
E0010403,U03975,Signup,2024-06-04,0
E0010404,U03976,Install,2024-04-19,0
E0010405,U03977,Install,2024-06-12,0
E0010406,U03978,Install,2024-05-27,0
E0010407,U03978,Signup,2024-05-27,0
E0010408,U03979,Install,2024-01-13,0
E0010409,U03979,Signup,2024-01-13,0
E0010410,U03980,Install,2024-06-01,0
E0010411,U03981,Install,2024-03-29,0
E0010412,U03982,Install,2024-01-20,0
E0010413,U03982,Signup,2024-01-20,0
E0010414,U03982,Onboarding,2024-01-21,1
E0010415,U03983,Install,2024-06-30,0
E0010416,U03983,Signup,2024-06-30,0
E0010417,U03984,Install,2024-04-01,0
E0010418,U03984,Signup,2024-04-01,0
E0010419,U03985,Install,2024-01-15,0
E0010420,U03985,Signup,2024-01-15,0
E0010421,U03985,Onboarding,2024-01-16,1
E0010422,U03986,Install,2024-04-25,0
E0010423,U03986,Signup,2024-04-25,0
E0010424,U03986,Onboarding,2024-04-26,1
E0010425,U03986,First_Action,2024-04-28,3
E0010426,U03987,Install,2024-03-16,0
E0010427,U03988,Install,2024-02-09,0
E0010428,U03988,Signup,2024-02-09,0
E0010429,U03988,Onboarding,2024-02-10,1
E0010430,U03989,Install,2024-04-07,0
E0010431,U03990,Install,2024-06-16,0
E0010432,U03991,Install,2024-06-14,0
E0010433,U03991,Signup,2024-06-14,0
E0010434,U03992,Install,2024-04-23,0
E0010435,U03992,Signup,2024-04-23,0
E0010436,U03992,Onboarding,2024-04-24,1
E0010437,U03992,First_Action,2024-04-26,3
E0010438,U03992,Day1_Active,2024-04-27,4
E0010439,U03993,Install,2024-04-15,0
E0010440,U03993,Signup,2024-04-15,0
E0010441,U03994,Install,2024-01-26,0
E0010442,U03994,Signup,2024-01-26,0
E0010443,U03994,Onboarding,2024-01-27,1
E0010444,U03995,Install,2024-01-29,0
E0010445,U03996,Install,2024-02-07,0
E0010446,U03996,Signup,2024-02-07,0
E0010447,U03996,Onboarding,2024-02-08,1
E0010448,U03997,Install,2024-02-09,0
E0010449,U03998,Install,2024-03-10,0
E0010450,U03998,Signup,2024-03-10,0
E0010451,U03998,Onboarding,2024-03-11,1
E0010452,U03999,Install,2024-02-28,0
E0010453,U04000,Install,2024-01-08,0
E0010454,U04000,Signup,2024-01-08,0
E0010455,U04001,Install,2024-04-23,0
E0010456,U04002,Install,2024-01-02,0
E0010457,U04002,Signup,2024-01-02,0
E0010458,U04002,Onboarding,2024-01-03,1
E0010459,U04002,First_Action,2024-01-05,3
E0010460,U04002,Day1_Active,2024-01-06,4
E0010461,U04002,Day7_Active,2024-01-12,10
E0010462,U04003,Install,2024-05-05,0
E0010463,U04003,Signup,2024-05-05,0
E0010464,U04004,Install,2024-05-18,0
E0010465,U04004,Signup,2024-05-18,0
E0010466,U04005,Install,2024-03-25,0
E0010467,U04006,Install,2024-05-10,0
E0010468,U04006,Signup,2024-05-10,0
E0010469,U04006,Onboarding,2024-05-11,1
E0010470,U04007,Install,2024-04-26,0
E0010471,U04007,Signup,2024-04-26,0
E0010472,U04008,Install,2024-05-10,0
E0010473,U04008,Signup,2024-05-10,0
E0010474,U04009,Install,2024-05-07,0
E0010475,U04010,Install,2024-04-28,0
E0010476,U04010,Signup,2024-04-28,0
E0010477,U04011,Install,2024-06-07,0
E0010478,U04011,Signup,2024-06-07,0
E0010479,U04012,Install,2024-04-13,0
E0010480,U04012,Signup,2024-04-13,0
E0010481,U04012,Onboarding,2024-04-14,1
E0010482,U04013,Install,2024-05-06,0
E0010483,U04013,Signup,2024-05-06,0
E0010484,U04013,Onboarding,2024-05-07,1
E0010485,U04014,Install,2024-03-12,0
E0010486,U04014,Signup,2024-03-12,0
E0010487,U04014,Onboarding,2024-03-13,1
E0010488,U04014,First_Action,2024-03-15,3
E0010489,U04015,Install,2024-05-25,0
E0010490,U04015,Signup,2024-05-25,0
E0010491,U04015,Onboarding,2024-05-26,1
E0010492,U04016,Install,2024-05-19,0
E0010493,U04016,Signup,2024-05-19,0
E0010494,U04016,Onboarding,2024-05-20,1
E0010495,U04017,Install,2024-03-02,0
E0010496,U04017,Signup,2024-03-02,0
E0010497,U04018,Install,2024-03-22,0
E0010498,U04018,Signup,2024-03-22,0
E0010499,U04018,Onboarding,2024-03-23,1
E0010500,U04019,Install,2024-03-17,0
E0010501,U04019,Signup,2024-03-17,0
E0010502,U04020,Install,2024-03-12,0
E0010503,U04021,Install,2024-04-11,0
E0010504,U04021,Signup,2024-04-11,0
E0010505,U04021,Onboarding,2024-04-12,1
E0010506,U04022,Install,2024-03-23,0
E0010507,U04022,Signup,2024-03-23,0
E0010508,U04022,Onboarding,2024-03-24,1
E0010509,U04023,Install,2024-02-06,0
E0010510,U04024,Install,2024-01-21,0
E0010511,U04024,Signup,2024-01-21,0
E0010512,U04024,Onboarding,2024-01-22,1
E0010513,U04025,Install,2024-04-11,0
E0010514,U04025,Signup,2024-04-11,0
E0010515,U04025,Onboarding,2024-04-12,1
E0010516,U04025,First_Action,2024-04-14,3
E0010517,U04026,Install,2024-05-29,0
E0010518,U04026,Signup,2024-05-29,0
E0010519,U04027,Install,2024-02-11,0
E0010520,U04027,Signup,2024-02-11,0
E0010521,U04027,Onboarding,2024-02-12,1
E0010522,U04028,Install,2024-06-17,0
E0010523,U04028,Signup,2024-06-17,0
E0010524,U04029,Install,2024-02-26,0
E0010525,U04029,Signup,2024-02-26,0
E0010526,U04029,Onboarding,2024-02-27,1
E0010527,U04029,First_Action,2024-02-29,3
E0010528,U04029,Day1_Active,2024-03-01,4
E0010529,U04030,Install,2024-02-27,0
E0010530,U04030,Signup,2024-02-27,0
E0010531,U04030,Onboarding,2024-02-28,1
E0010532,U04030,First_Action,2024-03-01,3
E0010533,U04031,Install,2024-06-25,0
E0010534,U04031,Signup,2024-06-25,0
E0010535,U04031,Onboarding,2024-06-26,1
E0010536,U04031,First_Action,2024-06-28,3
E0010537,U04032,Install,2024-06-02,0
E0010538,U04032,Signup,2024-06-02,0
E0010539,U04032,Onboarding,2024-06-03,1
E0010540,U04033,Install,2024-02-15,0
E0010541,U04034,Install,2024-06-03,0
E0010542,U04034,Signup,2024-06-03,0
E0010543,U04035,Install,2024-03-31,0
E0010544,U04035,Signup,2024-03-31,0
E0010545,U04036,Install,2024-01-12,0
E0010546,U04037,Install,2024-04-17,0
E0010547,U04038,Install,2024-04-05,0
E0010548,U04038,Signup,2024-04-05,0
E0010549,U04038,Onboarding,2024-04-06,1
E0010550,U04038,First_Action,2024-04-08,3
E0010551,U04039,Install,2024-06-14,0
E0010552,U04040,Install,2024-02-17,0
E0010553,U04040,Signup,2024-02-17,0
E0010554,U04040,Onboarding,2024-02-18,1
E0010555,U04040,First_Action,2024-02-20,3
E0010556,U04041,Install,2024-05-11,0
E0010557,U04041,Signup,2024-05-11,0
E0010558,U04041,Onboarding,2024-05-12,1
E0010559,U04041,First_Action,2024-05-14,3
E0010560,U04042,Install,2024-06-08,0
E0010561,U04042,Signup,2024-06-08,0
E0010562,U04043,Install,2024-02-25,0
E0010563,U04043,Signup,2024-02-25,0
E0010564,U04043,Onboarding,2024-02-26,1
E0010565,U04044,Install,2024-05-16,0
E0010566,U04044,Signup,2024-05-16,0
E0010567,U04044,Onboarding,2024-05-17,1
E0010568,U04045,Install,2024-03-03,0
E0010569,U04045,Signup,2024-03-03,0
E0010570,U04045,Onboarding,2024-03-04,1
E0010571,U04046,Install,2024-02-20,0
E0010572,U04046,Signup,2024-02-20,0
E0010573,U04046,Onboarding,2024-02-21,1
E0010574,U04047,Install,2024-05-07,0
E0010575,U04048,Install,2024-04-30,0
E0010576,U04048,Signup,2024-04-30,0
E0010577,U04049,Install,2024-05-21,0
E0010578,U04049,Signup,2024-05-21,0
E0010579,U04049,Onboarding,2024-05-22,1
E0010580,U04049,First_Action,2024-05-24,3
E0010581,U04049,Day1_Active,2024-05-25,4
E0010582,U04049,Day7_Active,2024-05-31,10
E0010583,U04050,Install,2024-01-19,0
E0010584,U04050,Signup,2024-01-19,0
E0010585,U04051,Install,2024-04-10,0
E0010586,U04051,Signup,2024-04-10,0
E0010587,U04051,Onboarding,2024-04-11,1
E0010588,U04052,Install,2024-05-02,0
E0010589,U04052,Signup,2024-05-02,0
E0010590,U04053,Install,2024-02-01,0
E0010591,U04053,Signup,2024-02-01,0
E0010592,U04054,Install,2024-05-12,0
E0010593,U04055,Install,2024-01-22,0
E0010594,U04055,Signup,2024-01-22,0
E0010595,U04055,Onboarding,2024-01-23,1
E0010596,U04056,Install,2024-03-03,0
E0010597,U04056,Signup,2024-03-03,0
E0010598,U04056,Onboarding,2024-03-04,1
E0010599,U04057,Install,2024-06-27,0
E0010600,U04057,Signup,2024-06-27,0
E0010601,U04057,Onboarding,2024-06-28,1
E0010602,U04058,Install,2024-03-29,0
E0010603,U04058,Signup,2024-03-29,0
E0010604,U04058,Onboarding,2024-03-30,1
E0010605,U04059,Install,2024-05-02,0
E0010606,U04059,Signup,2024-05-02,0
E0010607,U04059,Onboarding,2024-05-03,1
E0010608,U04060,Install,2024-06-23,0
E0010609,U04061,Install,2024-05-14,0
E0010610,U04061,Signup,2024-05-14,0
E0010611,U04062,Install,2024-04-09,0
E0010612,U04062,Signup,2024-04-09,0
E0010613,U04062,Onboarding,2024-04-10,1
E0010614,U04062,First_Action,2024-04-12,3
E0010615,U04062,Day1_Active,2024-04-13,4
E0010616,U04062,Day7_Active,2024-04-19,10
E0010617,U04063,Install,2024-02-26,0
E0010618,U04064,Install,2024-03-21,0
E0010619,U04065,Install,2024-04-03,0
E0010620,U04065,Signup,2024-04-03,0
E0010621,U04065,Onboarding,2024-04-04,1
E0010622,U04065,First_Action,2024-04-06,3
E0010623,U04065,Day1_Active,2024-04-07,4
E0010624,U04065,Day7_Active,2024-04-13,10
E0010625,U04066,Install,2024-03-07,0
E0010626,U04066,Signup,2024-03-07,0
E0010627,U04066,Onboarding,2024-03-08,1
E0010628,U04067,Install,2024-05-27,0
E0010629,U04068,Install,2024-03-21,0
E0010630,U04068,Signup,2024-03-21,0
E0010631,U04068,Onboarding,2024-03-22,1
E0010632,U04069,Install,2024-05-16,0
E0010633,U04070,Install,2024-02-02,0
E0010634,U04070,Signup,2024-02-02,0
E0010635,U04070,Onboarding,2024-02-03,1
E0010636,U04071,Install,2024-03-22,0
E0010637,U04071,Signup,2024-03-22,0
E0010638,U04072,Install,2024-03-09,0
E0010639,U04072,Signup,2024-03-09,0
E0010640,U04072,Onboarding,2024-03-10,1
E0010641,U04073,Install,2024-06-17,0
E0010642,U04074,Install,2024-04-28,0
E0010643,U04075,Install,2024-01-02,0
E0010644,U04075,Signup,2024-01-02,0
E0010645,U04076,Install,2024-02-05,0
E0010646,U04077,Install,2024-02-22,0
E0010647,U04077,Signup,2024-02-22,0
E0010648,U04077,Onboarding,2024-02-23,1
E0010649,U04078,Install,2024-02-06,0
E0010650,U04078,Signup,2024-02-06,0
E0010651,U04079,Install,2024-05-25,0
E0010652,U04080,Install,2024-04-23,0
E0010653,U04080,Signup,2024-04-23,0
E0010654,U04080,Onboarding,2024-04-24,1
E0010655,U04080,First_Action,2024-04-26,3
E0010656,U04080,Day1_Active,2024-04-27,4
E0010657,U04081,Install,2024-05-13,0
E0010658,U04081,Signup,2024-05-13,0
E0010659,U04081,Onboarding,2024-05-14,1
E0010660,U04082,Install,2024-02-08,0
E0010661,U04082,Signup,2024-02-08,0
E0010662,U04082,Onboarding,2024-02-09,1
E0010663,U04082,First_Action,2024-02-11,3
E0010664,U04083,Install,2024-03-15,0
E0010665,U04083,Signup,2024-03-15,0
E0010666,U04084,Install,2024-05-19,0
E0010667,U04084,Signup,2024-05-19,0
E0010668,U04084,Onboarding,2024-05-20,1
E0010669,U04084,First_Action,2024-05-22,3
E0010670,U04085,Install,2024-04-07,0
E0010671,U04086,Install,2024-04-13,0
E0010672,U04087,Install,2024-03-26,0
E0010673,U04087,Signup,2024-03-26,0
E0010674,U04087,Onboarding,2024-03-27,1
E0010675,U04087,First_Action,2024-03-29,3
E0010676,U04087,Day1_Active,2024-03-30,4
E0010677,U04088,Install,2024-06-02,0
E0010678,U04088,Signup,2024-06-02,0
E0010679,U04088,Onboarding,2024-06-03,1
E0010680,U04088,First_Action,2024-06-05,3
E0010681,U04089,Install,2024-01-14,0
E0010682,U04089,Signup,2024-01-14,0
E0010683,U04090,Install,2024-05-24,0
E0010684,U04090,Signup,2024-05-24,0
E0010685,U04091,Install,2024-01-20,0
E0010686,U04091,Signup,2024-01-20,0
E0010687,U04091,Onboarding,2024-01-21,1
E0010688,U04091,First_Action,2024-01-23,3
E0010689,U04092,Install,2024-05-15,0
E0010690,U04092,Signup,2024-05-15,0
E0010691,U04092,Onboarding,2024-05-16,1
E0010692,U04093,Install,2024-05-14,0
E0010693,U04093,Signup,2024-05-14,0
E0010694,U04093,Onboarding,2024-05-15,1
E0010695,U04094,Install,2024-06-12,0
E0010696,U04095,Install,2024-05-10,0
E0010697,U04096,Install,2024-01-27,0
E0010698,U04096,Signup,2024-01-27,0
E0010699,U04097,Install,2024-01-13,0
E0010700,U04097,Signup,2024-01-13,0
E0010701,U04098,Install,2024-03-22,0
E0010702,U04099,Install,2024-01-10,0
E0010703,U04100,Install,2024-06-17,0
E0010704,U04100,Signup,2024-06-17,0
E0010705,U04100,Onboarding,2024-06-18,1
E0010706,U04101,Install,2024-05-03,0
E0010707,U04101,Signup,2024-05-03,0
E0010708,U04102,Install,2024-05-12,0
E0010709,U04103,Install,2024-04-22,0
E0010710,U04104,Install,2024-01-17,0
E0010711,U04105,Install,2024-05-17,0
E0010712,U04105,Signup,2024-05-17,0
E0010713,U04105,Onboarding,2024-05-18,1
E0010714,U04105,First_Action,2024-05-20,3
E0010715,U04106,Install,2024-04-18,0
E0010716,U04107,Install,2024-03-04,0
E0010717,U04108,Install,2024-04-12,0
E0010718,U04108,Signup,2024-04-12,0
E0010719,U04108,Onboarding,2024-04-13,1
E0010720,U04108,First_Action,2024-04-15,3
E0010721,U04108,Day1_Active,2024-04-16,4
E0010722,U04108,Day7_Active,2024-04-22,10
E0010723,U04109,Install,2024-01-12,0
E0010724,U04109,Signup,2024-01-12,0
E0010725,U04109,Onboarding,2024-01-13,1
E0010726,U04110,Install,2024-05-04,0
E0010727,U04111,Install,2024-05-11,0
E0010728,U04112,Install,2024-04-20,0
E0010729,U04112,Signup,2024-04-20,0
E0010730,U04112,Onboarding,2024-04-21,1
E0010731,U04113,Install,2024-06-30,0
E0010732,U04113,Signup,2024-06-30,0
E0010733,U04114,Install,2024-01-28,0
E0010734,U04115,Install,2024-01-02,0
E0010735,U04115,Signup,2024-01-02,0
E0010736,U04115,Onboarding,2024-01-03,1
E0010737,U04116,Install,2024-06-12,0
E0010738,U04116,Signup,2024-06-12,0
E0010739,U04117,Install,2024-05-03,0
E0010740,U04117,Signup,2024-05-03,0
E0010741,U04118,Install,2024-05-08,0
E0010742,U04118,Signup,2024-05-08,0
E0010743,U04119,Install,2024-04-09,0
E0010744,U04119,Signup,2024-04-09,0
E0010745,U04120,Install,2024-01-19,0
E0010746,U04120,Signup,2024-01-19,0
E0010747,U04120,Onboarding,2024-01-20,1
E0010748,U04121,Install,2024-03-15,0
E0010749,U04121,Signup,2024-03-15,0
E0010750,U04121,Onboarding,2024-03-16,1
E0010751,U04122,Install,2024-06-26,0
E0010752,U04122,Signup,2024-06-26,0
E0010753,U04122,Onboarding,2024-06-27,1
E0010754,U04123,Install,2024-04-19,0
E0010755,U04123,Signup,2024-04-19,0
E0010756,U04124,Install,2024-06-30,0
E0010757,U04124,Signup,2024-06-30,0
E0010758,U04124,Onboarding,2024-07-01,1
E0010759,U04124,First_Action,2024-07-03,3
E0010760,U04124,Day1_Active,2024-07-04,4
E0010761,U04124,Day7_Active,2024-07-10,10
E0010762,U04125,Install,2024-01-11,0
E0010763,U04125,Signup,2024-01-11,0
E0010764,U04125,Onboarding,2024-01-12,1
E0010765,U04125,First_Action,2024-01-14,3
E0010766,U04126,Install,2024-03-09,0
E0010767,U04126,Signup,2024-03-09,0
E0010768,U04126,Onboarding,2024-03-10,1
E0010769,U04127,Install,2024-03-13,0
E0010770,U04127,Signup,2024-03-13,0
E0010771,U04128,Install,2024-04-27,0
E0010772,U04128,Signup,2024-04-27,0
E0010773,U04129,Install,2024-03-07,0
E0010774,U04130,Install,2024-05-02,0
E0010775,U04130,Signup,2024-05-02,0
E0010776,U04130,Onboarding,2024-05-03,1
E0010777,U04130,First_Action,2024-05-05,3
E0010778,U04131,Install,2024-05-30,0
E0010779,U04131,Signup,2024-05-30,0
E0010780,U04131,Onboarding,2024-05-31,1
E0010781,U04131,First_Action,2024-06-02,3
E0010782,U04131,Day1_Active,2024-06-03,4
E0010783,U04132,Install,2024-01-18,0
E0010784,U04133,Install,2024-02-04,0
E0010785,U04133,Signup,2024-02-04,0
E0010786,U04133,Onboarding,2024-02-05,1
E0010787,U04133,First_Action,2024-02-07,3
E0010788,U04133,Day1_Active,2024-02-08,4
E0010789,U04134,Install,2024-03-27,0
E0010790,U04134,Signup,2024-03-27,0
E0010791,U04135,Install,2024-05-09,0
E0010792,U04135,Signup,2024-05-09,0
E0010793,U04135,Onboarding,2024-05-10,1
E0010794,U04135,First_Action,2024-05-12,3
E0010795,U04135,Day1_Active,2024-05-13,4
E0010796,U04136,Install,2024-03-13,0
E0010797,U04137,Install,2024-06-30,0
E0010798,U04137,Signup,2024-06-30,0
E0010799,U04137,Onboarding,2024-07-01,1
E0010800,U04137,First_Action,2024-07-03,3
E0010801,U04137,Day1_Active,2024-07-04,4
E0010802,U04137,Day7_Active,2024-07-10,10
E0010803,U04138,Install,2024-03-02,0
E0010804,U04138,Signup,2024-03-02,0
E0010805,U04138,Onboarding,2024-03-03,1
E0010806,U04138,First_Action,2024-03-05,3
E0010807,U04139,Install,2024-06-26,0
E0010808,U04139,Signup,2024-06-26,0
E0010809,U04140,Install,2024-03-20,0
E0010810,U04141,Install,2024-05-07,0
E0010811,U04141,Signup,2024-05-07,0
E0010812,U04142,Install,2024-06-21,0
E0010813,U04142,Signup,2024-06-21,0
E0010814,U04143,Install,2024-04-06,0
E0010815,U04143,Signup,2024-04-06,0
E0010816,U04143,Onboarding,2024-04-07,1
E0010817,U04144,Install,2024-02-23,0
E0010818,U04144,Signup,2024-02-23,0
E0010819,U04144,Onboarding,2024-02-24,1
E0010820,U04144,First_Action,2024-02-26,3
E0010821,U04145,Install,2024-01-15,0
E0010822,U04146,Install,2024-06-16,0
E0010823,U04146,Signup,2024-06-16,0
E0010824,U04146,Onboarding,2024-06-17,1
E0010825,U04147,Install,2024-01-04,0
E0010826,U04147,Signup,2024-01-04,0
E0010827,U04147,Onboarding,2024-01-05,1
E0010828,U04148,Install,2024-06-01,0
E0010829,U04148,Signup,2024-06-01,0
E0010830,U04148,Onboarding,2024-06-02,1
E0010831,U04149,Install,2024-03-20,0
E0010832,U04149,Signup,2024-03-20,0
E0010833,U04149,Onboarding,2024-03-21,1
E0010834,U04149,First_Action,2024-03-23,3
E0010835,U04150,Install,2024-02-29,0
E0010836,U04150,Signup,2024-02-29,0
E0010837,U04151,Install,2024-02-16,0
E0010838,U04151,Signup,2024-02-16,0
E0010839,U04152,Install,2024-02-26,0
E0010840,U04152,Signup,2024-02-26,0
E0010841,U04152,Onboarding,2024-02-27,1
E0010842,U04152,First_Action,2024-02-29,3
E0010843,U04153,Install,2024-05-16,0
E0010844,U04154,Install,2024-06-21,0
E0010845,U04154,Signup,2024-06-21,0
E0010846,U04154,Onboarding,2024-06-22,1
E0010847,U04155,Install,2024-03-18,0
E0010848,U04155,Signup,2024-03-18,0
E0010849,U04155,Onboarding,2024-03-19,1
E0010850,U04155,First_Action,2024-03-21,3
E0010851,U04155,Day1_Active,2024-03-22,4
E0010852,U04156,Install,2024-03-29,0
E0010853,U04157,Install,2024-03-30,0
E0010854,U04157,Signup,2024-03-30,0
E0010855,U04157,Onboarding,2024-03-31,1
E0010856,U04157,First_Action,2024-04-02,3
E0010857,U04157,Day1_Active,2024-04-03,4
E0010858,U04157,Day7_Active,2024-04-09,10
E0010859,U04158,Install,2024-06-05,0
E0010860,U04158,Signup,2024-06-05,0
E0010861,U04158,Onboarding,2024-06-06,1
E0010862,U04159,Install,2024-02-05,0
E0010863,U04159,Signup,2024-02-05,0
E0010864,U04159,Onboarding,2024-02-06,1
E0010865,U04160,Install,2024-06-04,0
E0010866,U04160,Signup,2024-06-04,0
E0010867,U04160,Onboarding,2024-06-05,1
E0010868,U04161,Install,2024-01-27,0
E0010869,U04161,Signup,2024-01-27,0
E0010870,U04162,Install,2024-05-02,0
E0010871,U04162,Signup,2024-05-02,0
E0010872,U04163,Install,2024-04-14,0
E0010873,U04163,Signup,2024-04-14,0
E0010874,U04163,Onboarding,2024-04-15,1
E0010875,U04163,First_Action,2024-04-17,3
E0010876,U04163,Day1_Active,2024-04-18,4
E0010877,U04164,Install,2024-01-23,0
E0010878,U04164,Signup,2024-01-23,0
E0010879,U04164,Onboarding,2024-01-24,1
E0010880,U04164,First_Action,2024-01-26,3
E0010881,U04164,Day1_Active,2024-01-27,4
E0010882,U04165,Install,2024-04-12,0
E0010883,U04165,Signup,2024-04-12,0
E0010884,U04166,Install,2024-06-25,0
E0010885,U04167,Install,2024-04-11,0
E0010886,U04167,Signup,2024-04-11,0
E0010887,U04168,Install,2024-05-17,0
E0010888,U04168,Signup,2024-05-17,0
E0010889,U04168,Onboarding,2024-05-18,1
E0010890,U04168,First_Action,2024-05-20,3
E0010891,U04169,Install,2024-05-24,0
E0010892,U04169,Signup,2024-05-24,0
E0010893,U04169,Onboarding,2024-05-25,1
E0010894,U04169,First_Action,2024-05-27,3
E0010895,U04170,Install,2024-04-21,0
E0010896,U04171,Install,2024-02-18,0
E0010897,U04172,Install,2024-01-19,0
E0010898,U04172,Signup,2024-01-19,0
E0010899,U04173,Install,2024-04-09,0
E0010900,U04173,Signup,2024-04-09,0
E0010901,U04173,Onboarding,2024-04-10,1
E0010902,U04174,Install,2024-05-31,0
E0010903,U04174,Signup,2024-05-31,0
E0010904,U04175,Install,2024-05-16,0
E0010905,U04176,Install,2024-01-15,0
E0010906,U04176,Signup,2024-01-15,0
E0010907,U04176,Onboarding,2024-01-16,1
E0010908,U04176,First_Action,2024-01-18,3
E0010909,U04177,Install,2024-03-10,0
E0010910,U04177,Signup,2024-03-10,0
E0010911,U04177,Onboarding,2024-03-11,1
E0010912,U04177,First_Action,2024-03-13,3
E0010913,U04178,Install,2024-05-05,0
E0010914,U04178,Signup,2024-05-05,0
E0010915,U04179,Install,2024-02-06,0
E0010916,U04179,Signup,2024-02-06,0
E0010917,U04180,Install,2024-01-04,0
E0010918,U04180,Signup,2024-01-04,0
E0010919,U04180,Onboarding,2024-01-05,1
E0010920,U04181,Install,2024-05-26,0
E0010921,U04181,Signup,2024-05-26,0
E0010922,U04181,Onboarding,2024-05-27,1
E0010923,U04181,First_Action,2024-05-29,3
E0010924,U04182,Install,2024-02-16,0
E0010925,U04182,Signup,2024-02-16,0
E0010926,U04183,Install,2024-05-23,0
E0010927,U04183,Signup,2024-05-23,0
E0010928,U04184,Install,2024-02-20,0
E0010929,U04184,Signup,2024-02-20,0
E0010930,U04184,Onboarding,2024-02-21,1
E0010931,U04184,First_Action,2024-02-23,3
E0010932,U04185,Install,2024-06-30,0
E0010933,U04185,Signup,2024-06-30,0
E0010934,U04185,Onboarding,2024-07-01,1
E0010935,U04185,First_Action,2024-07-03,3
E0010936,U04185,Day1_Active,2024-07-04,4
E0010937,U04186,Install,2024-06-11,0
E0010938,U04186,Signup,2024-06-11,0
E0010939,U04187,Install,2024-01-24,0
E0010940,U04187,Signup,2024-01-24,0
E0010941,U04188,Install,2024-04-04,0
E0010942,U04188,Signup,2024-04-04,0
E0010943,U04189,Install,2024-05-18,0
E0010944,U04189,Signup,2024-05-18,0
E0010945,U04190,Install,2024-02-26,0
E0010946,U04191,Install,2024-05-17,0
E0010947,U04191,Signup,2024-05-17,0
E0010948,U04192,Install,2024-03-09,0
E0010949,U04192,Signup,2024-03-09,0
E0010950,U04192,Onboarding,2024-03-10,1
E0010951,U04193,Install,2024-03-31,0
E0010952,U04193,Signup,2024-03-31,0
E0010953,U04193,Onboarding,2024-04-01,1
E0010954,U04194,Install,2024-02-25,0
E0010955,U04195,Install,2024-06-18,0
E0010956,U04195,Signup,2024-06-18,0
E0010957,U04195,Onboarding,2024-06-19,1
E0010958,U04196,Install,2024-06-04,0
E0010959,U04196,Signup,2024-06-04,0
E0010960,U04196,Onboarding,2024-06-05,1
E0010961,U04196,First_Action,2024-06-07,3
E0010962,U04197,Install,2024-05-23,0
E0010963,U04197,Signup,2024-05-23,0
E0010964,U04197,Onboarding,2024-05-24,1
E0010965,U04198,Install,2024-04-20,0
E0010966,U04199,Install,2024-03-19,0
E0010967,U04200,Install,2024-03-09,0
E0010968,U04201,Install,2024-02-14,0
E0010969,U04202,Install,2024-04-24,0
E0010970,U04203,Install,2024-03-10,0
E0010971,U04203,Signup,2024-03-10,0
E0010972,U04204,Install,2024-05-23,0
E0010973,U04205,Install,2024-03-31,0
E0010974,U04205,Signup,2024-03-31,0
E0010975,U04206,Install,2024-01-06,0
E0010976,U04206,Signup,2024-01-06,0
E0010977,U04206,Onboarding,2024-01-07,1
E0010978,U04207,Install,2024-01-17,0
E0010979,U04207,Signup,2024-01-17,0
E0010980,U04207,Onboarding,2024-01-18,1
E0010981,U04208,Install,2024-02-29,0
E0010982,U04209,Install,2024-01-21,0
E0010983,U04210,Install,2024-05-27,0
E0010984,U04210,Signup,2024-05-27,0
E0010985,U04211,Install,2024-03-08,0
E0010986,U04211,Signup,2024-03-08,0
E0010987,U04212,Install,2024-03-29,0
E0010988,U04212,Signup,2024-03-29,0
E0010989,U04212,Onboarding,2024-03-30,1
E0010990,U04213,Install,2024-06-22,0
E0010991,U04213,Signup,2024-06-22,0
E0010992,U04213,Onboarding,2024-06-23,1
E0010993,U04214,Install,2024-01-11,0
E0010994,U04214,Signup,2024-01-11,0
E0010995,U04214,Onboarding,2024-01-12,1
E0010996,U04214,First_Action,2024-01-14,3
E0010997,U04215,Install,2024-01-21,0
E0010998,U04215,Signup,2024-01-21,0
E0010999,U04215,Onboarding,2024-01-22,1
E0011000,U04215,First_Action,2024-01-24,3
E0011001,U04216,Install,2024-06-24,0
E0011002,U04216,Signup,2024-06-24,0
E0011003,U04216,Onboarding,2024-06-25,1
E0011004,U04217,Install,2024-02-17,0
E0011005,U04218,Install,2024-01-25,0
E0011006,U04218,Signup,2024-01-25,0
E0011007,U04218,Onboarding,2024-01-26,1
E0011008,U04218,First_Action,2024-01-28,3
E0011009,U04218,Day1_Active,2024-01-29,4
E0011010,U04218,Day7_Active,2024-02-04,10
E0011011,U04219,Install,2024-04-18,0
E0011012,U04219,Signup,2024-04-18,0
E0011013,U04219,Onboarding,2024-04-19,1
E0011014,U04220,Install,2024-01-26,0
E0011015,U04220,Signup,2024-01-26,0
E0011016,U04221,Install,2024-06-16,0
E0011017,U04221,Signup,2024-06-16,0
E0011018,U04222,Install,2024-02-29,0
E0011019,U04223,Install,2024-06-07,0
E0011020,U04223,Signup,2024-06-07,0
E0011021,U04223,Onboarding,2024-06-08,1
E0011022,U04224,Install,2024-03-26,0
E0011023,U04224,Signup,2024-03-26,0
E0011024,U04225,Install,2024-02-02,0
E0011025,U04226,Install,2024-02-14,0
E0011026,U04226,Signup,2024-02-14,0
E0011027,U04226,Onboarding,2024-02-15,1
E0011028,U04227,Install,2024-05-22,0
E0011029,U04227,Signup,2024-05-22,0
E0011030,U04228,Install,2024-03-15,0
E0011031,U04228,Signup,2024-03-15,0
E0011032,U04229,Install,2024-04-03,0
E0011033,U04229,Signup,2024-04-03,0
E0011034,U04229,Onboarding,2024-04-04,1
E0011035,U04229,First_Action,2024-04-06,3
E0011036,U04229,Day1_Active,2024-04-07,4
E0011037,U04230,Install,2024-03-04,0
E0011038,U04230,Signup,2024-03-04,0
E0011039,U04230,Onboarding,2024-03-05,1
E0011040,U04230,First_Action,2024-03-07,3
E0011041,U04231,Install,2024-06-04,0
E0011042,U04231,Signup,2024-06-04,0
E0011043,U04231,Onboarding,2024-06-05,1
E0011044,U04232,Install,2024-06-09,0
E0011045,U04233,Install,2024-03-04,0
E0011046,U04233,Signup,2024-03-04,0
E0011047,U04234,Install,2024-06-24,0
E0011048,U04234,Signup,2024-06-24,0
E0011049,U04234,Onboarding,2024-06-25,1
E0011050,U04234,First_Action,2024-06-27,3
E0011051,U04234,Day1_Active,2024-06-28,4
E0011052,U04235,Install,2024-06-13,0
E0011053,U04235,Signup,2024-06-13,0
E0011054,U04235,Onboarding,2024-06-14,1
E0011055,U04236,Install,2024-04-29,0
E0011056,U04236,Signup,2024-04-29,0
E0011057,U04236,Onboarding,2024-04-30,1
E0011058,U04237,Install,2024-04-25,0
E0011059,U04237,Signup,2024-04-25,0
E0011060,U04237,Onboarding,2024-04-26,1
E0011061,U04237,First_Action,2024-04-28,3
E0011062,U04238,Install,2024-01-22,0
E0011063,U04238,Signup,2024-01-22,0
E0011064,U04238,Onboarding,2024-01-23,1
E0011065,U04238,First_Action,2024-01-25,3
E0011066,U04239,Install,2024-01-26,0
E0011067,U04239,Signup,2024-01-26,0
E0011068,U04240,Install,2024-02-25,0
E0011069,U04240,Signup,2024-02-25,0
E0011070,U04241,Install,2024-05-24,0
E0011071,U04241,Signup,2024-05-24,0
E0011072,U04241,Onboarding,2024-05-25,1
E0011073,U04241,First_Action,2024-05-27,3
E0011074,U04242,Install,2024-06-01,0
E0011075,U04242,Signup,2024-06-01,0
E0011076,U04242,Onboarding,2024-06-02,1
E0011077,U04243,Install,2024-03-11,0
E0011078,U04244,Install,2024-04-06,0
E0011079,U04244,Signup,2024-04-06,0
E0011080,U04244,Onboarding,2024-04-07,1
E0011081,U04244,First_Action,2024-04-09,3
E0011082,U04244,Day1_Active,2024-04-10,4
E0011083,U04245,Install,2024-02-24,0
E0011084,U04246,Install,2024-05-08,0
E0011085,U04246,Signup,2024-05-08,0
E0011086,U04246,Onboarding,2024-05-09,1
E0011087,U04246,First_Action,2024-05-11,3
E0011088,U04247,Install,2024-01-03,0
E0011089,U04247,Signup,2024-01-03,0
E0011090,U04247,Onboarding,2024-01-04,1
E0011091,U04248,Install,2024-06-22,0
E0011092,U04248,Signup,2024-06-22,0
E0011093,U04249,Install,2024-04-18,0
E0011094,U04249,Signup,2024-04-18,0
E0011095,U04249,Onboarding,2024-04-19,1
E0011096,U04249,First_Action,2024-04-21,3
E0011097,U04249,Day1_Active,2024-04-22,4
E0011098,U04249,Day7_Active,2024-04-28,10
E0011099,U04250,Install,2024-02-03,0
E0011100,U04251,Install,2024-03-12,0
E0011101,U04251,Signup,2024-03-12,0
E0011102,U04252,Install,2024-05-17,0
E0011103,U04252,Signup,2024-05-17,0
E0011104,U04253,Install,2024-02-20,0
E0011105,U04253,Signup,2024-02-20,0
E0011106,U04253,Onboarding,2024-02-21,1
E0011107,U04253,First_Action,2024-02-23,3
E0011108,U04253,Day1_Active,2024-02-24,4
E0011109,U04253,Day7_Active,2024-03-01,10
E0011110,U04254,Install,2024-06-12,0
E0011111,U04254,Signup,2024-06-12,0
E0011112,U04254,Onboarding,2024-06-13,1
E0011113,U04255,Install,2024-06-23,0
E0011114,U04255,Signup,2024-06-23,0
E0011115,U04256,Install,2024-01-04,0
E0011116,U04256,Signup,2024-01-04,0
E0011117,U04256,Onboarding,2024-01-05,1
E0011118,U04257,Install,2024-02-17,0
E0011119,U04257,Signup,2024-02-17,0
E0011120,U04257,Onboarding,2024-02-18,1
E0011121,U04257,First_Action,2024-02-20,3
E0011122,U04258,Install,2024-01-13,0
E0011123,U04258,Signup,2024-01-13,0
E0011124,U04258,Onboarding,2024-01-14,1
E0011125,U04259,Install,2024-04-03,0
E0011126,U04259,Signup,2024-04-03,0
E0011127,U04259,Onboarding,2024-04-04,1
E0011128,U04260,Install,2024-01-27,0
E0011129,U04260,Signup,2024-01-27,0
E0011130,U04261,Install,2024-05-29,0
E0011131,U04261,Signup,2024-05-29,0
E0011132,U04261,Onboarding,2024-05-30,1
E0011133,U04261,First_Action,2024-06-01,3
E0011134,U04261,Day1_Active,2024-06-02,4
E0011135,U04261,Day7_Active,2024-06-08,10
E0011136,U04262,Install,2024-04-03,0
E0011137,U04262,Signup,2024-04-03,0
E0011138,U04262,Onboarding,2024-04-04,1
E0011139,U04263,Install,2024-01-30,0
E0011140,U04263,Signup,2024-01-30,0
E0011141,U04264,Install,2024-06-24,0
E0011142,U04264,Signup,2024-06-24,0
E0011143,U04264,Onboarding,2024-06-25,1
E0011144,U04265,Install,2024-04-18,0
E0011145,U04265,Signup,2024-04-18,0
E0011146,U04265,Onboarding,2024-04-19,1
E0011147,U04265,First_Action,2024-04-21,3
E0011148,U04265,Day1_Active,2024-04-22,4
E0011149,U04266,Install,2024-04-07,0
E0011150,U04267,Install,2024-02-23,0
E0011151,U04267,Signup,2024-02-23,0
E0011152,U04267,Onboarding,2024-02-24,1
E0011153,U04267,First_Action,2024-02-26,3
E0011154,U04268,Install,2024-01-12,0
E0011155,U04268,Signup,2024-01-12,0
E0011156,U04268,Onboarding,2024-01-13,1
E0011157,U04268,First_Action,2024-01-15,3
E0011158,U04269,Install,2024-03-14,0
E0011159,U04269,Signup,2024-03-14,0
E0011160,U04270,Install,2024-02-15,0
E0011161,U04270,Signup,2024-02-15,0
E0011162,U04270,Onboarding,2024-02-16,1
E0011163,U04270,First_Action,2024-02-18,3
E0011164,U04270,Day1_Active,2024-02-19,4
E0011165,U04271,Install,2024-01-19,0
E0011166,U04271,Signup,2024-01-19,0
E0011167,U04271,Onboarding,2024-01-20,1
E0011168,U04271,First_Action,2024-01-22,3
E0011169,U04272,Install,2024-01-27,0
E0011170,U04272,Signup,2024-01-27,0
E0011171,U04273,Install,2024-04-17,0
E0011172,U04273,Signup,2024-04-17,0
E0011173,U04273,Onboarding,2024-04-18,1
E0011174,U04274,Install,2024-03-21,0
E0011175,U04274,Signup,2024-03-21,0
E0011176,U04274,Onboarding,2024-03-22,1
E0011177,U04274,First_Action,2024-03-24,3
E0011178,U04274,Day1_Active,2024-03-25,4
E0011179,U04274,Day7_Active,2024-03-31,10
E0011180,U04275,Install,2024-01-06,0
E0011181,U04276,Install,2024-05-18,0
E0011182,U04276,Signup,2024-05-18,0
E0011183,U04276,Onboarding,2024-05-19,1
E0011184,U04276,First_Action,2024-05-21,3
E0011185,U04277,Install,2024-06-25,0
E0011186,U04277,Signup,2024-06-25,0
E0011187,U04277,Onboarding,2024-06-26,1
E0011188,U04277,First_Action,2024-06-28,3
E0011189,U04278,Install,2024-06-29,0
E0011190,U04279,Install,2024-04-08,0
E0011191,U04280,Install,2024-06-24,0
E0011192,U04280,Signup,2024-06-24,0
E0011193,U04280,Onboarding,2024-06-25,1
E0011194,U04280,First_Action,2024-06-27,3
E0011195,U04280,Day1_Active,2024-06-28,4
E0011196,U04281,Install,2024-03-12,0
E0011197,U04282,Install,2024-05-29,0
E0011198,U04282,Signup,2024-05-29,0
E0011199,U04283,Install,2024-06-22,0
E0011200,U04284,Install,2024-05-27,0
E0011201,U04284,Signup,2024-05-27,0
E0011202,U04284,Onboarding,2024-05-28,1
E0011203,U04284,First_Action,2024-05-30,3
E0011204,U04285,Install,2024-02-11,0
E0011205,U04285,Signup,2024-02-11,0
E0011206,U04285,Onboarding,2024-02-12,1
E0011207,U04286,Install,2024-04-14,0
E0011208,U04286,Signup,2024-04-14,0
E0011209,U04287,Install,2024-05-16,0
E0011210,U04288,Install,2024-02-24,0
E0011211,U04288,Signup,2024-02-24,0
E0011212,U04288,Onboarding,2024-02-25,1
E0011213,U04289,Install,2024-03-03,0
E0011214,U04290,Install,2024-04-03,0
E0011215,U04290,Signup,2024-04-03,0
E0011216,U04291,Install,2024-04-17,0
E0011217,U04291,Signup,2024-04-17,0
E0011218,U04292,Install,2024-01-23,0
E0011219,U04292,Signup,2024-01-23,0
E0011220,U04292,Onboarding,2024-01-24,1
E0011221,U04293,Install,2024-05-28,0
E0011222,U04294,Install,2024-01-30,0
E0011223,U04295,Install,2024-03-30,0
E0011224,U04295,Signup,2024-03-30,0
E0011225,U04296,Install,2024-06-25,0
E0011226,U04296,Signup,2024-06-25,0
E0011227,U04296,Onboarding,2024-06-26,1
E0011228,U04297,Install,2024-05-14,0
E0011229,U04297,Signup,2024-05-14,0
E0011230,U04298,Install,2024-01-15,0
E0011231,U04298,Signup,2024-01-15,0
E0011232,U04299,Install,2024-03-26,0
E0011233,U04299,Signup,2024-03-26,0
E0011234,U04299,Onboarding,2024-03-27,1
E0011235,U04300,Install,2024-06-23,0
E0011236,U04300,Signup,2024-06-23,0
E0011237,U04300,Onboarding,2024-06-24,1
E0011238,U04301,Install,2024-03-12,0
E0011239,U04302,Install,2024-03-28,0
E0011240,U04302,Signup,2024-03-28,0
E0011241,U04302,Onboarding,2024-03-29,1
E0011242,U04303,Install,2024-03-23,0
E0011243,U04303,Signup,2024-03-23,0
E0011244,U04304,Install,2024-03-06,0
E0011245,U04304,Signup,2024-03-06,0
E0011246,U04305,Install,2024-06-29,0
E0011247,U04305,Signup,2024-06-29,0
E0011248,U04305,Onboarding,2024-06-30,1
E0011249,U04306,Install,2024-04-11,0
E0011250,U04307,Install,2024-05-22,0
E0011251,U04308,Install,2024-03-03,0
E0011252,U04308,Signup,2024-03-03,0
E0011253,U04308,Onboarding,2024-03-04,1
E0011254,U04309,Install,2024-03-27,0
E0011255,U04309,Signup,2024-03-27,0
E0011256,U04309,Onboarding,2024-03-28,1
E0011257,U04309,First_Action,2024-03-30,3
E0011258,U04310,Install,2024-04-02,0
E0011259,U04310,Signup,2024-04-02,0
E0011260,U04311,Install,2024-01-09,0
E0011261,U04311,Signup,2024-01-09,0
E0011262,U04311,Onboarding,2024-01-10,1
E0011263,U04311,First_Action,2024-01-12,3
E0011264,U04312,Install,2024-05-03,0
E0011265,U04312,Signup,2024-05-03,0
E0011266,U04313,Install,2024-04-17,0
E0011267,U04313,Signup,2024-04-17,0
E0011268,U04314,Install,2024-02-19,0
E0011269,U04314,Signup,2024-02-19,0
E0011270,U04315,Install,2024-02-27,0
E0011271,U04315,Signup,2024-02-27,0
E0011272,U04316,Install,2024-02-13,0
E0011273,U04316,Signup,2024-02-13,0
E0011274,U04317,Install,2024-02-28,0
E0011275,U04318,Install,2024-04-21,0
E0011276,U04318,Signup,2024-04-21,0
E0011277,U04319,Install,2024-03-20,0
E0011278,U04319,Signup,2024-03-20,0
E0011279,U04319,Onboarding,2024-03-21,1
E0011280,U04320,Install,2024-02-09,0
E0011281,U04320,Signup,2024-02-09,0
E0011282,U04320,Onboarding,2024-02-10,1
E0011283,U04321,Install,2024-04-04,0
E0011284,U04321,Signup,2024-04-04,0
E0011285,U04321,Onboarding,2024-04-05,1
E0011286,U04321,First_Action,2024-04-07,3
E0011287,U04321,Day1_Active,2024-04-08,4
E0011288,U04321,Day7_Active,2024-04-14,10
E0011289,U04322,Install,2024-01-24,0
E0011290,U04323,Install,2024-03-11,0
E0011291,U04324,Install,2024-06-07,0
E0011292,U04325,Install,2024-06-11,0
E0011293,U04326,Install,2024-05-10,0
E0011294,U04326,Signup,2024-05-10,0
E0011295,U04326,Onboarding,2024-05-11,1
E0011296,U04327,Install,2024-01-19,0
E0011297,U04327,Signup,2024-01-19,0
E0011298,U04328,Install,2024-05-27,0
E0011299,U04328,Signup,2024-05-27,0
E0011300,U04328,Onboarding,2024-05-28,1
E0011301,U04329,Install,2024-04-07,0
E0011302,U04329,Signup,2024-04-07,0
E0011303,U04330,Install,2024-05-25,0
E0011304,U04330,Signup,2024-05-25,0
E0011305,U04331,Install,2024-01-17,0
E0011306,U04331,Signup,2024-01-17,0
E0011307,U04331,Onboarding,2024-01-18,1
E0011308,U04332,Install,2024-06-08,0
E0011309,U04332,Signup,2024-06-08,0
E0011310,U04332,Onboarding,2024-06-09,1
E0011311,U04333,Install,2024-02-08,0
E0011312,U04333,Signup,2024-02-08,0
E0011313,U04334,Install,2024-04-14,0
E0011314,U04334,Signup,2024-04-14,0
E0011315,U04334,Onboarding,2024-04-15,1
E0011316,U04334,First_Action,2024-04-17,3
E0011317,U04335,Install,2024-03-01,0
E0011318,U04335,Signup,2024-03-01,0
E0011319,U04336,Install,2024-04-21,0
E0011320,U04336,Signup,2024-04-21,0
E0011321,U04337,Install,2024-03-14,0
E0011322,U04337,Signup,2024-03-14,0
E0011323,U04338,Install,2024-02-04,0
E0011324,U04338,Signup,2024-02-04,0
E0011325,U04338,Onboarding,2024-02-05,1
E0011326,U04338,First_Action,2024-02-07,3
E0011327,U04339,Install,2024-01-06,0
E0011328,U04339,Signup,2024-01-06,0
E0011329,U04339,Onboarding,2024-01-07,1
E0011330,U04340,Install,2024-05-13,0
E0011331,U04340,Signup,2024-05-13,0
E0011332,U04341,Install,2024-06-10,0
E0011333,U04341,Signup,2024-06-10,0
E0011334,U04341,Onboarding,2024-06-11,1
E0011335,U04342,Install,2024-04-18,0
E0011336,U04342,Signup,2024-04-18,0
E0011337,U04343,Install,2024-03-25,0
E0011338,U04343,Signup,2024-03-25,0
E0011339,U04343,Onboarding,2024-03-26,1
E0011340,U04344,Install,2024-05-31,0
E0011341,U04344,Signup,2024-05-31,0
E0011342,U04344,Onboarding,2024-06-01,1
E0011343,U04344,First_Action,2024-06-03,3
E0011344,U04344,Day1_Active,2024-06-04,4
E0011345,U04345,Install,2024-03-11,0
E0011346,U04345,Signup,2024-03-11,0
E0011347,U04345,Onboarding,2024-03-12,1
E0011348,U04346,Install,2024-04-21,0
E0011349,U04346,Signup,2024-04-21,0
E0011350,U04346,Onboarding,2024-04-22,1
E0011351,U04346,First_Action,2024-04-24,3
E0011352,U04346,Day1_Active,2024-04-25,4
E0011353,U04346,Day7_Active,2024-05-01,10
E0011354,U04347,Install,2024-06-28,0
E0011355,U04347,Signup,2024-06-28,0
E0011356,U04347,Onboarding,2024-06-29,1
E0011357,U04348,Install,2024-04-20,0
E0011358,U04349,Install,2024-01-07,0
E0011359,U04349,Signup,2024-01-07,0
E0011360,U04350,Install,2024-04-24,0
E0011361,U04351,Install,2024-01-01,0
E0011362,U04351,Signup,2024-01-01,0
E0011363,U04351,Onboarding,2024-01-02,1
E0011364,U04351,First_Action,2024-01-04,3
E0011365,U04351,Day1_Active,2024-01-05,4
E0011366,U04351,Day7_Active,2024-01-11,10
E0011367,U04352,Install,2024-01-25,0
E0011368,U04352,Signup,2024-01-25,0
E0011369,U04353,Install,2024-02-22,0
E0011370,U04353,Signup,2024-02-22,0
E0011371,U04353,Onboarding,2024-02-23,1
E0011372,U04354,Install,2024-04-21,0
E0011373,U04354,Signup,2024-04-21,0
E0011374,U04354,Onboarding,2024-04-22,1
E0011375,U04354,First_Action,2024-04-24,3
E0011376,U04355,Install,2024-01-05,0
E0011377,U04355,Signup,2024-01-05,0
E0011378,U04355,Onboarding,2024-01-06,1
E0011379,U04355,First_Action,2024-01-08,3
E0011380,U04355,Day1_Active,2024-01-09,4
E0011381,U04356,Install,2024-02-28,0
E0011382,U04356,Signup,2024-02-28,0
E0011383,U04357,Install,2024-02-15,0
E0011384,U04357,Signup,2024-02-15,0
E0011385,U04357,Onboarding,2024-02-16,1
E0011386,U04357,First_Action,2024-02-18,3
E0011387,U04357,Day1_Active,2024-02-19,4
E0011388,U04358,Install,2024-03-25,0
E0011389,U04358,Signup,2024-03-25,0
E0011390,U04358,Onboarding,2024-03-26,1
E0011391,U04358,First_Action,2024-03-28,3
E0011392,U04359,Install,2024-06-23,0
E0011393,U04359,Signup,2024-06-23,0
E0011394,U04360,Install,2024-02-14,0
E0011395,U04360,Signup,2024-02-14,0
E0011396,U04360,Onboarding,2024-02-15,1
E0011397,U04361,Install,2024-04-15,0
E0011398,U04361,Signup,2024-04-15,0
E0011399,U04361,Onboarding,2024-04-16,1
E0011400,U04361,First_Action,2024-04-18,3
E0011401,U04361,Day1_Active,2024-04-19,4
E0011402,U04361,Day7_Active,2024-04-25,10
E0011403,U04362,Install,2024-04-14,0
E0011404,U04362,Signup,2024-04-14,0
E0011405,U04363,Install,2024-02-26,0
E0011406,U04364,Install,2024-04-22,0
E0011407,U04364,Signup,2024-04-22,0
E0011408,U04365,Install,2024-02-23,0
E0011409,U04365,Signup,2024-02-23,0
E0011410,U04365,Onboarding,2024-02-24,1
E0011411,U04365,First_Action,2024-02-26,3
E0011412,U04365,Day1_Active,2024-02-27,4
E0011413,U04366,Install,2024-06-30,0
E0011414,U04366,Signup,2024-06-30,0
E0011415,U04366,Onboarding,2024-07-01,1
E0011416,U04366,First_Action,2024-07-03,3
E0011417,U04366,Day1_Active,2024-07-04,4
E0011418,U04367,Install,2024-04-09,0
E0011419,U04368,Install,2024-03-18,0
E0011420,U04368,Signup,2024-03-18,0
E0011421,U04368,Onboarding,2024-03-19,1
E0011422,U04368,First_Action,2024-03-21,3
E0011423,U04369,Install,2024-04-06,0
E0011424,U04369,Signup,2024-04-06,0
E0011425,U04369,Onboarding,2024-04-07,1
E0011426,U04370,Install,2024-02-08,0
E0011427,U04370,Signup,2024-02-08,0
E0011428,U04371,Install,2024-01-13,0
E0011429,U04372,Install,2024-04-01,0
E0011430,U04373,Install,2024-03-03,0
E0011431,U04374,Install,2024-05-21,0
E0011432,U04375,Install,2024-04-05,0
E0011433,U04375,Signup,2024-04-05,0
E0011434,U04375,Onboarding,2024-04-06,1
E0011435,U04376,Install,2024-03-26,0
E0011436,U04376,Signup,2024-03-26,0
E0011437,U04376,Onboarding,2024-03-27,1
E0011438,U04377,Install,2024-01-08,0
E0011439,U04378,Install,2024-03-13,0
E0011440,U04379,Install,2024-03-31,0
E0011441,U04379,Signup,2024-03-31,0
E0011442,U04379,Onboarding,2024-04-01,1
E0011443,U04379,First_Action,2024-04-03,3
E0011444,U04380,Install,2024-04-30,0
E0011445,U04380,Signup,2024-04-30,0
E0011446,U04380,Onboarding,2024-05-01,1
E0011447,U04380,First_Action,2024-05-03,3
E0011448,U04381,Install,2024-01-09,0
E0011449,U04381,Signup,2024-01-09,0
E0011450,U04381,Onboarding,2024-01-10,1
E0011451,U04382,Install,2024-04-05,0
E0011452,U04383,Install,2024-03-28,0
E0011453,U04383,Signup,2024-03-28,0
E0011454,U04383,Onboarding,2024-03-29,1
E0011455,U04384,Install,2024-03-03,0
E0011456,U04384,Signup,2024-03-03,0
E0011457,U04384,Onboarding,2024-03-04,1
E0011458,U04385,Install,2024-04-20,0
E0011459,U04386,Install,2024-01-10,0
E0011460,U04386,Signup,2024-01-10,0
E0011461,U04387,Install,2024-03-03,0
E0011462,U04387,Signup,2024-03-03,0
E0011463,U04387,Onboarding,2024-03-04,1
E0011464,U04388,Install,2024-01-21,0
E0011465,U04388,Signup,2024-01-21,0
E0011466,U04388,Onboarding,2024-01-22,1
E0011467,U04388,First_Action,2024-01-24,3
E0011468,U04388,Day1_Active,2024-01-25,4
E0011469,U04389,Install,2024-03-21,0
E0011470,U04390,Install,2024-04-24,0
E0011471,U04390,Signup,2024-04-24,0
E0011472,U04390,Onboarding,2024-04-25,1
E0011473,U04390,First_Action,2024-04-27,3
E0011474,U04390,Day1_Active,2024-04-28,4
E0011475,U04391,Install,2024-04-24,0
E0011476,U04392,Install,2024-06-20,0
E0011477,U04392,Signup,2024-06-20,0
E0011478,U04392,Onboarding,2024-06-21,1
E0011479,U04393,Install,2024-04-08,0
E0011480,U04393,Signup,2024-04-08,0
E0011481,U04393,Onboarding,2024-04-09,1
E0011482,U04393,First_Action,2024-04-11,3
E0011483,U04394,Install,2024-04-04,0
E0011484,U04394,Signup,2024-04-04,0
E0011485,U04395,Install,2024-01-18,0
E0011486,U04395,Signup,2024-01-18,0
E0011487,U04395,Onboarding,2024-01-19,1
E0011488,U04396,Install,2024-05-27,0
E0011489,U04396,Signup,2024-05-27,0
E0011490,U04397,Install,2024-05-03,0
E0011491,U04398,Install,2024-01-15,0
E0011492,U04399,Install,2024-05-04,0
E0011493,U04400,Install,2024-04-26,0
E0011494,U04400,Signup,2024-04-26,0
E0011495,U04400,Onboarding,2024-04-27,1
E0011496,U04400,First_Action,2024-04-29,3
E0011497,U04401,Install,2024-02-02,0
E0011498,U04401,Signup,2024-02-02,0
E0011499,U04402,Install,2024-06-21,0
E0011500,U04402,Signup,2024-06-21,0
E0011501,U04403,Install,2024-04-01,0
E0011502,U04403,Signup,2024-04-01,0
E0011503,U04404,Install,2024-04-15,0
E0011504,U04404,Signup,2024-04-15,0
E0011505,U04405,Install,2024-02-22,0
E0011506,U04405,Signup,2024-02-22,0
E0011507,U04405,Onboarding,2024-02-23,1
E0011508,U04405,First_Action,2024-02-25,3
E0011509,U04406,Install,2024-04-05,0
E0011510,U04406,Signup,2024-04-05,0
E0011511,U04407,Install,2024-01-21,0
E0011512,U04407,Signup,2024-01-21,0
E0011513,U04408,Install,2024-02-12,0
E0011514,U04408,Signup,2024-02-12,0
E0011515,U04408,Onboarding,2024-02-13,1
E0011516,U04409,Install,2024-06-07,0
E0011517,U04409,Signup,2024-06-07,0
E0011518,U04409,Onboarding,2024-06-08,1
E0011519,U04410,Install,2024-01-20,0
E0011520,U04410,Signup,2024-01-20,0
E0011521,U04411,Install,2024-05-12,0
E0011522,U04411,Signup,2024-05-12,0
E0011523,U04412,Install,2024-02-15,0
E0011524,U04412,Signup,2024-02-15,0
E0011525,U04412,Onboarding,2024-02-16,1
E0011526,U04413,Install,2024-05-26,0
E0011527,U04414,Install,2024-05-16,0
E0011528,U04414,Signup,2024-05-16,0
E0011529,U04414,Onboarding,2024-05-17,1
E0011530,U04414,First_Action,2024-05-19,3
E0011531,U04414,Day1_Active,2024-05-20,4
E0011532,U04414,Day7_Active,2024-05-26,10
E0011533,U04415,Install,2024-02-14,0
E0011534,U04415,Signup,2024-02-14,0
E0011535,U04416,Install,2024-03-02,0
E0011536,U04417,Install,2024-01-17,0
E0011537,U04417,Signup,2024-01-17,0
E0011538,U04417,Onboarding,2024-01-18,1
E0011539,U04418,Install,2024-03-16,0
E0011540,U04418,Signup,2024-03-16,0
E0011541,U04419,Install,2024-04-02,0
E0011542,U04420,Install,2024-03-19,0
E0011543,U04421,Install,2024-01-13,0
E0011544,U04421,Signup,2024-01-13,0
E0011545,U04421,Onboarding,2024-01-14,1
E0011546,U04421,First_Action,2024-01-16,3
E0011547,U04422,Install,2024-03-21,0
E0011548,U04422,Signup,2024-03-21,0
E0011549,U04423,Install,2024-03-19,0
E0011550,U04423,Signup,2024-03-19,0
E0011551,U04424,Install,2024-06-01,0
E0011552,U04424,Signup,2024-06-01,0
E0011553,U04424,Onboarding,2024-06-02,1
E0011554,U04425,Install,2024-03-28,0
E0011555,U04426,Install,2024-01-27,0
E0011556,U04426,Signup,2024-01-27,0
E0011557,U04426,Onboarding,2024-01-28,1
E0011558,U04427,Install,2024-04-07,0
E0011559,U04427,Signup,2024-04-07,0
E0011560,U04427,Onboarding,2024-04-08,1
E0011561,U04427,First_Action,2024-04-10,3
E0011562,U04427,Day1_Active,2024-04-11,4
E0011563,U04428,Install,2024-06-28,0
E0011564,U04428,Signup,2024-06-28,0
E0011565,U04428,Onboarding,2024-06-29,1
E0011566,U04429,Install,2024-02-01,0
E0011567,U04429,Signup,2024-02-01,0
E0011568,U04429,Onboarding,2024-02-02,1
E0011569,U04430,Install,2024-01-22,0
E0011570,U04430,Signup,2024-01-22,0
E0011571,U04430,Onboarding,2024-01-23,1
E0011572,U04430,First_Action,2024-01-25,3
E0011573,U04430,Day1_Active,2024-01-26,4
E0011574,U04431,Install,2024-04-07,0
E0011575,U04431,Signup,2024-04-07,0
E0011576,U04432,Install,2024-06-10,0
E0011577,U04432,Signup,2024-06-10,0
E0011578,U04433,Install,2024-03-29,0
E0011579,U04433,Signup,2024-03-29,0
E0011580,U04434,Install,2024-06-11,0
E0011581,U04434,Signup,2024-06-11,0
E0011582,U04434,Onboarding,2024-06-12,1
E0011583,U04435,Install,2024-02-21,0
E0011584,U04435,Signup,2024-02-21,0
E0011585,U04436,Install,2024-03-09,0
E0011586,U04437,Install,2024-04-28,0
E0011587,U04437,Signup,2024-04-28,0
E0011588,U04438,Install,2024-01-12,0
E0011589,U04439,Install,2024-02-07,0
E0011590,U04440,Install,2024-05-21,0
E0011591,U04440,Signup,2024-05-21,0
E0011592,U04440,Onboarding,2024-05-22,1
E0011593,U04441,Install,2024-04-01,0
E0011594,U04442,Install,2024-06-04,0
E0011595,U04443,Install,2024-05-08,0
E0011596,U04443,Signup,2024-05-08,0
E0011597,U04444,Install,2024-02-22,0
E0011598,U04445,Install,2024-02-04,0
E0011599,U04445,Signup,2024-02-04,0
E0011600,U04446,Install,2024-04-07,0
E0011601,U04447,Install,2024-01-19,0
E0011602,U04447,Signup,2024-01-19,0
E0011603,U04447,Onboarding,2024-01-20,1
E0011604,U04448,Install,2024-02-05,0
E0011605,U04448,Signup,2024-02-05,0
E0011606,U04449,Install,2024-02-19,0
E0011607,U04450,Install,2024-04-24,0
E0011608,U04450,Signup,2024-04-24,0
E0011609,U04450,Onboarding,2024-04-25,1
E0011610,U04451,Install,2024-02-23,0
E0011611,U04452,Install,2024-03-23,0
E0011612,U04452,Signup,2024-03-23,0
E0011613,U04452,Onboarding,2024-03-24,1
E0011614,U04452,First_Action,2024-03-26,3
E0011615,U04452,Day1_Active,2024-03-27,4
E0011616,U04453,Install,2024-05-30,0
E0011617,U04453,Signup,2024-05-30,0
E0011618,U04453,Onboarding,2024-05-31,1
E0011619,U04453,First_Action,2024-06-02,3
E0011620,U04454,Install,2024-04-02,0
E0011621,U04454,Signup,2024-04-02,0
E0011622,U04454,Onboarding,2024-04-03,1
E0011623,U04455,Install,2024-04-14,0
E0011624,U04455,Signup,2024-04-14,0
E0011625,U04456,Install,2024-06-17,0
E0011626,U04456,Signup,2024-06-17,0
E0011627,U04456,Onboarding,2024-06-18,1
E0011628,U04457,Install,2024-05-12,0
E0011629,U04458,Install,2024-04-07,0
E0011630,U04458,Signup,2024-04-07,0
E0011631,U04458,Onboarding,2024-04-08,1
E0011632,U04458,First_Action,2024-04-10,3
E0011633,U04458,Day1_Active,2024-04-11,4
E0011634,U04458,Day7_Active,2024-04-17,10
E0011635,U04459,Install,2024-06-18,0
E0011636,U04459,Signup,2024-06-18,0
E0011637,U04460,Install,2024-05-17,0
E0011638,U04460,Signup,2024-05-17,0
E0011639,U04461,Install,2024-02-23,0
E0011640,U04461,Signup,2024-02-23,0
E0011641,U04462,Install,2024-06-23,0
E0011642,U04462,Signup,2024-06-23,0
E0011643,U04462,Onboarding,2024-06-24,1
E0011644,U04463,Install,2024-06-05,0
E0011645,U04464,Install,2024-03-12,0
E0011646,U04465,Install,2024-06-11,0
E0011647,U04465,Signup,2024-06-11,0
E0011648,U04465,Onboarding,2024-06-12,1
E0011649,U04465,First_Action,2024-06-14,3
E0011650,U04465,Day1_Active,2024-06-15,4
E0011651,U04466,Install,2024-03-25,0
E0011652,U04466,Signup,2024-03-25,0
E0011653,U04466,Onboarding,2024-03-26,1
E0011654,U04467,Install,2024-06-30,0
E0011655,U04467,Signup,2024-06-30,0
E0011656,U04467,Onboarding,2024-07-01,1
E0011657,U04467,First_Action,2024-07-03,3
E0011658,U04467,Day1_Active,2024-07-04,4
E0011659,U04468,Install,2024-05-14,0
E0011660,U04469,Install,2024-01-31,0
E0011661,U04469,Signup,2024-01-31,0
E0011662,U04469,Onboarding,2024-02-01,1
E0011663,U04470,Install,2024-03-26,0
E0011664,U04471,Install,2024-06-13,0
E0011665,U04471,Signup,2024-06-13,0
E0011666,U04472,Install,2024-03-01,0
E0011667,U04472,Signup,2024-03-01,0
E0011668,U04473,Install,2024-05-09,0
E0011669,U04473,Signup,2024-05-09,0
E0011670,U04474,Install,2024-01-22,0
E0011671,U04474,Signup,2024-01-22,0
E0011672,U04475,Install,2024-03-12,0
E0011673,U04476,Install,2024-06-18,0
E0011674,U04476,Signup,2024-06-18,0
E0011675,U04477,Install,2024-03-06,0
E0011676,U04478,Install,2024-01-09,0
E0011677,U04478,Signup,2024-01-09,0
E0011678,U04479,Install,2024-03-26,0
E0011679,U04479,Signup,2024-03-26,0
E0011680,U04479,Onboarding,2024-03-27,1
E0011681,U04480,Install,2024-04-12,0
E0011682,U04480,Signup,2024-04-12,0
E0011683,U04480,Onboarding,2024-04-13,1
E0011684,U04480,First_Action,2024-04-15,3
E0011685,U04481,Install,2024-01-05,0
E0011686,U04482,Install,2024-05-04,0
E0011687,U04482,Signup,2024-05-04,0
E0011688,U04483,Install,2024-05-06,0
E0011689,U04483,Signup,2024-05-06,0
E0011690,U04483,Onboarding,2024-05-07,1
E0011691,U04484,Install,2024-03-17,0
E0011692,U04484,Signup,2024-03-17,0
E0011693,U04484,Onboarding,2024-03-18,1
E0011694,U04484,First_Action,2024-03-20,3
E0011695,U04484,Day1_Active,2024-03-21,4
E0011696,U04484,Day7_Active,2024-03-27,10
E0011697,U04485,Install,2024-03-30,0
E0011698,U04486,Install,2024-01-11,0
E0011699,U04486,Signup,2024-01-11,0
E0011700,U04486,Onboarding,2024-01-12,1
E0011701,U04486,First_Action,2024-01-14,3
E0011702,U04486,Day1_Active,2024-01-15,4
E0011703,U04487,Install,2024-06-15,0
E0011704,U04487,Signup,2024-06-15,0
E0011705,U04487,Onboarding,2024-06-16,1
E0011706,U04487,First_Action,2024-06-18,3
E0011707,U04487,Day1_Active,2024-06-19,4
E0011708,U04488,Install,2024-03-28,0
E0011709,U04489,Install,2024-03-07,0
E0011710,U04489,Signup,2024-03-07,0
E0011711,U04490,Install,2024-04-11,0
E0011712,U04490,Signup,2024-04-11,0
E0011713,U04490,Onboarding,2024-04-12,1
E0011714,U04490,First_Action,2024-04-14,3
E0011715,U04491,Install,2024-03-28,0
E0011716,U04492,Install,2024-05-09,0
E0011717,U04492,Signup,2024-05-09,0
E0011718,U04492,Onboarding,2024-05-10,1
E0011719,U04493,Install,2024-03-11,0
E0011720,U04493,Signup,2024-03-11,0
E0011721,U04493,Onboarding,2024-03-12,1
E0011722,U04494,Install,2024-01-26,0
E0011723,U04494,Signup,2024-01-26,0
E0011724,U04495,Install,2024-03-03,0
E0011725,U04496,Install,2024-04-21,0
E0011726,U04496,Signup,2024-04-21,0
E0011727,U04497,Install,2024-03-24,0
E0011728,U04497,Signup,2024-03-24,0
E0011729,U04497,Onboarding,2024-03-25,1
E0011730,U04498,Install,2024-03-19,0
E0011731,U04498,Signup,2024-03-19,0
E0011732,U04498,Onboarding,2024-03-20,1
E0011733,U04499,Install,2024-04-15,0
E0011734,U04499,Signup,2024-04-15,0
E0011735,U04499,Onboarding,2024-04-16,1
E0011736,U04500,Install,2024-06-05,0
E0011737,U04500,Signup,2024-06-05,0
E0011738,U04500,Onboarding,2024-06-06,1
E0011739,U04500,First_Action,2024-06-08,3
E0011740,U04500,Day1_Active,2024-06-09,4
E0011741,U04501,Install,2024-01-29,0
E0011742,U04501,Signup,2024-01-29,0
E0011743,U04501,Onboarding,2024-01-30,1
E0011744,U04502,Install,2024-01-13,0
E0011745,U04503,Install,2024-03-14,0
E0011746,U04503,Signup,2024-03-14,0
E0011747,U04503,Onboarding,2024-03-15,1
E0011748,U04503,First_Action,2024-03-17,3
E0011749,U04504,Install,2024-06-26,0
E0011750,U04504,Signup,2024-06-26,0
E0011751,U04505,Install,2024-03-27,0
E0011752,U04506,Install,2024-05-04,0
E0011753,U04506,Signup,2024-05-04,0
E0011754,U04506,Onboarding,2024-05-05,1
E0011755,U04507,Install,2024-06-07,0
E0011756,U04507,Signup,2024-06-07,0
E0011757,U04507,Onboarding,2024-06-08,1
E0011758,U04507,First_Action,2024-06-10,3
E0011759,U04507,Day1_Active,2024-06-11,4
E0011760,U04507,Day7_Active,2024-06-17,10
E0011761,U04508,Install,2024-03-30,0
E0011762,U04509,Install,2024-03-29,0
E0011763,U04510,Install,2024-06-16,0
E0011764,U04511,Install,2024-03-08,0
E0011765,U04511,Signup,2024-03-08,0
E0011766,U04511,Onboarding,2024-03-09,1
E0011767,U04511,First_Action,2024-03-11,3
E0011768,U04512,Install,2024-06-16,0
E0011769,U04512,Signup,2024-06-16,0
E0011770,U04512,Onboarding,2024-06-17,1
E0011771,U04512,First_Action,2024-06-19,3
E0011772,U04513,Install,2024-03-05,0
E0011773,U04514,Install,2024-05-06,0
E0011774,U04514,Signup,2024-05-06,0
E0011775,U04514,Onboarding,2024-05-07,1
E0011776,U04515,Install,2024-03-15,0
E0011777,U04515,Signup,2024-03-15,0
E0011778,U04515,Onboarding,2024-03-16,1
E0011779,U04516,Install,2024-02-25,0
E0011780,U04516,Signup,2024-02-25,0
E0011781,U04516,Onboarding,2024-02-26,1
E0011782,U04517,Install,2024-01-07,0
E0011783,U04518,Install,2024-06-22,0
E0011784,U04518,Signup,2024-06-22,0
E0011785,U04518,Onboarding,2024-06-23,1
E0011786,U04518,First_Action,2024-06-25,3
E0011787,U04518,Day1_Active,2024-06-26,4
E0011788,U04518,Day7_Active,2024-07-02,10
E0011789,U04519,Install,2024-04-08,0
E0011790,U04520,Install,2024-06-28,0
E0011791,U04520,Signup,2024-06-28,0
E0011792,U04520,Onboarding,2024-06-29,1
E0011793,U04521,Install,2024-06-29,0
E0011794,U04521,Signup,2024-06-29,0
E0011795,U04521,Onboarding,2024-06-30,1
E0011796,U04522,Install,2024-05-20,0
E0011797,U04522,Signup,2024-05-20,0
E0011798,U04522,Onboarding,2024-05-21,1
E0011799,U04523,Install,2024-02-20,0
E0011800,U04523,Signup,2024-02-20,0
E0011801,U04523,Onboarding,2024-02-21,1
E0011802,U04524,Install,2024-06-29,0
E0011803,U04524,Signup,2024-06-29,0
E0011804,U04524,Onboarding,2024-06-30,1
E0011805,U04524,First_Action,2024-07-02,3
E0011806,U04525,Install,2024-05-17,0
E0011807,U04526,Install,2024-01-28,0
E0011808,U04526,Signup,2024-01-28,0
E0011809,U04527,Install,2024-03-20,0
E0011810,U04527,Signup,2024-03-20,0
E0011811,U04527,Onboarding,2024-03-21,1
E0011812,U04528,Install,2024-06-21,0
E0011813,U04528,Signup,2024-06-21,0
E0011814,U04528,Onboarding,2024-06-22,1
E0011815,U04528,First_Action,2024-06-24,3
E0011816,U04529,Install,2024-01-17,0
E0011817,U04529,Signup,2024-01-17,0
E0011818,U04529,Onboarding,2024-01-18,1
E0011819,U04530,Install,2024-06-19,0
E0011820,U04530,Signup,2024-06-19,0
E0011821,U04530,Onboarding,2024-06-20,1
E0011822,U04531,Install,2024-06-09,0
E0011823,U04531,Signup,2024-06-09,0
E0011824,U04532,Install,2024-02-14,0
E0011825,U04532,Signup,2024-02-14,0
E0011826,U04533,Install,2024-04-30,0
E0011827,U04533,Signup,2024-04-30,0
E0011828,U04534,Install,2024-05-09,0
E0011829,U04534,Signup,2024-05-09,0
E0011830,U04534,Onboarding,2024-05-10,1
E0011831,U04535,Install,2024-02-02,0
E0011832,U04535,Signup,2024-02-02,0
E0011833,U04536,Install,2024-06-17,0
E0011834,U04536,Signup,2024-06-17,0
E0011835,U04536,Onboarding,2024-06-18,1
E0011836,U04537,Install,2024-05-05,0
E0011837,U04538,Install,2024-06-07,0
E0011838,U04538,Signup,2024-06-07,0
E0011839,U04538,Onboarding,2024-06-08,1
E0011840,U04539,Install,2024-06-10,0
E0011841,U04539,Signup,2024-06-10,0
E0011842,U04539,Onboarding,2024-06-11,1
E0011843,U04540,Install,2024-03-22,0
E0011844,U04541,Install,2024-05-16,0
E0011845,U04541,Signup,2024-05-16,0
E0011846,U04541,Onboarding,2024-05-17,1
E0011847,U04542,Install,2024-04-25,0
E0011848,U04542,Signup,2024-04-25,0
E0011849,U04543,Install,2024-06-14,0
E0011850,U04543,Signup,2024-06-14,0
E0011851,U04543,Onboarding,2024-06-15,1
E0011852,U04543,First_Action,2024-06-17,3
E0011853,U04543,Day1_Active,2024-06-18,4
E0011854,U04544,Install,2024-04-19,0
E0011855,U04544,Signup,2024-04-19,0
E0011856,U04544,Onboarding,2024-04-20,1
E0011857,U04545,Install,2024-01-21,0
E0011858,U04545,Signup,2024-01-21,0
E0011859,U04546,Install,2024-05-13,0
E0011860,U04546,Signup,2024-05-13,0
E0011861,U04547,Install,2024-02-17,0
E0011862,U04548,Install,2024-05-03,0
E0011863,U04548,Signup,2024-05-03,0
E0011864,U04548,Onboarding,2024-05-04,1
E0011865,U04549,Install,2024-05-26,0
E0011866,U04549,Signup,2024-05-26,0
E0011867,U04549,Onboarding,2024-05-27,1
E0011868,U04549,First_Action,2024-05-29,3
E0011869,U04550,Install,2024-03-01,0
E0011870,U04550,Signup,2024-03-01,0
E0011871,U04550,Onboarding,2024-03-02,1
E0011872,U04551,Install,2024-06-16,0
E0011873,U04551,Signup,2024-06-16,0
E0011874,U04552,Install,2024-02-07,0
E0011875,U04552,Signup,2024-02-07,0
E0011876,U04552,Onboarding,2024-02-08,1
E0011877,U04552,First_Action,2024-02-10,3
E0011878,U04552,Day1_Active,2024-02-11,4
E0011879,U04553,Install,2024-03-17,0
E0011880,U04554,Install,2024-06-20,0
E0011881,U04554,Signup,2024-06-20,0
E0011882,U04554,Onboarding,2024-06-21,1
E0011883,U04555,Install,2024-04-19,0
E0011884,U04555,Signup,2024-04-19,0
E0011885,U04556,Install,2024-06-24,0
E0011886,U04556,Signup,2024-06-24,0
E0011887,U04556,Onboarding,2024-06-25,1
E0011888,U04557,Install,2024-05-25,0
E0011889,U04557,Signup,2024-05-25,0
E0011890,U04557,Onboarding,2024-05-26,1
E0011891,U04558,Install,2024-03-17,0
E0011892,U04558,Signup,2024-03-17,0
E0011893,U04558,Onboarding,2024-03-18,1
E0011894,U04559,Install,2024-06-23,0
E0011895,U04559,Signup,2024-06-23,0
E0011896,U04560,Install,2024-02-18,0
E0011897,U04560,Signup,2024-02-18,0
E0011898,U04560,Onboarding,2024-02-19,1
E0011899,U04561,Install,2024-03-11,0
E0011900,U04561,Signup,2024-03-11,0
E0011901,U04561,Onboarding,2024-03-12,1
E0011902,U04562,Install,2024-04-11,0
E0011903,U04563,Install,2024-02-05,0
E0011904,U04563,Signup,2024-02-05,0
E0011905,U04563,Onboarding,2024-02-06,1
E0011906,U04564,Install,2024-05-10,0
E0011907,U04564,Signup,2024-05-10,0
E0011908,U04564,Onboarding,2024-05-11,1
E0011909,U04565,Install,2024-06-03,0
E0011910,U04565,Signup,2024-06-03,0
E0011911,U04566,Install,2024-03-17,0
E0011912,U04566,Signup,2024-03-17,0
E0011913,U04566,Onboarding,2024-03-18,1
E0011914,U04566,First_Action,2024-03-20,3
E0011915,U04567,Install,2024-03-02,0
E0011916,U04567,Signup,2024-03-02,0
E0011917,U04567,Onboarding,2024-03-03,1
E0011918,U04568,Install,2024-04-06,0
E0011919,U04569,Install,2024-01-21,0
E0011920,U04570,Install,2024-02-18,0
E0011921,U04570,Signup,2024-02-18,0
E0011922,U04570,Onboarding,2024-02-19,1
E0011923,U04570,First_Action,2024-02-21,3
E0011924,U04571,Install,2024-05-24,0
E0011925,U04571,Signup,2024-05-24,0
E0011926,U04571,Onboarding,2024-05-25,1
E0011927,U04571,First_Action,2024-05-27,3
E0011928,U04571,Day1_Active,2024-05-28,4
E0011929,U04572,Install,2024-01-26,0
E0011930,U04572,Signup,2024-01-26,0
E0011931,U04572,Onboarding,2024-01-27,1
E0011932,U04572,First_Action,2024-01-29,3
E0011933,U04572,Day1_Active,2024-01-30,4
E0011934,U04573,Install,2024-03-29,0
E0011935,U04574,Install,2024-03-05,0
E0011936,U04574,Signup,2024-03-05,0
E0011937,U04575,Install,2024-05-18,0
E0011938,U04575,Signup,2024-05-18,0
E0011939,U04575,Onboarding,2024-05-19,1
E0011940,U04575,First_Action,2024-05-21,3
E0011941,U04576,Install,2024-04-24,0
E0011942,U04576,Signup,2024-04-24,0
E0011943,U04577,Install,2024-04-27,0
E0011944,U04577,Signup,2024-04-27,0
E0011945,U04577,Onboarding,2024-04-28,1
E0011946,U04578,Install,2024-03-20,0
E0011947,U04579,Install,2024-04-26,0
E0011948,U04579,Signup,2024-04-26,0
E0011949,U04579,Onboarding,2024-04-27,1
E0011950,U04580,Install,2024-03-01,0
E0011951,U04580,Signup,2024-03-01,0
E0011952,U04580,Onboarding,2024-03-02,1
E0011953,U04581,Install,2024-04-25,0
E0011954,U04581,Signup,2024-04-25,0
E0011955,U04581,Onboarding,2024-04-26,1
E0011956,U04581,First_Action,2024-04-28,3
E0011957,U04581,Day1_Active,2024-04-29,4
E0011958,U04582,Install,2024-03-28,0
E0011959,U04582,Signup,2024-03-28,0
E0011960,U04583,Install,2024-05-30,0
E0011961,U04583,Signup,2024-05-30,0
E0011962,U04584,Install,2024-05-18,0
E0011963,U04584,Signup,2024-05-18,0
E0011964,U04585,Install,2024-05-03,0
E0011965,U04585,Signup,2024-05-03,0
E0011966,U04585,Onboarding,2024-05-04,1
E0011967,U04585,First_Action,2024-05-06,3
E0011968,U04585,Day1_Active,2024-05-07,4
E0011969,U04585,Day7_Active,2024-05-13,10
E0011970,U04586,Install,2024-05-28,0
E0011971,U04586,Signup,2024-05-28,0
E0011972,U04586,Onboarding,2024-05-29,1
E0011973,U04587,Install,2024-01-14,0
E0011974,U04588,Install,2024-03-15,0
E0011975,U04588,Signup,2024-03-15,0
E0011976,U04588,Onboarding,2024-03-16,1
E0011977,U04589,Install,2024-04-26,0
E0011978,U04589,Signup,2024-04-26,0
E0011979,U04589,Onboarding,2024-04-27,1
E0011980,U04590,Install,2024-06-23,0
E0011981,U04590,Signup,2024-06-23,0
E0011982,U04591,Install,2024-04-07,0
E0011983,U04591,Signup,2024-04-07,0
E0011984,U04591,Onboarding,2024-04-08,1
E0011985,U04591,First_Action,2024-04-10,3
E0011986,U04592,Install,2024-05-31,0
E0011987,U04592,Signup,2024-05-31,0
E0011988,U04592,Onboarding,2024-06-01,1
E0011989,U04592,First_Action,2024-06-03,3
E0011990,U04593,Install,2024-01-18,0
E0011991,U04593,Signup,2024-01-18,0
E0011992,U04593,Onboarding,2024-01-19,1
E0011993,U04593,First_Action,2024-01-21,3
E0011994,U04594,Install,2024-04-23,0
E0011995,U04595,Install,2024-06-16,0
E0011996,U04595,Signup,2024-06-16,0
E0011997,U04595,Onboarding,2024-06-17,1
E0011998,U04595,First_Action,2024-06-19,3
E0011999,U04595,Day1_Active,2024-06-20,4
E0012000,U04595,Day7_Active,2024-06-26,10
E0012001,U04596,Install,2024-04-29,0
E0012002,U04596,Signup,2024-04-29,0
E0012003,U04596,Onboarding,2024-04-30,1
E0012004,U04596,First_Action,2024-05-02,3
E0012005,U04597,Install,2024-01-22,0
E0012006,U04597,Signup,2024-01-22,0
E0012007,U04597,Onboarding,2024-01-23,1
E0012008,U04598,Install,2024-06-01,0
E0012009,U04598,Signup,2024-06-01,0
E0012010,U04599,Install,2024-06-16,0
E0012011,U04600,Install,2024-03-02,0
E0012012,U04600,Signup,2024-03-02,0
E0012013,U04600,Onboarding,2024-03-03,1
E0012014,U04600,First_Action,2024-03-05,3
E0012015,U04600,Day1_Active,2024-03-06,4
E0012016,U04600,Day7_Active,2024-03-12,10
E0012017,U04601,Install,2024-04-07,0
E0012018,U04602,Install,2024-04-06,0
E0012019,U04603,Install,2024-06-05,0
E0012020,U04604,Install,2024-02-05,0
E0012021,U04604,Signup,2024-02-05,0
E0012022,U04604,Onboarding,2024-02-06,1
E0012023,U04604,First_Action,2024-02-08,3
E0012024,U04605,Install,2024-01-13,0
E0012025,U04605,Signup,2024-01-13,0
E0012026,U04606,Install,2024-05-22,0
E0012027,U04606,Signup,2024-05-22,0
E0012028,U04606,Onboarding,2024-05-23,1
E0012029,U04606,First_Action,2024-05-25,3
E0012030,U04607,Install,2024-05-28,0
E0012031,U04607,Signup,2024-05-28,0
E0012032,U04608,Install,2024-03-30,0
E0012033,U04608,Signup,2024-03-30,0
E0012034,U04609,Install,2024-04-23,0
E0012035,U04609,Signup,2024-04-23,0
E0012036,U04609,Onboarding,2024-04-24,1
E0012037,U04610,Install,2024-05-02,0
E0012038,U04610,Signup,2024-05-02,0
E0012039,U04610,Onboarding,2024-05-03,1
E0012040,U04610,First_Action,2024-05-05,3
E0012041,U04611,Install,2024-05-19,0
E0012042,U04612,Install,2024-02-13,0
E0012043,U04612,Signup,2024-02-13,0
E0012044,U04612,Onboarding,2024-02-14,1
E0012045,U04613,Install,2024-06-08,0
E0012046,U04614,Install,2024-05-31,0
E0012047,U04614,Signup,2024-05-31,0
E0012048,U04614,Onboarding,2024-06-01,1
E0012049,U04614,First_Action,2024-06-03,3
E0012050,U04614,Day1_Active,2024-06-04,4
E0012051,U04615,Install,2024-05-03,0
E0012052,U04615,Signup,2024-05-03,0
E0012053,U04616,Install,2024-03-05,0
E0012054,U04616,Signup,2024-03-05,0
E0012055,U04617,Install,2024-01-29,0
E0012056,U04617,Signup,2024-01-29,0
E0012057,U04618,Install,2024-03-01,0
E0012058,U04618,Signup,2024-03-01,0
E0012059,U04618,Onboarding,2024-03-02,1
E0012060,U04619,Install,2024-03-23,0
E0012061,U04619,Signup,2024-03-23,0
E0012062,U04619,Onboarding,2024-03-24,1
E0012063,U04620,Install,2024-02-08,0
E0012064,U04620,Signup,2024-02-08,0
E0012065,U04620,Onboarding,2024-02-09,1
E0012066,U04620,First_Action,2024-02-11,3
E0012067,U04621,Install,2024-01-22,0
E0012068,U04622,Install,2024-03-11,0
E0012069,U04622,Signup,2024-03-11,0
E0012070,U04623,Install,2024-03-09,0
E0012071,U04624,Install,2024-01-26,0
E0012072,U04624,Signup,2024-01-26,0
E0012073,U04624,Onboarding,2024-01-27,1
E0012074,U04624,First_Action,2024-01-29,3
E0012075,U04624,Day1_Active,2024-01-30,4
E0012076,U04624,Day7_Active,2024-02-05,10
E0012077,U04625,Install,2024-01-14,0
E0012078,U04626,Install,2024-03-15,0
E0012079,U04626,Signup,2024-03-15,0
E0012080,U04627,Install,2024-04-05,0
E0012081,U04627,Signup,2024-04-05,0
E0012082,U04627,Onboarding,2024-04-06,1
E0012083,U04627,First_Action,2024-04-08,3
E0012084,U04627,Day1_Active,2024-04-09,4
E0012085,U04628,Install,2024-05-16,0
E0012086,U04629,Install,2024-04-24,0
E0012087,U04629,Signup,2024-04-24,0
E0012088,U04630,Install,2024-06-18,0
E0012089,U04630,Signup,2024-06-18,0
E0012090,U04631,Install,2024-04-03,0
E0012091,U04631,Signup,2024-04-03,0
E0012092,U04631,Onboarding,2024-04-04,1
E0012093,U04631,First_Action,2024-04-06,3
E0012094,U04631,Day1_Active,2024-04-07,4
E0012095,U04631,Day7_Active,2024-04-13,10
E0012096,U04632,Install,2024-05-03,0
E0012097,U04632,Signup,2024-05-03,0
E0012098,U04632,Onboarding,2024-05-04,1
E0012099,U04633,Install,2024-01-31,0
E0012100,U04633,Signup,2024-01-31,0
E0012101,U04633,Onboarding,2024-02-01,1
E0012102,U04633,First_Action,2024-02-03,3
E0012103,U04634,Install,2024-06-29,0
E0012104,U04635,Install,2024-02-20,0
E0012105,U04635,Signup,2024-02-20,0
E0012106,U04635,Onboarding,2024-02-21,1
E0012107,U04635,First_Action,2024-02-23,3
E0012108,U04636,Install,2024-05-17,0
E0012109,U04637,Install,2024-04-19,0
E0012110,U04638,Install,2024-01-05,0
E0012111,U04638,Signup,2024-01-05,0
E0012112,U04638,Onboarding,2024-01-06,1
E0012113,U04638,First_Action,2024-01-08,3
E0012114,U04638,Day1_Active,2024-01-09,4
E0012115,U04638,Day7_Active,2024-01-15,10
E0012116,U04639,Install,2024-01-29,0
E0012117,U04639,Signup,2024-01-29,0
E0012118,U04639,Onboarding,2024-01-30,1
E0012119,U04640,Install,2024-03-01,0
E0012120,U04640,Signup,2024-03-01,0
E0012121,U04641,Install,2024-05-19,0
E0012122,U04641,Signup,2024-05-19,0
E0012123,U04641,Onboarding,2024-05-20,1
E0012124,U04641,First_Action,2024-05-22,3
E0012125,U04642,Install,2024-04-30,0
E0012126,U04642,Signup,2024-04-30,0
E0012127,U04642,Onboarding,2024-05-01,1
E0012128,U04642,First_Action,2024-05-03,3
E0012129,U04642,Day1_Active,2024-05-04,4
E0012130,U04643,Install,2024-05-02,0
E0012131,U04643,Signup,2024-05-02,0
E0012132,U04644,Install,2024-03-28,0
E0012133,U04644,Signup,2024-03-28,0
E0012134,U04645,Install,2024-04-06,0
E0012135,U04646,Install,2024-02-27,0
E0012136,U04647,Install,2024-05-26,0
E0012137,U04647,Signup,2024-05-26,0
E0012138,U04647,Onboarding,2024-05-27,1
E0012139,U04647,First_Action,2024-05-29,3
E0012140,U04647,Day1_Active,2024-05-30,4
E0012141,U04648,Install,2024-03-16,0
E0012142,U04648,Signup,2024-03-16,0
E0012143,U04648,Onboarding,2024-03-17,1
E0012144,U04649,Install,2024-01-13,0
E0012145,U04649,Signup,2024-01-13,0
E0012146,U04650,Install,2024-05-02,0
E0012147,U04650,Signup,2024-05-02,0
E0012148,U04650,Onboarding,2024-05-03,1
E0012149,U04651,Install,2024-06-26,0
E0012150,U04651,Signup,2024-06-26,0
E0012151,U04651,Onboarding,2024-06-27,1
E0012152,U04652,Install,2024-04-15,0
E0012153,U04653,Install,2024-06-10,0
E0012154,U04654,Install,2024-06-30,0
E0012155,U04654,Signup,2024-06-30,0
E0012156,U04654,Onboarding,2024-07-01,1
E0012157,U04654,First_Action,2024-07-03,3
E0012158,U04655,Install,2024-03-07,0
E0012159,U04655,Signup,2024-03-07,0
E0012160,U04656,Install,2024-01-03,0
E0012161,U04656,Signup,2024-01-03,0
E0012162,U04656,Onboarding,2024-01-04,1
E0012163,U04657,Install,2024-03-25,0
E0012164,U04657,Signup,2024-03-25,0
E0012165,U04657,Onboarding,2024-03-26,1
E0012166,U04658,Install,2024-05-27,0
E0012167,U04658,Signup,2024-05-27,0
E0012168,U04659,Install,2024-06-06,0
E0012169,U04659,Signup,2024-06-06,0
E0012170,U04659,Onboarding,2024-06-07,1
E0012171,U04660,Install,2024-01-22,0
E0012172,U04661,Install,2024-02-11,0
E0012173,U04661,Signup,2024-02-11,0
E0012174,U04662,Install,2024-02-21,0
E0012175,U04662,Signup,2024-02-21,0
E0012176,U04662,Onboarding,2024-02-22,1
E0012177,U04662,First_Action,2024-02-24,3
E0012178,U04662,Day1_Active,2024-02-25,4
E0012179,U04662,Day7_Active,2024-03-02,10
E0012180,U04663,Install,2024-04-20,0
E0012181,U04664,Install,2024-02-07,0
E0012182,U04665,Install,2024-06-17,0
E0012183,U04665,Signup,2024-06-17,0
E0012184,U04666,Install,2024-06-07,0
E0012185,U04667,Install,2024-04-03,0
E0012186,U04667,Signup,2024-04-03,0
E0012187,U04667,Onboarding,2024-04-04,1
E0012188,U04667,First_Action,2024-04-06,3
E0012189,U04667,Day1_Active,2024-04-07,4
E0012190,U04667,Day7_Active,2024-04-13,10
E0012191,U04668,Install,2024-02-29,0
E0012192,U04668,Signup,2024-02-29,0
E0012193,U04668,Onboarding,2024-03-01,1
E0012194,U04669,Install,2024-06-20,0
E0012195,U04669,Signup,2024-06-20,0
E0012196,U04669,Onboarding,2024-06-21,1
E0012197,U04669,First_Action,2024-06-23,3
E0012198,U04670,Install,2024-05-22,0
E0012199,U04670,Signup,2024-05-22,0
E0012200,U04670,Onboarding,2024-05-23,1
E0012201,U04670,First_Action,2024-05-25,3
E0012202,U04670,Day1_Active,2024-05-26,4
E0012203,U04671,Install,2024-01-26,0
E0012204,U04671,Signup,2024-01-26,0
E0012205,U04672,Install,2024-06-10,0
E0012206,U04672,Signup,2024-06-10,0
E0012207,U04672,Onboarding,2024-06-11,1
E0012208,U04672,First_Action,2024-06-13,3
E0012209,U04673,Install,2024-01-26,0
E0012210,U04673,Signup,2024-01-26,0
E0012211,U04673,Onboarding,2024-01-27,1
E0012212,U04674,Install,2024-05-25,0
E0012213,U04674,Signup,2024-05-25,0
E0012214,U04675,Install,2024-03-29,0
E0012215,U04675,Signup,2024-03-29,0
E0012216,U04676,Install,2024-03-24,0
E0012217,U04676,Signup,2024-03-24,0
E0012218,U04676,Onboarding,2024-03-25,1
E0012219,U04676,First_Action,2024-03-27,3
E0012220,U04676,Day1_Active,2024-03-28,4
E0012221,U04676,Day7_Active,2024-04-03,10
E0012222,U04677,Install,2024-05-16,0
E0012223,U04677,Signup,2024-05-16,0
E0012224,U04677,Onboarding,2024-05-17,1
E0012225,U04678,Install,2024-06-27,0
E0012226,U04678,Signup,2024-06-27,0
E0012227,U04678,Onboarding,2024-06-28,1
E0012228,U04679,Install,2024-03-28,0
E0012229,U04679,Signup,2024-03-28,0
E0012230,U04679,Onboarding,2024-03-29,1
E0012231,U04680,Install,2024-01-23,0
E0012232,U04680,Signup,2024-01-23,0
E0012233,U04680,Onboarding,2024-01-24,1
E0012234,U04681,Install,2024-05-12,0
E0012235,U04681,Signup,2024-05-12,0
E0012236,U04681,Onboarding,2024-05-13,1
E0012237,U04681,First_Action,2024-05-15,3
E0012238,U04681,Day1_Active,2024-05-16,4
E0012239,U04681,Day7_Active,2024-05-22,10
E0012240,U04682,Install,2024-03-29,0
E0012241,U04683,Install,2024-03-06,0
E0012242,U04684,Install,2024-06-26,0
E0012243,U04684,Signup,2024-06-26,0
E0012244,U04685,Install,2024-04-10,0
E0012245,U04685,Signup,2024-04-10,0
E0012246,U04685,Onboarding,2024-04-11,1
E0012247,U04685,First_Action,2024-04-13,3
E0012248,U04686,Install,2024-03-12,0
E0012249,U04686,Signup,2024-03-12,0
E0012250,U04686,Onboarding,2024-03-13,1
E0012251,U04687,Install,2024-01-20,0
E0012252,U04687,Signup,2024-01-20,0
E0012253,U04688,Install,2024-03-01,0
E0012254,U04689,Install,2024-03-21,0
E0012255,U04689,Signup,2024-03-21,0
E0012256,U04690,Install,2024-04-01,0
E0012257,U04690,Signup,2024-04-01,0
E0012258,U04690,Onboarding,2024-04-02,1
E0012259,U04691,Install,2024-06-24,0
E0012260,U04692,Install,2024-05-31,0
E0012261,U04692,Signup,2024-05-31,0
E0012262,U04692,Onboarding,2024-06-01,1
E0012263,U04693,Install,2024-01-25,0
E0012264,U04693,Signup,2024-01-25,0
E0012265,U04693,Onboarding,2024-01-26,1
E0012266,U04693,First_Action,2024-01-28,3
E0012267,U04694,Install,2024-05-08,0
E0012268,U04694,Signup,2024-05-08,0
E0012269,U04694,Onboarding,2024-05-09,1
E0012270,U04694,First_Action,2024-05-11,3
E0012271,U04694,Day1_Active,2024-05-12,4
E0012272,U04695,Install,2024-04-10,0
E0012273,U04695,Signup,2024-04-10,0
E0012274,U04695,Onboarding,2024-04-11,1
E0012275,U04695,First_Action,2024-04-13,3
E0012276,U04696,Install,2024-05-10,0
E0012277,U04696,Signup,2024-05-10,0
E0012278,U04696,Onboarding,2024-05-11,1
E0012279,U04696,First_Action,2024-05-13,3
E0012280,U04697,Install,2024-04-17,0
E0012281,U04697,Signup,2024-04-17,0
E0012282,U04698,Install,2024-03-26,0
E0012283,U04699,Install,2024-05-14,0
E0012284,U04699,Signup,2024-05-14,0
E0012285,U04700,Install,2024-06-12,0
E0012286,U04700,Signup,2024-06-12,0
E0012287,U04700,Onboarding,2024-06-13,1
E0012288,U04701,Install,2024-06-10,0
E0012289,U04701,Signup,2024-06-10,0
E0012290,U04701,Onboarding,2024-06-11,1
E0012291,U04702,Install,2024-01-08,0
E0012292,U04702,Signup,2024-01-08,0
E0012293,U04703,Install,2024-05-13,0
E0012294,U04703,Signup,2024-05-13,0
E0012295,U04703,Onboarding,2024-05-14,1
E0012296,U04703,First_Action,2024-05-16,3
E0012297,U04703,Day1_Active,2024-05-17,4
E0012298,U04704,Install,2024-03-29,0
E0012299,U04704,Signup,2024-03-29,0
E0012300,U04704,Onboarding,2024-03-30,1
E0012301,U04705,Install,2024-04-09,0
E0012302,U04705,Signup,2024-04-09,0
E0012303,U04705,Onboarding,2024-04-10,1
E0012304,U04706,Install,2024-04-16,0
E0012305,U04706,Signup,2024-04-16,0
E0012306,U04706,Onboarding,2024-04-17,1
E0012307,U04706,First_Action,2024-04-19,3
E0012308,U04707,Install,2024-01-22,0
E0012309,U04708,Install,2024-04-12,0
E0012310,U04709,Install,2024-06-09,0
E0012311,U04709,Signup,2024-06-09,0
E0012312,U04709,Onboarding,2024-06-10,1
E0012313,U04710,Install,2024-03-30,0
E0012314,U04710,Signup,2024-03-30,0
E0012315,U04710,Onboarding,2024-03-31,1
E0012316,U04711,Install,2024-04-30,0
E0012317,U04711,Signup,2024-04-30,0
E0012318,U04711,Onboarding,2024-05-01,1
E0012319,U04711,First_Action,2024-05-03,3
E0012320,U04711,Day1_Active,2024-05-04,4
E0012321,U04711,Day7_Active,2024-05-10,10
E0012322,U04712,Install,2024-05-06,0
E0012323,U04712,Signup,2024-05-06,0
E0012324,U04713,Install,2024-04-05,0
E0012325,U04713,Signup,2024-04-05,0
E0012326,U04714,Install,2024-06-19,0
E0012327,U04715,Install,2024-06-17,0
E0012328,U04715,Signup,2024-06-17,0
E0012329,U04715,Onboarding,2024-06-18,1
E0012330,U04715,First_Action,2024-06-20,3
E0012331,U04715,Day1_Active,2024-06-21,4
E0012332,U04716,Install,2024-01-10,0
E0012333,U04716,Signup,2024-01-10,0
E0012334,U04717,Install,2024-04-12,0
E0012335,U04717,Signup,2024-04-12,0
E0012336,U04717,Onboarding,2024-04-13,1
E0012337,U04717,First_Action,2024-04-15,3
E0012338,U04717,Day1_Active,2024-04-16,4
E0012339,U04718,Install,2024-04-10,0
E0012340,U04718,Signup,2024-04-10,0
E0012341,U04718,Onboarding,2024-04-11,1
E0012342,U04718,First_Action,2024-04-13,3
E0012343,U04718,Day1_Active,2024-04-14,4
E0012344,U04719,Install,2024-06-20,0
E0012345,U04719,Signup,2024-06-20,0
E0012346,U04719,Onboarding,2024-06-21,1
E0012347,U04720,Install,2024-03-19,0
E0012348,U04720,Signup,2024-03-19,0
E0012349,U04720,Onboarding,2024-03-20,1
E0012350,U04720,First_Action,2024-03-22,3
E0012351,U04721,Install,2024-01-28,0
E0012352,U04722,Install,2024-04-15,0
E0012353,U04722,Signup,2024-04-15,0
E0012354,U04722,Onboarding,2024-04-16,1
E0012355,U04723,Install,2024-05-13,0
E0012356,U04723,Signup,2024-05-13,0
E0012357,U04724,Install,2024-06-10,0
E0012358,U04724,Signup,2024-06-10,0
E0012359,U04725,Install,2024-03-14,0
E0012360,U04725,Signup,2024-03-14,0
E0012361,U04725,Onboarding,2024-03-15,1
E0012362,U04725,First_Action,2024-03-17,3
E0012363,U04726,Install,2024-01-27,0
E0012364,U04726,Signup,2024-01-27,0
E0012365,U04726,Onboarding,2024-01-28,1
E0012366,U04726,First_Action,2024-01-30,3
E0012367,U04726,Day1_Active,2024-01-31,4
E0012368,U04726,Day7_Active,2024-02-06,10
E0012369,U04727,Install,2024-03-08,0
E0012370,U04727,Signup,2024-03-08,0
E0012371,U04727,Onboarding,2024-03-09,1
E0012372,U04727,First_Action,2024-03-11,3
E0012373,U04728,Install,2024-01-04,0
E0012374,U04728,Signup,2024-01-04,0
E0012375,U04728,Onboarding,2024-01-05,1
E0012376,U04729,Install,2024-02-16,0
E0012377,U04729,Signup,2024-02-16,0
E0012378,U04729,Onboarding,2024-02-17,1
E0012379,U04729,First_Action,2024-02-19,3
E0012380,U04730,Install,2024-06-11,0
E0012381,U04730,Signup,2024-06-11,0
E0012382,U04731,Install,2024-02-05,0
E0012383,U04731,Signup,2024-02-05,0
E0012384,U04731,Onboarding,2024-02-06,1
E0012385,U04732,Install,2024-03-13,0
E0012386,U04732,Signup,2024-03-13,0
E0012387,U04733,Install,2024-05-22,0
E0012388,U04734,Install,2024-04-28,0
E0012389,U04734,Signup,2024-04-28,0
E0012390,U04734,Onboarding,2024-04-29,1
E0012391,U04734,First_Action,2024-05-01,3
E0012392,U04734,Day1_Active,2024-05-02,4
E0012393,U04734,Day7_Active,2024-05-08,10
E0012394,U04735,Install,2024-01-29,0
E0012395,U04735,Signup,2024-01-29,0
E0012396,U04735,Onboarding,2024-01-30,1
E0012397,U04736,Install,2024-02-01,0
E0012398,U04737,Install,2024-01-02,0
E0012399,U04737,Signup,2024-01-02,0
E0012400,U04738,Install,2024-05-08,0
E0012401,U04738,Signup,2024-05-08,0
E0012402,U04739,Install,2024-06-06,0
E0012403,U04740,Install,2024-02-06,0
E0012404,U04741,Install,2024-03-15,0
E0012405,U04741,Signup,2024-03-15,0
E0012406,U04741,Onboarding,2024-03-16,1
E0012407,U04742,Install,2024-01-18,0
E0012408,U04742,Signup,2024-01-18,0
E0012409,U04742,Onboarding,2024-01-19,1
E0012410,U04742,First_Action,2024-01-21,3
E0012411,U04743,Install,2024-03-20,0
E0012412,U04744,Install,2024-03-21,0
E0012413,U04745,Install,2024-01-10,0
E0012414,U04745,Signup,2024-01-10,0
E0012415,U04745,Onboarding,2024-01-11,1
E0012416,U04745,First_Action,2024-01-13,3
E0012417,U04746,Install,2024-04-08,0
E0012418,U04746,Signup,2024-04-08,0
E0012419,U04746,Onboarding,2024-04-09,1
E0012420,U04746,First_Action,2024-04-11,3
E0012421,U04746,Day1_Active,2024-04-12,4
E0012422,U04746,Day7_Active,2024-04-18,10
E0012423,U04747,Install,2024-01-06,0
E0012424,U04747,Signup,2024-01-06,0
E0012425,U04747,Onboarding,2024-01-07,1
E0012426,U04748,Install,2024-03-21,0
E0012427,U04749,Install,2024-06-02,0
E0012428,U04749,Signup,2024-06-02,0
E0012429,U04750,Install,2024-04-25,0
E0012430,U04751,Install,2024-01-01,0
E0012431,U04751,Signup,2024-01-01,0
E0012432,U04751,Onboarding,2024-01-02,1
E0012433,U04751,First_Action,2024-01-04,3
E0012434,U04751,Day1_Active,2024-01-05,4
E0012435,U04752,Install,2024-06-06,0
E0012436,U04752,Signup,2024-06-06,0
E0012437,U04753,Install,2024-04-08,0
E0012438,U04754,Install,2024-01-17,0
E0012439,U04754,Signup,2024-01-17,0
E0012440,U04755,Install,2024-01-23,0
E0012441,U04755,Signup,2024-01-23,0
E0012442,U04756,Install,2024-03-26,0
E0012443,U04757,Install,2024-03-14,0
E0012444,U04757,Signup,2024-03-14,0
E0012445,U04757,Onboarding,2024-03-15,1
E0012446,U04758,Install,2024-03-17,0
E0012447,U04758,Signup,2024-03-17,0
E0012448,U04759,Install,2024-03-10,0
E0012449,U04759,Signup,2024-03-10,0
E0012450,U04759,Onboarding,2024-03-11,1
E0012451,U04759,First_Action,2024-03-13,3
E0012452,U04759,Day1_Active,2024-03-14,4
E0012453,U04760,Install,2024-01-28,0
E0012454,U04760,Signup,2024-01-28,0
E0012455,U04761,Install,2024-01-19,0
E0012456,U04762,Install,2024-05-26,0
E0012457,U04763,Install,2024-04-23,0
E0012458,U04764,Install,2024-04-18,0
E0012459,U04764,Signup,2024-04-18,0
E0012460,U04764,Onboarding,2024-04-19,1
E0012461,U04765,Install,2024-03-09,0
E0012462,U04765,Signup,2024-03-09,0
E0012463,U04765,Onboarding,2024-03-10,1
E0012464,U04765,First_Action,2024-03-12,3
E0012465,U04765,Day1_Active,2024-03-13,4
E0012466,U04766,Install,2024-04-18,0
E0012467,U04766,Signup,2024-04-18,0
E0012468,U04766,Onboarding,2024-04-19,1
E0012469,U04766,First_Action,2024-04-21,3
E0012470,U04766,Day1_Active,2024-04-22,4
E0012471,U04767,Install,2024-05-24,0
E0012472,U04767,Signup,2024-05-24,0
E0012473,U04767,Onboarding,2024-05-25,1
E0012474,U04767,First_Action,2024-05-27,3
E0012475,U04768,Install,2024-05-25,0
E0012476,U04768,Signup,2024-05-25,0
E0012477,U04769,Install,2024-04-02,0
E0012478,U04769,Signup,2024-04-02,0
E0012479,U04770,Install,2024-05-29,0
E0012480,U04770,Signup,2024-05-29,0
E0012481,U04770,Onboarding,2024-05-30,1
E0012482,U04770,First_Action,2024-06-01,3
E0012483,U04770,Day1_Active,2024-06-02,4
E0012484,U04771,Install,2024-01-29,0
E0012485,U04771,Signup,2024-01-29,0
E0012486,U04771,Onboarding,2024-01-30,1
E0012487,U04772,Install,2024-04-26,0
E0012488,U04772,Signup,2024-04-26,0
E0012489,U04772,Onboarding,2024-04-27,1
E0012490,U04772,First_Action,2024-04-29,3
E0012491,U04773,Install,2024-03-10,0
E0012492,U04774,Install,2024-05-23,0
E0012493,U04774,Signup,2024-05-23,0
E0012494,U04774,Onboarding,2024-05-24,1
E0012495,U04775,Install,2024-06-08,0
E0012496,U04775,Signup,2024-06-08,0
E0012497,U04775,Onboarding,2024-06-09,1
E0012498,U04776,Install,2024-03-07,0
E0012499,U04776,Signup,2024-03-07,0
E0012500,U04777,Install,2024-02-01,0
E0012501,U04778,Install,2024-01-02,0
E0012502,U04778,Signup,2024-01-02,0
E0012503,U04779,Install,2024-04-28,0
E0012504,U04779,Signup,2024-04-28,0
E0012505,U04780,Install,2024-04-10,0
E0012506,U04781,Install,2024-03-08,0
E0012507,U04782,Install,2024-01-04,0
E0012508,U04782,Signup,2024-01-04,0
E0012509,U04782,Onboarding,2024-01-05,1
E0012510,U04783,Install,2024-01-02,0
E0012511,U04784,Install,2024-06-27,0
E0012512,U04784,Signup,2024-06-27,0
E0012513,U04784,Onboarding,2024-06-28,1
E0012514,U04785,Install,2024-05-29,0
E0012515,U04786,Install,2024-03-25,0
E0012516,U04787,Install,2024-01-21,0
E0012517,U04787,Signup,2024-01-21,0
E0012518,U04787,Onboarding,2024-01-22,1
E0012519,U04787,First_Action,2024-01-24,3
E0012520,U04788,Install,2024-03-24,0
E0012521,U04788,Signup,2024-03-24,0
E0012522,U04788,Onboarding,2024-03-25,1
E0012523,U04789,Install,2024-03-05,0
E0012524,U04789,Signup,2024-03-05,0
E0012525,U04789,Onboarding,2024-03-06,1
E0012526,U04790,Install,2024-02-29,0
E0012527,U04790,Signup,2024-02-29,0
E0012528,U04791,Install,2024-05-15,0
E0012529,U04791,Signup,2024-05-15,0
E0012530,U04792,Install,2024-06-23,0
E0012531,U04792,Signup,2024-06-23,0
E0012532,U04793,Install,2024-02-02,0
E0012533,U04794,Install,2024-02-01,0
E0012534,U04794,Signup,2024-02-01,0
E0012535,U04795,Install,2024-04-15,0
E0012536,U04796,Install,2024-02-05,0
E0012537,U04796,Signup,2024-02-05,0
E0012538,U04796,Onboarding,2024-02-06,1
E0012539,U04796,First_Action,2024-02-08,3
E0012540,U04796,Day1_Active,2024-02-09,4
E0012541,U04797,Install,2024-01-06,0
E0012542,U04798,Install,2024-02-01,0
E0012543,U04798,Signup,2024-02-01,0
E0012544,U04798,Onboarding,2024-02-02,1
E0012545,U04798,First_Action,2024-02-04,3
E0012546,U04799,Install,2024-01-08,0
E0012547,U04799,Signup,2024-01-08,0
E0012548,U04800,Install,2024-03-02,0
E0012549,U04800,Signup,2024-03-02,0
E0012550,U04800,Onboarding,2024-03-03,1
E0012551,U04801,Install,2024-04-28,0
E0012552,U04801,Signup,2024-04-28,0
E0012553,U04801,Onboarding,2024-04-29,1
E0012554,U04801,First_Action,2024-05-01,3
E0012555,U04801,Day1_Active,2024-05-02,4
E0012556,U04802,Install,2024-01-18,0
E0012557,U04803,Install,2024-05-16,0
E0012558,U04803,Signup,2024-05-16,0
E0012559,U04803,Onboarding,2024-05-17,1
E0012560,U04804,Install,2024-02-14,0
E0012561,U04804,Signup,2024-02-14,0
E0012562,U04805,Install,2024-05-25,0
E0012563,U04805,Signup,2024-05-25,0
E0012564,U04806,Install,2024-04-16,0
E0012565,U04806,Signup,2024-04-16,0
E0012566,U04806,Onboarding,2024-04-17,1
E0012567,U04807,Install,2024-06-10,0
E0012568,U04807,Signup,2024-06-10,0
E0012569,U04808,Install,2024-01-30,0
E0012570,U04809,Install,2024-06-03,0
E0012571,U04809,Signup,2024-06-03,0
E0012572,U04810,Install,2024-03-22,0
E0012573,U04810,Signup,2024-03-22,0
E0012574,U04810,Onboarding,2024-03-23,1
E0012575,U04810,First_Action,2024-03-25,3
E0012576,U04810,Day1_Active,2024-03-26,4
E0012577,U04810,Day7_Active,2024-04-01,10
E0012578,U04811,Install,2024-04-09,0
E0012579,U04811,Signup,2024-04-09,0
E0012580,U04811,Onboarding,2024-04-10,1
E0012581,U04811,First_Action,2024-04-12,3
E0012582,U04811,Day1_Active,2024-04-13,4
E0012583,U04812,Install,2024-02-13,0
E0012584,U04812,Signup,2024-02-13,0
E0012585,U04812,Onboarding,2024-02-14,1
E0012586,U04813,Install,2024-04-09,0
E0012587,U04814,Install,2024-04-11,0
E0012588,U04814,Signup,2024-04-11,0
E0012589,U04814,Onboarding,2024-04-12,1
E0012590,U04814,First_Action,2024-04-14,3
E0012591,U04815,Install,2024-05-17,0
E0012592,U04815,Signup,2024-05-17,0
E0012593,U04816,Install,2024-05-05,0
E0012594,U04816,Signup,2024-05-05,0
E0012595,U04816,Onboarding,2024-05-06,1
E0012596,U04816,First_Action,2024-05-08,3
E0012597,U04817,Install,2024-06-03,0
E0012598,U04817,Signup,2024-06-03,0
E0012599,U04817,Onboarding,2024-06-04,1
E0012600,U04818,Install,2024-05-24,0
E0012601,U04819,Install,2024-01-19,0
E0012602,U04819,Signup,2024-01-19,0
E0012603,U04820,Install,2024-02-25,0
E0012604,U04820,Signup,2024-02-25,0
E0012605,U04821,Install,2024-04-20,0
E0012606,U04821,Signup,2024-04-20,0
E0012607,U04822,Install,2024-02-22,0
E0012608,U04822,Signup,2024-02-22,0
E0012609,U04823,Install,2024-01-09,0
E0012610,U04823,Signup,2024-01-09,0
E0012611,U04823,Onboarding,2024-01-10,1
E0012612,U04824,Install,2024-06-12,0
E0012613,U04825,Install,2024-01-29,0
E0012614,U04825,Signup,2024-01-29,0
E0012615,U04825,Onboarding,2024-01-30,1
E0012616,U04825,First_Action,2024-02-01,3
E0012617,U04825,Day1_Active,2024-02-02,4
E0012618,U04826,Install,2024-06-11,0
E0012619,U04826,Signup,2024-06-11,0
E0012620,U04827,Install,2024-03-30,0
E0012621,U04827,Signup,2024-03-30,0
E0012622,U04827,Onboarding,2024-03-31,1
E0012623,U04828,Install,2024-01-06,0
E0012624,U04828,Signup,2024-01-06,0
E0012625,U04828,Onboarding,2024-01-07,1
E0012626,U04828,First_Action,2024-01-09,3
E0012627,U04828,Day1_Active,2024-01-10,4
E0012628,U04829,Install,2024-06-23,0
E0012629,U04829,Signup,2024-06-23,0
E0012630,U04829,Onboarding,2024-06-24,1
E0012631,U04829,First_Action,2024-06-26,3
E0012632,U04830,Install,2024-04-11,0
E0012633,U04831,Install,2024-06-24,0
E0012634,U04831,Signup,2024-06-24,0
E0012635,U04831,Onboarding,2024-06-25,1
E0012636,U04832,Install,2024-06-07,0
E0012637,U04833,Install,2024-02-14,0
E0012638,U04833,Signup,2024-02-14,0
E0012639,U04834,Install,2024-02-03,0
E0012640,U04834,Signup,2024-02-03,0
E0012641,U04834,Onboarding,2024-02-04,1
E0012642,U04835,Install,2024-02-18,0
E0012643,U04835,Signup,2024-02-18,0
E0012644,U04836,Install,2024-04-26,0
E0012645,U04837,Install,2024-05-23,0
E0012646,U04837,Signup,2024-05-23,0
E0012647,U04838,Install,2024-04-18,0
E0012648,U04838,Signup,2024-04-18,0
E0012649,U04838,Onboarding,2024-04-19,1
E0012650,U04839,Install,2024-06-22,0
E0012651,U04839,Signup,2024-06-22,0
E0012652,U04840,Install,2024-03-05,0
E0012653,U04840,Signup,2024-03-05,0
E0012654,U04840,Onboarding,2024-03-06,1
E0012655,U04840,First_Action,2024-03-08,3
E0012656,U04840,Day1_Active,2024-03-09,4
E0012657,U04841,Install,2024-01-02,0
E0012658,U04841,Signup,2024-01-02,0
E0012659,U04841,Onboarding,2024-01-03,1
E0012660,U04841,First_Action,2024-01-05,3
E0012661,U04842,Install,2024-01-26,0
E0012662,U04843,Install,2024-04-15,0
E0012663,U04843,Signup,2024-04-15,0
E0012664,U04843,Onboarding,2024-04-16,1
E0012665,U04843,First_Action,2024-04-18,3
E0012666,U04843,Day1_Active,2024-04-19,4
E0012667,U04844,Install,2024-04-01,0
E0012668,U04844,Signup,2024-04-01,0
E0012669,U04844,Onboarding,2024-04-02,1
E0012670,U04845,Install,2024-05-26,0
E0012671,U04845,Signup,2024-05-26,0
E0012672,U04846,Install,2024-02-11,0
E0012673,U04846,Signup,2024-02-11,0
E0012674,U04846,Onboarding,2024-02-12,1
E0012675,U04846,First_Action,2024-02-14,3
E0012676,U04846,Day1_Active,2024-02-15,4
E0012677,U04846,Day7_Active,2024-02-21,10
E0012678,U04847,Install,2024-05-21,0
E0012679,U04848,Install,2024-04-23,0
E0012680,U04848,Signup,2024-04-23,0
E0012681,U04848,Onboarding,2024-04-24,1
E0012682,U04848,First_Action,2024-04-26,3
E0012683,U04849,Install,2024-03-19,0
E0012684,U04849,Signup,2024-03-19,0
E0012685,U04850,Install,2024-06-01,0
E0012686,U04851,Install,2024-03-24,0
E0012687,U04851,Signup,2024-03-24,0
E0012688,U04851,Onboarding,2024-03-25,1
E0012689,U04851,First_Action,2024-03-27,3
E0012690,U04852,Install,2024-05-21,0
E0012691,U04852,Signup,2024-05-21,0
E0012692,U04853,Install,2024-05-30,0
E0012693,U04853,Signup,2024-05-30,0
E0012694,U04853,Onboarding,2024-05-31,1
E0012695,U04853,First_Action,2024-06-02,3
E0012696,U04854,Install,2024-05-16,0
E0012697,U04855,Install,2024-05-19,0
E0012698,U04856,Install,2024-02-15,0
E0012699,U04856,Signup,2024-02-15,0
E0012700,U04856,Onboarding,2024-02-16,1
E0012701,U04856,First_Action,2024-02-18,3
E0012702,U04857,Install,2024-03-16,0
E0012703,U04858,Install,2024-03-31,0
E0012704,U04858,Signup,2024-03-31,0
E0012705,U04858,Onboarding,2024-04-01,1
E0012706,U04858,First_Action,2024-04-03,3
E0012707,U04859,Install,2024-01-23,0
E0012708,U04860,Install,2024-01-05,0
E0012709,U04860,Signup,2024-01-05,0
E0012710,U04860,Onboarding,2024-01-06,1
E0012711,U04861,Install,2024-03-05,0
E0012712,U04862,Install,2024-05-25,0
E0012713,U04863,Install,2024-01-10,0
E0012714,U04863,Signup,2024-01-10,0
E0012715,U04863,Onboarding,2024-01-11,1
E0012716,U04864,Install,2024-01-30,0
E0012717,U04864,Signup,2024-01-30,0
E0012718,U04864,Onboarding,2024-01-31,1
E0012719,U04865,Install,2024-01-02,0
E0012720,U04866,Install,2024-06-20,0
E0012721,U04866,Signup,2024-06-20,0
E0012722,U04866,Onboarding,2024-06-21,1
E0012723,U04866,First_Action,2024-06-23,3
E0012724,U04866,Day1_Active,2024-06-24,4
E0012725,U04867,Install,2024-06-24,0
E0012726,U04867,Signup,2024-06-24,0
E0012727,U04868,Install,2024-03-04,0
E0012728,U04868,Signup,2024-03-04,0
E0012729,U04868,Onboarding,2024-03-05,1
E0012730,U04869,Install,2024-06-01,0
E0012731,U04869,Signup,2024-06-01,0
E0012732,U04869,Onboarding,2024-06-02,1
E0012733,U04869,First_Action,2024-06-04,3
E0012734,U04870,Install,2024-01-13,0
E0012735,U04871,Install,2024-05-18,0
E0012736,U04872,Install,2024-06-13,0
E0012737,U04872,Signup,2024-06-13,0
E0012738,U04873,Install,2024-05-19,0
E0012739,U04873,Signup,2024-05-19,0
E0012740,U04873,Onboarding,2024-05-20,1
E0012741,U04873,First_Action,2024-05-22,3
E0012742,U04874,Install,2024-03-03,0
E0012743,U04874,Signup,2024-03-03,0
E0012744,U04874,Onboarding,2024-03-04,1
E0012745,U04875,Install,2024-05-07,0
E0012746,U04875,Signup,2024-05-07,0
E0012747,U04875,Onboarding,2024-05-08,1
E0012748,U04875,First_Action,2024-05-10,3
E0012749,U04876,Install,2024-06-16,0
E0012750,U04876,Signup,2024-06-16,0
E0012751,U04877,Install,2024-03-05,0
E0012752,U04877,Signup,2024-03-05,0
E0012753,U04877,Onboarding,2024-03-06,1
E0012754,U04878,Install,2024-05-28,0
E0012755,U04879,Install,2024-03-28,0
E0012756,U04879,Signup,2024-03-28,0
E0012757,U04880,Install,2024-01-28,0
E0012758,U04880,Signup,2024-01-28,0
E0012759,U04880,Onboarding,2024-01-29,1
E0012760,U04880,First_Action,2024-01-31,3
E0012761,U04881,Install,2024-06-15,0
E0012762,U04882,Install,2024-06-30,0
E0012763,U04882,Signup,2024-06-30,0
E0012764,U04882,Onboarding,2024-07-01,1
E0012765,U04883,Install,2024-04-19,0
E0012766,U04883,Signup,2024-04-19,0
E0012767,U04883,Onboarding,2024-04-20,1
E0012768,U04884,Install,2024-05-07,0
E0012769,U04884,Signup,2024-05-07,0
E0012770,U04885,Install,2024-03-20,0
E0012771,U04885,Signup,2024-03-20,0
E0012772,U04886,Install,2024-06-26,0
E0012773,U04886,Signup,2024-06-26,0
E0012774,U04886,Onboarding,2024-06-27,1
E0012775,U04886,First_Action,2024-06-29,3
E0012776,U04886,Day1_Active,2024-06-30,4
E0012777,U04887,Install,2024-04-29,0
E0012778,U04887,Signup,2024-04-29,0
E0012779,U04888,Install,2024-03-21,0
E0012780,U04888,Signup,2024-03-21,0
E0012781,U04888,Onboarding,2024-03-22,1
E0012782,U04888,First_Action,2024-03-24,3
E0012783,U04889,Install,2024-05-29,0
E0012784,U04889,Signup,2024-05-29,0
E0012785,U04889,Onboarding,2024-05-30,1
E0012786,U04890,Install,2024-03-01,0
E0012787,U04890,Signup,2024-03-01,0
E0012788,U04891,Install,2024-03-26,0
E0012789,U04891,Signup,2024-03-26,0
E0012790,U04891,Onboarding,2024-03-27,1
E0012791,U04892,Install,2024-02-05,0
E0012792,U04893,Install,2024-03-21,0
E0012793,U04893,Signup,2024-03-21,0
E0012794,U04893,Onboarding,2024-03-22,1
E0012795,U04894,Install,2024-03-08,0
E0012796,U04894,Signup,2024-03-08,0
E0012797,U04894,Onboarding,2024-03-09,1
E0012798,U04895,Install,2024-05-04,0
E0012799,U04895,Signup,2024-05-04,0
E0012800,U04895,Onboarding,2024-05-05,1
E0012801,U04895,First_Action,2024-05-07,3
E0012802,U04895,Day1_Active,2024-05-08,4
E0012803,U04896,Install,2024-06-30,0
E0012804,U04896,Signup,2024-06-30,0
E0012805,U04897,Install,2024-02-08,0
E0012806,U04897,Signup,2024-02-08,0
E0012807,U04897,Onboarding,2024-02-09,1
E0012808,U04898,Install,2024-03-20,0
E0012809,U04898,Signup,2024-03-20,0
E0012810,U04898,Onboarding,2024-03-21,1
E0012811,U04899,Install,2024-04-10,0
E0012812,U04899,Signup,2024-04-10,0
E0012813,U04899,Onboarding,2024-04-11,1
E0012814,U04900,Install,2024-01-24,0
E0012815,U04900,Signup,2024-01-24,0
E0012816,U04900,Onboarding,2024-01-25,1
E0012817,U04901,Install,2024-04-17,0
E0012818,U04902,Install,2024-02-08,0
E0012819,U04902,Signup,2024-02-08,0
E0012820,U04902,Onboarding,2024-02-09,1
E0012821,U04902,First_Action,2024-02-11,3
E0012822,U04902,Day1_Active,2024-02-12,4
E0012823,U04903,Install,2024-04-08,0
E0012824,U04903,Signup,2024-04-08,0
E0012825,U04904,Install,2024-03-06,0
E0012826,U04904,Signup,2024-03-06,0
E0012827,U04904,Onboarding,2024-03-07,1
E0012828,U04904,First_Action,2024-03-09,3
E0012829,U04905,Install,2024-04-14,0
E0012830,U04905,Signup,2024-04-14,0
E0012831,U04905,Onboarding,2024-04-15,1
E0012832,U04905,First_Action,2024-04-17,3
E0012833,U04906,Install,2024-06-04,0
E0012834,U04906,Signup,2024-06-04,0
E0012835,U04907,Install,2024-04-14,0
E0012836,U04907,Signup,2024-04-14,0
E0012837,U04907,Onboarding,2024-04-15,1
E0012838,U04907,First_Action,2024-04-17,3
E0012839,U04908,Install,2024-04-15,0
E0012840,U04908,Signup,2024-04-15,0
E0012841,U04908,Onboarding,2024-04-16,1
E0012842,U04909,Install,2024-04-06,0
E0012843,U04909,Signup,2024-04-06,0
E0012844,U04909,Onboarding,2024-04-07,1
E0012845,U04909,First_Action,2024-04-09,3
E0012846,U04910,Install,2024-05-24,0
E0012847,U04910,Signup,2024-05-24,0
E0012848,U04911,Install,2024-03-27,0
E0012849,U04911,Signup,2024-03-27,0
E0012850,U04911,Onboarding,2024-03-28,1
E0012851,U04911,First_Action,2024-03-30,3
E0012852,U04912,Install,2024-04-28,0
E0012853,U04912,Signup,2024-04-28,0
E0012854,U04912,Onboarding,2024-04-29,1
E0012855,U04913,Install,2024-01-15,0
E0012856,U04913,Signup,2024-01-15,0
E0012857,U04913,Onboarding,2024-01-16,1
E0012858,U04914,Install,2024-06-02,0
E0012859,U04914,Signup,2024-06-02,0
E0012860,U04914,Onboarding,2024-06-03,1
E0012861,U04915,Install,2024-06-15,0
E0012862,U04916,Install,2024-01-19,0
E0012863,U04916,Signup,2024-01-19,0
E0012864,U04916,Onboarding,2024-01-20,1
E0012865,U04917,Install,2024-01-29,0
E0012866,U04918,Install,2024-04-16,0
E0012867,U04918,Signup,2024-04-16,0
E0012868,U04918,Onboarding,2024-04-17,1
E0012869,U04918,First_Action,2024-04-19,3
E0012870,U04919,Install,2024-06-16,0
E0012871,U04919,Signup,2024-06-16,0
E0012872,U04919,Onboarding,2024-06-17,1
E0012873,U04919,First_Action,2024-06-19,3
E0012874,U04920,Install,2024-06-07,0
E0012875,U04920,Signup,2024-06-07,0
E0012876,U04920,Onboarding,2024-06-08,1
E0012877,U04921,Install,2024-05-20,0
E0012878,U04921,Signup,2024-05-20,0
E0012879,U04921,Onboarding,2024-05-21,1
E0012880,U04921,First_Action,2024-05-23,3
E0012881,U04922,Install,2024-06-26,0
E0012882,U04923,Install,2024-05-27,0
E0012883,U04923,Signup,2024-05-27,0
E0012884,U04924,Install,2024-05-28,0
E0012885,U04925,Install,2024-04-16,0
E0012886,U04925,Signup,2024-04-16,0
E0012887,U04925,Onboarding,2024-04-17,1
E0012888,U04925,First_Action,2024-04-19,3
E0012889,U04925,Day1_Active,2024-04-20,4
E0012890,U04925,Day7_Active,2024-04-26,10
E0012891,U04926,Install,2024-04-22,0
E0012892,U04927,Install,2024-04-28,0
E0012893,U04927,Signup,2024-04-28,0
E0012894,U04928,Install,2024-05-17,0
E0012895,U04928,Signup,2024-05-17,0
E0012896,U04928,Onboarding,2024-05-18,1
E0012897,U04929,Install,2024-03-22,0
E0012898,U04930,Install,2024-06-06,0
E0012899,U04930,Signup,2024-06-06,0
E0012900,U04931,Install,2024-04-12,0
E0012901,U04932,Install,2024-04-12,0
E0012902,U04932,Signup,2024-04-12,0
E0012903,U04932,Onboarding,2024-04-13,1
E0012904,U04933,Install,2024-01-07,0
E0012905,U04933,Signup,2024-01-07,0
E0012906,U04933,Onboarding,2024-01-08,1
E0012907,U04933,First_Action,2024-01-10,3
E0012908,U04933,Day1_Active,2024-01-11,4
E0012909,U04933,Day7_Active,2024-01-17,10
E0012910,U04934,Install,2024-01-09,0
E0012911,U04934,Signup,2024-01-09,0
E0012912,U04935,Install,2024-01-20,0
E0012913,U04935,Signup,2024-01-20,0
E0012914,U04935,Onboarding,2024-01-21,1
E0012915,U04935,First_Action,2024-01-23,3
E0012916,U04935,Day1_Active,2024-01-24,4
E0012917,U04936,Install,2024-05-27,0
E0012918,U04936,Signup,2024-05-27,0
E0012919,U04936,Onboarding,2024-05-28,1
E0012920,U04937,Install,2024-02-01,0
E0012921,U04937,Signup,2024-02-01,0
E0012922,U04938,Install,2024-03-01,0
E0012923,U04938,Signup,2024-03-01,0
E0012924,U04938,Onboarding,2024-03-02,1
E0012925,U04939,Install,2024-01-22,0
E0012926,U04940,Install,2024-05-13,0
E0012927,U04940,Signup,2024-05-13,0
E0012928,U04940,Onboarding,2024-05-14,1
E0012929,U04941,Install,2024-06-24,0
E0012930,U04941,Signup,2024-06-24,0
E0012931,U04941,Onboarding,2024-06-25,1
E0012932,U04942,Install,2024-06-15,0
E0012933,U04942,Signup,2024-06-15,0
E0012934,U04942,Onboarding,2024-06-16,1
E0012935,U04943,Install,2024-02-27,0
E0012936,U04943,Signup,2024-02-27,0
E0012937,U04944,Install,2024-06-28,0
E0012938,U04944,Signup,2024-06-28,0
E0012939,U04944,Onboarding,2024-06-29,1
E0012940,U04944,First_Action,2024-07-01,3
E0012941,U04944,Day1_Active,2024-07-02,4
E0012942,U04945,Install,2024-01-18,0
E0012943,U04946,Install,2024-01-14,0
E0012944,U04946,Signup,2024-01-14,0
E0012945,U04947,Install,2024-04-05,0
E0012946,U04947,Signup,2024-04-05,0
E0012947,U04947,Onboarding,2024-04-06,1
E0012948,U04948,Install,2024-06-09,0
E0012949,U04949,Install,2024-02-14,0
E0012950,U04949,Signup,2024-02-14,0
E0012951,U04949,Onboarding,2024-02-15,1
E0012952,U04950,Install,2024-03-09,0
E0012953,U04950,Signup,2024-03-09,0
E0012954,U04950,Onboarding,2024-03-10,1
E0012955,U04950,First_Action,2024-03-12,3
E0012956,U04950,Day1_Active,2024-03-13,4
E0012957,U04951,Install,2024-02-28,0
E0012958,U04951,Signup,2024-02-28,0
E0012959,U04951,Onboarding,2024-02-29,1
E0012960,U04951,First_Action,2024-03-02,3
E0012961,U04951,Day1_Active,2024-03-03,4
E0012962,U04952,Install,2024-03-20,0
E0012963,U04952,Signup,2024-03-20,0
E0012964,U04953,Install,2024-06-06,0
E0012965,U04953,Signup,2024-06-06,0
E0012966,U04953,Onboarding,2024-06-07,1
E0012967,U04954,Install,2024-03-13,0
E0012968,U04954,Signup,2024-03-13,0
E0012969,U04954,Onboarding,2024-03-14,1
E0012970,U04954,First_Action,2024-03-16,3
E0012971,U04954,Day1_Active,2024-03-17,4
E0012972,U04954,Day7_Active,2024-03-23,10
E0012973,U04955,Install,2024-06-23,0
E0012974,U04955,Signup,2024-06-23,0
E0012975,U04955,Onboarding,2024-06-24,1
E0012976,U04955,First_Action,2024-06-26,3
E0012977,U04955,Day1_Active,2024-06-27,4
E0012978,U04955,Day7_Active,2024-07-03,10
E0012979,U04956,Install,2024-06-05,0
E0012980,U04957,Install,2024-05-26,0
E0012981,U04958,Install,2024-04-06,0
E0012982,U04958,Signup,2024-04-06,0
E0012983,U04958,Onboarding,2024-04-07,1
E0012984,U04958,First_Action,2024-04-09,3
E0012985,U04958,Day1_Active,2024-04-10,4
E0012986,U04959,Install,2024-04-27,0
E0012987,U04959,Signup,2024-04-27,0
E0012988,U04960,Install,2024-04-10,0
E0012989,U04960,Signup,2024-04-10,0
E0012990,U04960,Onboarding,2024-04-11,1
E0012991,U04961,Install,2024-02-24,0
E0012992,U04961,Signup,2024-02-24,0
E0012993,U04962,Install,2024-06-21,0
E0012994,U04962,Signup,2024-06-21,0
E0012995,U04962,Onboarding,2024-06-22,1
E0012996,U04963,Install,2024-04-21,0
E0012997,U04963,Signup,2024-04-21,0
E0012998,U04963,Onboarding,2024-04-22,1
E0012999,U04964,Install,2024-05-31,0
E0013000,U04964,Signup,2024-05-31,0
E0013001,U04965,Install,2024-05-12,0
E0013002,U04966,Install,2024-04-18,0
E0013003,U04966,Signup,2024-04-18,0
E0013004,U04967,Install,2024-02-12,0
E0013005,U04967,Signup,2024-02-12,0
E0013006,U04967,Onboarding,2024-02-13,1
E0013007,U04967,First_Action,2024-02-15,3
E0013008,U04967,Day1_Active,2024-02-16,4
E0013009,U04967,Day7_Active,2024-02-22,10
E0013010,U04968,Install,2024-01-14,0
E0013011,U04968,Signup,2024-01-14,0
E0013012,U04968,Onboarding,2024-01-15,1
E0013013,U04968,First_Action,2024-01-17,3
E0013014,U04968,Day1_Active,2024-01-18,4
E0013015,U04968,Day7_Active,2024-01-24,10
E0013016,U04969,Install,2024-05-16,0
E0013017,U04970,Install,2024-03-08,0
E0013018,U04970,Signup,2024-03-08,0
E0013019,U04970,Onboarding,2024-03-09,1
E0013020,U04970,First_Action,2024-03-11,3
E0013021,U04971,Install,2024-03-26,0
E0013022,U04971,Signup,2024-03-26,0
E0013023,U04971,Onboarding,2024-03-27,1
E0013024,U04971,First_Action,2024-03-29,3
E0013025,U04971,Day1_Active,2024-03-30,4
E0013026,U04971,Day7_Active,2024-04-05,10
E0013027,U04972,Install,2024-05-03,0
E0013028,U04973,Install,2024-03-13,0
E0013029,U04973,Signup,2024-03-13,0
E0013030,U04974,Install,2024-04-08,0
E0013031,U04974,Signup,2024-04-08,0
E0013032,U04974,Onboarding,2024-04-09,1
E0013033,U04974,First_Action,2024-04-11,3
E0013034,U04975,Install,2024-05-20,0
E0013035,U04976,Install,2024-04-20,0
E0013036,U04976,Signup,2024-04-20,0
E0013037,U04976,Onboarding,2024-04-21,1
E0013038,U04977,Install,2024-02-06,0
E0013039,U04978,Install,2024-06-07,0
E0013040,U04978,Signup,2024-06-07,0
E0013041,U04978,Onboarding,2024-06-08,1
E0013042,U04978,First_Action,2024-06-10,3
E0013043,U04979,Install,2024-04-28,0
E0013044,U04980,Install,2024-03-16,0
E0013045,U04981,Install,2024-02-04,0
E0013046,U04982,Install,2024-01-01,0
E0013047,U04982,Signup,2024-01-01,0
E0013048,U04983,Install,2024-01-17,0
E0013049,U04984,Install,2024-01-07,0
E0013050,U04984,Signup,2024-01-07,0
E0013051,U04984,Onboarding,2024-01-08,1
E0013052,U04985,Install,2024-05-02,0
E0013053,U04985,Signup,2024-05-02,0
E0013054,U04985,Onboarding,2024-05-03,1
E0013055,U04986,Install,2024-01-18,0
E0013056,U04986,Signup,2024-01-18,0
E0013057,U04986,Onboarding,2024-01-19,1
E0013058,U04987,Install,2024-03-02,0
E0013059,U04987,Signup,2024-03-02,0
E0013060,U04987,Onboarding,2024-03-03,1
E0013061,U04987,First_Action,2024-03-05,3
E0013062,U04987,Day1_Active,2024-03-06,4
E0013063,U04987,Day7_Active,2024-03-12,10
E0013064,U04988,Install,2024-03-26,0
E0013065,U04988,Signup,2024-03-26,0
E0013066,U04989,Install,2024-01-09,0
E0013067,U04989,Signup,2024-01-09,0
E0013068,U04990,Install,2024-02-24,0
E0013069,U04991,Install,2024-05-05,0
E0013070,U04991,Signup,2024-05-05,0
E0013071,U04991,Onboarding,2024-05-06,1
E0013072,U04992,Install,2024-03-31,0
E0013073,U04992,Signup,2024-03-31,0
E0013074,U04993,Install,2024-02-23,0
E0013075,U04993,Signup,2024-02-23,0
E0013076,U04993,Onboarding,2024-02-24,1
E0013077,U04994,Install,2024-05-18,0
E0013078,U04994,Signup,2024-05-18,0
E0013079,U04994,Onboarding,2024-05-19,1
E0013080,U04994,First_Action,2024-05-21,3
E0013081,U04995,Install,2024-03-17,0
E0013082,U04995,Signup,2024-03-17,0
E0013083,U04996,Install,2024-04-20,0
E0013084,U04996,Signup,2024-04-20,0
E0013085,U04997,Install,2024-05-21,0
E0013086,U04998,Install,2024-05-13,0
E0013087,U04998,Signup,2024-05-13,0
E0013088,U04998,Onboarding,2024-05-14,1
E0013089,U04998,First_Action,2024-05-16,3
E0013090,U04999,Install,2024-06-06,0
E0013091,U05000,Install,2024-05-17,0
E0013092,U05000,Signup,2024-05-17,0
